{"tilemap": {"0;10": {"type": "grass", "variant": 7, "pos": [0, 10]}, "1;10": {"type": "grass", "variant": 8, "pos": [1, 10]}, "2;10": {"type": "grass", "variant": 8, "pos": [2, 10]}, "3;10": {"type": "grass", "variant": 1, "pos": [3, 10]}, "4;10": {"type": "grass", "variant": 1, "pos": [4, 10]}, "5;10": {"type": "grass", "variant": 1, "pos": [5, 10]}, "6;10": {"type": "grass", "variant": 1, "pos": [6, 10]}, "7;10": {"type": "grass", "variant": 1, "pos": [7, 10]}, "8;10": {"type": "grass", "variant": 1, "pos": [8, 10]}, "9;10": {"type": "grass", "variant": 1, "pos": [9, 10]}, "10;10": {"type": "grass", "variant": 1, "pos": [10, 10]}, "11;10": {"type": "grass", "variant": 1, "pos": [11, 10]}, "12;10": {"type": "grass", "variant": 1, "pos": [12, 10]}, "13;10": {"type": "grass", "variant": 1, "pos": [13, 10]}, "13;11": {"type": "grass", "variant": 5, "pos": [13, 11]}, "12;11": {"type": "grass", "variant": 5, "pos": [12, 11]}, "11;11": {"type": "grass", "variant": 5, "pos": [11, 11]}, "10;11": {"type": "grass", "variant": 5, "pos": [10, 11]}, "9;11": {"type": "grass", "variant": 5, "pos": [9, 11]}, "8;11": {"type": "grass", "variant": 5, "pos": [8, 11]}, "7;11": {"type": "grass", "variant": 5, "pos": [7, 11]}, "6;11": {"type": "grass", "variant": 5, "pos": [6, 11]}, "5;11": {"type": "grass", "variant": 5, "pos": [5, 11]}, "4;11": {"type": "grass", "variant": 5, "pos": [4, 11]}, "3;11": {"type": "grass", "variant": 5, "pos": [3, 11]}, "2;11": {"type": "grass", "variant": 5, "pos": [2, 11]}, "1;11": {"type": "grass", "variant": 5, "pos": [1, 11]}, "0;11": {"type": "grass", "variant": 6, "pos": [0, 11]}, "14;10": {"type": "grass", "variant": 1, "pos": [14, 10]}, "14;11": {"type": "grass", "variant": 5, "pos": [14, 11]}, "15;10": {"type": "grass", "variant": 1, "pos": [15, 10]}, "15;11": {"type": "grass", "variant": 5, "pos": [15, 11]}, "18;10": {"type": "grass", "variant": 1, "pos": [18, 10]}, "19;10": {"type": "grass", "variant": 1, "pos": [19, 10]}, "20;10": {"type": "grass", "variant": 1, "pos": [20, 10]}, "18;11": {"type": "grass", "variant": 5, "pos": [18, 11]}, "19;11": {"type": "grass", "variant": 5, "pos": [19, 11]}, "20;11": {"type": "grass", "variant": 5, "pos": [20, 11]}, "21;11": {"type": "grass", "variant": 5, "pos": [21, 11]}, "22;11": {"type": "grass", "variant": 5, "pos": [22, 11]}, "21;10": {"type": "grass", "variant": 1, "pos": [21, 10]}, "22;10": {"type": "grass", "variant": 1, "pos": [22, 10]}, "25;10": {"type": "grass", "variant": 1, "pos": [25, 10]}, "25;11": {"type": "grass", "variant": 5, "pos": [25, 11]}, "26;11": {"type": "grass", "variant": 5, "pos": [26, 11]}, "26;10": {"type": "grass", "variant": 13, "pos": [26, 10]}, "26;9": {"type": "grass", "variant": 0, "pos": [26, 9]}, "27;9": {"type": "grass", "variant": 13, "pos": [27, 9]}, "27;10": {"type": "grass", "variant": 8, "pos": [27, 10]}, "27;11": {"type": "grass", "variant": 5, "pos": [27, 11]}, "27;8": {"type": "grass", "variant": 0, "pos": [27, 8]}, "28;8": {"type": "grass", "variant": 13, "pos": [28, 8]}, "28;9": {"type": "grass", "variant": 8, "pos": [28, 9]}, "28;10": {"type": "grass", "variant": 8, "pos": [28, 10]}, "28;11": {"type": "grass", "variant": 5, "pos": [28, 11]}, "29;11": {"type": "grass", "variant": 5, "pos": [29, 11]}, "29;10": {"type": "grass", "variant": 8, "pos": [29, 10]}, "29;9": {"type": "grass", "variant": 3, "pos": [29, 9]}, "29;8": {"type": "grass", "variant": 3, "pos": [29, 8]}, "28;7": {"type": "grass", "variant": 0, "pos": [28, 7]}, "29;7": {"type": "grass", "variant": 2, "pos": [29, 7]}, "30;10": {"type": "grass", "variant": 1, "pos": [30, 10]}, "31;10": {"type": "grass", "variant": 1, "pos": [31, 10]}, "32;10": {"type": "grass", "variant": 1, "pos": [32, 10]}, "30;11": {"type": "grass", "variant": 5, "pos": [30, 11]}, "31;11": {"type": "grass", "variant": 5, "pos": [31, 11]}, "32;11": {"type": "grass", "variant": 5, "pos": [32, 11]}, "33;11": {"type": "grass", "variant": 5, "pos": [33, 11]}, "33;10": {"type": "grass", "variant": 8, "pos": [33, 10]}, "33;9": {"type": "grass", "variant": 7, "pos": [33, 9]}, "33;8": {"type": "grass", "variant": 7, "pos": [33, 8]}, "33;7": {"type": "grass", "variant": 0, "pos": [33, 7]}, "34;7": {"type": "grass", "variant": 2, "pos": [34, 7]}, "34;8": {"type": "grass", "variant": 14, "pos": [34, 8]}, "34;9": {"type": "grass", "variant": 8, "pos": [34, 9]}, "34;10": {"type": "grass", "variant": 19, "pos": [34, 10]}, "34;11": {"type": "grass", "variant": 5, "pos": [34, 11]}, "35;8": {"type": "grass", "variant": 2, "pos": [35, 8]}, "35;9": {"type": "grass", "variant": 14, "pos": [35, 9]}, "35;10": {"type": "grass", "variant": 8, "pos": [35, 10]}, "35;11": {"type": "grass", "variant": 5, "pos": [35, 11]}, "36;9": {"type": "grass", "variant": 2, "pos": [36, 9]}, "36;10": {"type": "grass", "variant": 14, "pos": [36, 10]}, "36;11": {"type": "grass", "variant": 5, "pos": [36, 11]}, "37;10": {"type": "grass", "variant": 1, "pos": [37, 10]}, "37;11": {"type": "grass", "variant": 5, "pos": [37, 11]}, "45;10": {"type": "grass", "variant": 1, "pos": [45, 10]}, "46;10": {"type": "grass", "variant": 1, "pos": [46, 10]}, "46;11": {"type": "grass", "variant": 5, "pos": [46, 11]}, "47;11": {"type": "grass", "variant": 5, "pos": [47, 11]}, "47;10": {"type": "grass", "variant": 1, "pos": [47, 10]}, "45;11": {"type": "grass", "variant": 5, "pos": [45, 11]}, "40;9": {"type": "grass", "variant": 0, "pos": [40, 9]}, "41;9": {"type": "grass", "variant": 1, "pos": [41, 9]}, "42;9": {"type": "grass", "variant": 2, "pos": [42, 9]}, "42;10": {"type": "grass", "variant": 3, "pos": [42, 10]}, "41;10": {"type": "grass", "variant": 8, "pos": [41, 10]}, "40;10": {"type": "grass", "variant": 13, "pos": [40, 10]}, "48;10": {"type": "grass", "variant": 1, "pos": [48, 10]}, "49;10": {"type": "grass", "variant": 1, "pos": [49, 10]}, "50;10": {"type": "grass", "variant": 1, "pos": [50, 10]}, "51;10": {"type": "grass", "variant": 1, "pos": [51, 10]}, "52;11": {"type": "grass", "variant": 5, "pos": [52, 11]}, "51;11": {"type": "grass", "variant": 5, "pos": [51, 11]}, "50;11": {"type": "grass", "variant": 5, "pos": [50, 11]}, "49;11": {"type": "grass", "variant": 5, "pos": [49, 11]}, "48;11": {"type": "grass", "variant": 5, "pos": [48, 11]}, "52;10": {"type": "grass", "variant": 1, "pos": [52, 10]}, "46;7": {"type": "grass", "variant": 9, "pos": [46, 7]}, "47;7": {"type": "grass", "variant": 11, "pos": [47, 7]}, "48;5": {"type": "grass", "variant": 9, "pos": [48, 5]}, "49;5": {"type": "grass", "variant": 10, "pos": [49, 5]}, "50;5": {"type": "grass", "variant": 11, "pos": [50, 5]}, "55;3": {"type": "grass", "variant": 1, "pos": [55, 3]}, "55;4": {"type": "grass", "variant": 5, "pos": [55, 4]}, "56;4": {"type": "grass", "variant": 5, "pos": [56, 4]}, "57;4": {"type": "grass", "variant": 5, "pos": [57, 4]}, "58;4": {"type": "grass", "variant": 5, "pos": [58, 4]}, "59;4": {"type": "grass", "variant": 5, "pos": [59, 4]}, "60;4": {"type": "grass", "variant": 5, "pos": [60, 4]}, "61;4": {"type": "grass", "variant": 5, "pos": [61, 4]}, "62;4": {"type": "grass", "variant": 5, "pos": [62, 4]}, "62;3": {"type": "grass", "variant": 13, "pos": [62, 3]}, "61;3": {"type": "grass", "variant": 1, "pos": [61, 3]}, "60;3": {"type": "grass", "variant": 1, "pos": [60, 3]}, "56;3": {"type": "grass", "variant": 1, "pos": [56, 3]}, "57;3": {"type": "grass", "variant": 1, "pos": [57, 3]}, "58;3": {"type": "grass", "variant": 1, "pos": [58, 3]}, "59;3": {"type": "grass", "variant": 1, "pos": [59, 3]}, "55;10": {"type": "grass", "variant": 1, "pos": [55, 10]}, "56;10": {"type": "grass", "variant": 1, "pos": [56, 10]}, "57;10": {"type": "grass", "variant": 13, "pos": [57, 10]}, "58;10": {"type": "grass", "variant": 3, "pos": [58, 10]}, "58;11": {"type": "grass", "variant": 4, "pos": [58, 11]}, "57;11": {"type": "grass", "variant": 5, "pos": [57, 11]}, "56;11": {"type": "grass", "variant": 5, "pos": [56, 11]}, "55;11": {"type": "grass", "variant": 5, "pos": [55, 11]}, "61;10": {"type": "grass", "variant": 7, "pos": [61, 10]}, "61;11": {"type": "grass", "variant": 6, "pos": [61, 11]}, "62;11": {"type": "grass", "variant": 5, "pos": [62, 11]}, "63;11": {"type": "grass", "variant": 5, "pos": [63, 11]}, "64;11": {"type": "grass", "variant": 5, "pos": [64, 11]}, "64;10": {"type": "grass", "variant": 1, "pos": [64, 10]}, "63;10": {"type": "grass", "variant": 1, "pos": [63, 10]}, "62;10": {"type": "grass", "variant": 14, "pos": [62, 10]}, "65;3": {"type": "grass", "variant": 3, "pos": [65, 3]}, "65;4": {"type": "grass", "variant": 4, "pos": [65, 4]}, "87;0": {"type": "grass", "variant": 0, "pos": [87, 0]}, "88;0": {"type": "grass", "variant": 2, "pos": [88, 0]}, "74;-3": {"type": "grass", "variant": 1, "pos": [74, -3]}, "83;-3": {"type": "grass", "variant": 1, "pos": [83, -3]}, "92;10": {"type": "grass", "variant": 1, "pos": [92, 10]}, "93;10": {"type": "grass", "variant": 1, "pos": [93, 10]}, "100;10": {"type": "grass", "variant": 0, "pos": [100, 10]}, "103;10": {"type": "grass", "variant": 1, "pos": [103, 10]}, "104;10": {"type": "grass", "variant": 1, "pos": [104, 10]}, "105;10": {"type": "grass", "variant": 1, "pos": [105, 10]}, "106;10": {"type": "grass", "variant": 1, "pos": [106, 10]}, "92;11": {"type": "grass", "variant": 5, "pos": [92, 11]}, "93;11": {"type": "grass", "variant": 5, "pos": [93, 11]}, "94;11": {"type": "grass", "variant": 5, "pos": [94, 11]}, "100;11": {"type": "grass", "variant": 6, "pos": [100, 11]}, "103;11": {"type": "grass", "variant": 5, "pos": [103, 11]}, "104;11": {"type": "grass", "variant": 5, "pos": [104, 11]}, "105;11": {"type": "grass", "variant": 5, "pos": [105, 11]}, "106;11": {"type": "grass", "variant": 5, "pos": [106, 11]}, "107;11": {"type": "grass", "variant": 5, "pos": [107, 11]}, "107;10": {"type": "grass", "variant": 13, "pos": [107, 10]}, "107;9": {"type": "grass", "variant": 7, "pos": [107, 9]}, "108;9": {"type": "grass", "variant": 8, "pos": [108, 9]}, "108;10": {"type": "grass", "variant": 19, "pos": [108, 10]}, "108;11": {"type": "grass", "variant": 5, "pos": [108, 11]}, "109;11": {"type": "grass", "variant": 5, "pos": [109, 11]}, "109;10": {"type": "grass", "variant": 8, "pos": [109, 10]}, "109;9": {"type": "grass", "variant": 8, "pos": [109, 9]}, "109;8": {"type": "grass", "variant": 13, "pos": [109, 8]}, "110;8": {"type": "grass", "variant": 8, "pos": [110, 8]}, "111;8": {"type": "grass", "variant": 3, "pos": [111, 8]}, "111;9": {"type": "grass", "variant": 3, "pos": [111, 9]}, "111;10": {"type": "grass", "variant": 14, "pos": [111, 10]}, "111;11": {"type": "grass", "variant": 5, "pos": [111, 11]}, "110;11": {"type": "grass", "variant": 5, "pos": [110, 11]}, "110;10": {"type": "grass", "variant": 8, "pos": [110, 10]}, "110;9": {"type": "grass", "variant": 19, "pos": [110, 9]}, "107;8": {"type": "grass", "variant": 0, "pos": [107, 8]}, "108;8": {"type": "grass", "variant": 1, "pos": [108, 8]}, "109;7": {"type": "grass", "variant": 7, "pos": [109, 7]}, "109;6": {"type": "grass", "variant": 0, "pos": [109, 6]}, "110;6": {"type": "grass", "variant": 1, "pos": [110, 6]}, "111;6": {"type": "grass", "variant": 2, "pos": [111, 6]}, "111;7": {"type": "grass", "variant": 3, "pos": [111, 7]}, "110;7": {"type": "grass", "variant": 8, "pos": [110, 7]}, "91;2": {"type": "grass", "variant": 0, "pos": [91, 2]}, "91;3": {"type": "grass", "variant": 6, "pos": [91, 3]}, "92;3": {"type": "grass", "variant": 4, "pos": [92, 3]}, "92;2": {"type": "grass", "variant": 2, "pos": [92, 2]}, "73;-3": {"type": "grass", "variant": 1, "pos": [73, -3]}, "75;-3": {"type": "grass", "variant": 1, "pos": [75, -3]}, "84;-3": {"type": "grass", "variant": 2, "pos": [84, -3]}, "95;5": {"type": "grass", "variant": 9, "pos": [95, 5]}, "72;4": {"type": "grass", "variant": 2, "pos": [72, 4]}, "72;5": {"type": "grass", "variant": 3, "pos": [72, 5]}, "72;6": {"type": "grass", "variant": 14, "pos": [72, 6]}, "73;6": {"type": "grass", "variant": 1, "pos": [73, 6]}, "74;6": {"type": "grass", "variant": 1, "pos": [74, 6]}, "75;6": {"type": "grass", "variant": 1, "pos": [75, 6]}, "76;6": {"type": "grass", "variant": 13, "pos": [76, 6]}, "76;5": {"type": "grass", "variant": 7, "pos": [76, 5]}, "76;4": {"type": "grass", "variant": 0, "pos": [76, 4]}, "77;4": {"type": "grass", "variant": 2, "pos": [77, 4]}, "77;5": {"type": "grass", "variant": 3, "pos": [77, 5]}, "77;6": {"type": "grass", "variant": 14, "pos": [77, 6]}, "77;7": {"type": "grass", "variant": 8, "pos": [77, 7]}, "76;7": {"type": "grass", "variant": 8, "pos": [76, 7]}, "75;7": {"type": "grass", "variant": 8, "pos": [75, 7]}, "74;7": {"type": "grass", "variant": 8, "pos": [74, 7]}, "73;7": {"type": "grass", "variant": 8, "pos": [73, 7]}, "72;7": {"type": "grass", "variant": 19, "pos": [72, 7]}, "71;7": {"type": "grass", "variant": 8, "pos": [71, 7]}, "71;6": {"type": "grass", "variant": 13, "pos": [71, 6]}, "71;5": {"type": "grass", "variant": 7, "pos": [71, 5]}, "71;4": {"type": "grass", "variant": 0, "pos": [71, 4]}, "46;9": {"type": "decor/fence", "variant": 9, "pos": [46, 9]}, "51;9": {"type": "decor/fence", "variant": 10, "pos": [51, 9]}, "47;9": {"type": "decor/fence", "variant": 10, "pos": [47, 9]}, "48;9": {"type": "decor/fence", "variant": 10, "pos": [48, 9]}, "49;9": {"type": "decor/fence", "variant": 10, "pos": [49, 9]}, "50;9": {"type": "decor/fence", "variant": 10, "pos": [50, 9]}, "30;9": {"type": "decor/tree", "variant": 0, "pos": [30, 9]}, "32;9": {"type": "decor/tree", "variant": 0, "pos": [32, 9]}, "0;9": {"type": "grass", "variant": 7, "pos": [0, 9]}, "0;8": {"type": "grass", "variant": 7, "pos": [0, 8]}, "0;7": {"type": "grass", "variant": 7, "pos": [0, 7]}, "0;6": {"type": "grass", "variant": 0, "pos": [0, 6]}, "1;6": {"type": "grass", "variant": 1, "pos": [1, 6]}, "1;7": {"type": "grass", "variant": 8, "pos": [1, 7]}, "1;8": {"type": "grass", "variant": 8, "pos": [1, 8]}, "1;9": {"type": "grass", "variant": 8, "pos": [1, 9]}, "2;6": {"type": "grass", "variant": 2, "pos": [2, 6]}, "2;7": {"type": "grass", "variant": 3, "pos": [2, 7]}, "2;8": {"type": "grass", "variant": 3, "pos": [2, 8]}, "2;9": {"type": "grass", "variant": 3, "pos": [2, 9]}, "71;8": {"type": "grass", "variant": 8, "pos": [71, 8]}, "72;8": {"type": "grass", "variant": 8, "pos": [72, 8]}, "73;8": {"type": "grass", "variant": 8, "pos": [73, 8]}, "74;8": {"type": "grass", "variant": 8, "pos": [74, 8]}, "75;8": {"type": "grass", "variant": 19, "pos": [75, 8]}, "76;8": {"type": "grass", "variant": 8, "pos": [76, 8]}, "77;8": {"type": "grass", "variant": 8, "pos": [77, 8]}, "40;11": {"type": "grass", "variant": 5, "pos": [40, 11]}, "41;11": {"type": "grass", "variant": 5, "pos": [41, 11]}, "42;11": {"type": "grass", "variant": 4, "pos": [42, 11]}, "16;10": {"type": "grass", "variant": 1, "pos": [16, 10]}, "17;10": {"type": "grass", "variant": 1, "pos": [17, 10]}, "17;11": {"type": "grass", "variant": 5, "pos": [17, 11]}, "16;11": {"type": "grass", "variant": 5, "pos": [16, 11]}, "23;10": {"type": "grass", "variant": 1, "pos": [23, 10]}, "24;10": {"type": "grass", "variant": 1, "pos": [24, 10]}, "24;11": {"type": "grass", "variant": 5, "pos": [24, 11]}, "23;11": {"type": "grass", "variant": 5, "pos": [23, 11]}, "38;10": {"type": "grass", "variant": 1, "pos": [38, 10]}, "39;10": {"type": "grass", "variant": 1, "pos": [39, 10]}, "39;11": {"type": "grass", "variant": 5, "pos": [39, 11]}, "38;11": {"type": "grass", "variant": 5, "pos": [38, 11]}, "53;10": {"type": "grass", "variant": 1, "pos": [53, 10]}, "54;10": {"type": "grass", "variant": 1, "pos": [54, 10]}, "54;11": {"type": "grass", "variant": 5, "pos": [54, 11]}, "53;11": {"type": "grass", "variant": 5, "pos": [53, 11]}, "53;3": {"type": "grass", "variant": 0, "pos": [53, 3]}, "54;3": {"type": "grass", "variant": 1, "pos": [54, 3]}, "54;4": {"type": "grass", "variant": 5, "pos": [54, 4]}, "53;4": {"type": "grass", "variant": 6, "pos": [53, 4]}, "44;10": {"type": "grass", "variant": 0, "pos": [44, 10]}, "44;11": {"type": "grass", "variant": 6, "pos": [44, 11]}, "65;10": {"type": "grass", "variant": 1, "pos": [65, 10]}, "66;10": {"type": "grass", "variant": 1, "pos": [66, 10]}, "67;10": {"type": "grass", "variant": 13, "pos": [67, 10]}, "68;10": {"type": "grass", "variant": 8, "pos": [68, 10]}, "69;10": {"type": "grass", "variant": 8, "pos": [69, 10]}, "70;10": {"type": "grass", "variant": 8, "pos": [70, 10]}, "70;11": {"type": "grass", "variant": 5, "pos": [70, 11]}, "69;11": {"type": "grass", "variant": 5, "pos": [69, 11]}, "68;11": {"type": "grass", "variant": 5, "pos": [68, 11]}, "67;11": {"type": "grass", "variant": 5, "pos": [67, 11]}, "66;11": {"type": "grass", "variant": 5, "pos": [66, 11]}, "65;11": {"type": "grass", "variant": 5, "pos": [65, 11]}, "71;9": {"type": "grass", "variant": 8, "pos": [71, 9]}, "71;10": {"type": "grass", "variant": 19, "pos": [71, 10]}, "71;11": {"type": "grass", "variant": 5, "pos": [71, 11]}, "72;11": {"type": "grass", "variant": 5, "pos": [72, 11]}, "73;11": {"type": "grass", "variant": 5, "pos": [73, 11]}, "74;11": {"type": "grass", "variant": 5, "pos": [74, 11]}, "75;11": {"type": "grass", "variant": 5, "pos": [75, 11]}, "76;11": {"type": "grass", "variant": 5, "pos": [76, 11]}, "77;11": {"type": "grass", "variant": 5, "pos": [77, 11]}, "77;10": {"type": "grass", "variant": 19, "pos": [77, 10]}, "77;9": {"type": "grass", "variant": 8, "pos": [77, 9]}, "76;9": {"type": "grass", "variant": 8, "pos": [76, 9]}, "75;9": {"type": "grass", "variant": 8, "pos": [75, 9]}, "74;9": {"type": "grass", "variant": 8, "pos": [74, 9]}, "73;9": {"type": "grass", "variant": 8, "pos": [73, 9]}, "72;9": {"type": "grass", "variant": 19, "pos": [72, 9]}, "72;10": {"type": "grass", "variant": 19, "pos": [72, 10]}, "73;10": {"type": "grass", "variant": 8, "pos": [73, 10]}, "74;10": {"type": "grass", "variant": 8, "pos": [74, 10]}, "75;10": {"type": "grass", "variant": 8, "pos": [75, 10]}, "76;10": {"type": "grass", "variant": 8, "pos": [76, 10]}, "63;3": {"type": "grass", "variant": 8, "pos": [63, 3]}, "64;3": {"type": "grass", "variant": 19, "pos": [64, 3]}, "64;4": {"type": "grass", "variant": 5, "pos": [64, 4]}, "63;4": {"type": "grass", "variant": 5, "pos": [63, 4]}, "65;2": {"type": "grass", "variant": 3, "pos": [65, 2]}, "64;2": {"type": "grass", "variant": 8, "pos": [64, 2]}, "63;2": {"type": "grass", "variant": 8, "pos": [63, 2]}, "65;1": {"type": "grass", "variant": 3, "pos": [65, 1]}, "65;0": {"type": "grass", "variant": 3, "pos": [65, 0]}, "64;0": {"type": "grass", "variant": 7, "pos": [64, 0]}, "64;1": {"type": "grass", "variant": 13, "pos": [64, 1]}, "78;10": {"type": "grass", "variant": 8, "pos": [78, 10]}, "79;10": {"type": "grass", "variant": 8, "pos": [79, 10]}, "80;10": {"type": "grass", "variant": 8, "pos": [80, 10]}, "81;10": {"type": "grass", "variant": 14, "pos": [81, 10]}, "82;10": {"type": "grass", "variant": 1, "pos": [82, 10]}, "83;10": {"type": "grass", "variant": 1, "pos": [83, 10]}, "84;10": {"type": "grass", "variant": 1, "pos": [84, 10]}, "85;10": {"type": "grass", "variant": 1, "pos": [85, 10]}, "86;10": {"type": "grass", "variant": 1, "pos": [86, 10]}, "87;10": {"type": "grass", "variant": 1, "pos": [87, 10]}, "88;10": {"type": "grass", "variant": 1, "pos": [88, 10]}, "89;10": {"type": "grass", "variant": 1, "pos": [89, 10]}, "88;11": {"type": "grass", "variant": 5, "pos": [88, 11]}, "78;11": {"type": "grass", "variant": 5, "pos": [78, 11]}, "79;11": {"type": "grass", "variant": 5, "pos": [79, 11]}, "80;11": {"type": "grass", "variant": 5, "pos": [80, 11]}, "81;11": {"type": "grass", "variant": 5, "pos": [81, 11]}, "82;11": {"type": "grass", "variant": 5, "pos": [82, 11]}, "83;11": {"type": "grass", "variant": 5, "pos": [83, 11]}, "84;11": {"type": "grass", "variant": 5, "pos": [84, 11]}, "86;11": {"type": "grass", "variant": 5, "pos": [86, 11]}, "87;11": {"type": "grass", "variant": 5, "pos": [87, 11]}, "89;11": {"type": "grass", "variant": 5, "pos": [89, 11]}, "90;11": {"type": "grass", "variant": 5, "pos": [90, 11]}, "85;11": {"type": "grass", "variant": 5, "pos": [85, 11]}, "91;11": {"type": "grass", "variant": 5, "pos": [91, 11]}, "90;10": {"type": "grass", "variant": 1, "pos": [90, 10]}, "91;10": {"type": "grass", "variant": 1, "pos": [91, 10]}, "94;10": {"type": "grass", "variant": 1, "pos": [94, 10]}, "95;10": {"type": "grass", "variant": 1, "pos": [95, 10]}, "95;11": {"type": "grass", "variant": 5, "pos": [95, 11]}, "101;10": {"type": "grass", "variant": 1, "pos": [101, 10]}, "102;10": {"type": "grass", "variant": 1, "pos": [102, 10]}, "102;11": {"type": "grass", "variant": 5, "pos": [102, 11]}, "101;11": {"type": "grass", "variant": 5, "pos": [101, 11]}, "70;7": {"type": "grass", "variant": 8, "pos": [70, 7]}, "69;7": {"type": "grass", "variant": 7, "pos": [69, 7]}, "69;6": {"type": "grass", "variant": 0, "pos": [69, 6]}, "70;6": {"type": "grass", "variant": 1, "pos": [70, 6]}, "68;8": {"type": "grass", "variant": 1, "pos": [68, 8]}, "69;8": {"type": "grass", "variant": 13, "pos": [69, 8]}, "70;8": {"type": "grass", "variant": 8, "pos": [70, 8]}, "70;9": {"type": "grass", "variant": 8, "pos": [70, 9]}, "69;9": {"type": "grass", "variant": 8, "pos": [69, 9]}, "68;9": {"type": "grass", "variant": 8, "pos": [68, 9]}, "73;-2": {"type": "grass", "variant": 5, "pos": [73, -2]}, "74;-2": {"type": "grass", "variant": 5, "pos": [74, -2]}, "83;-2": {"type": "grass", "variant": 5, "pos": [83, -2]}, "84;-2": {"type": "grass", "variant": 4, "pos": [84, -2]}, "58;9": {"type": "grass", "variant": 13, "pos": [58, 9]}, "58;8": {"type": "grass", "variant": 0, "pos": [58, 8]}, "59;8": {"type": "grass", "variant": 1, "pos": [59, 8]}, "60;8": {"type": "grass", "variant": 1, "pos": [60, 8]}, "60;9": {"type": "grass", "variant": 5, "pos": [60, 9]}, "59;9": {"type": "grass", "variant": 5, "pos": [59, 9]}, "61;9": {"type": "grass", "variant": 14, "pos": [61, 9]}, "61;8": {"type": "grass", "variant": 2, "pos": [61, 8]}, "62;9": {"type": "grass", "variant": 2, "pos": [62, 9]}, "57;9": {"type": "grass", "variant": 0, "pos": [57, 9]}, "69;-2": {"type": "grass", "variant": 5, "pos": [69, -2]}, "68;-2": {"type": "grass", "variant": 5, "pos": [68, -2]}, "67;-2": {"type": "grass", "variant": 6, "pos": [67, -2]}, "67;8": {"type": "grass", "variant": 0, "pos": [67, 8]}, "67;9": {"type": "grass", "variant": 7, "pos": [67, 9]}, "75;-2": {"type": "grass", "variant": 5, "pos": [75, -2]}, "81;-2": {"type": "grass", "variant": 5, "pos": [81, -2]}, "81;-3": {"type": "grass", "variant": 1, "pos": [81, -3]}, "76;-2": {"type": "grass", "variant": 5, "pos": [76, -2]}, "76;-3": {"type": "grass", "variant": 1, "pos": [76, -3]}, "72;-3": {"type": "grass", "variant": 1, "pos": [72, -3]}, "72;-2": {"type": "grass", "variant": 5, "pos": [72, -2]}, "87;1": {"type": "grass", "variant": 7, "pos": [87, 1]}, "88;1": {"type": "grass", "variant": 3, "pos": [88, 1]}, "87;2": {"type": "grass", "variant": 6, "pos": [87, 2]}, "88;2": {"type": "grass", "variant": 4, "pos": [88, 2]}, "114;11": {"type": "grass", "variant": 5, "pos": [114, 11]}, "115;6": {"type": "grass", "variant": 0, "pos": [115, 6]}, "116;6": {"type": "grass", "variant": 1, "pos": [116, 6]}, "116;7": {"type": "grass", "variant": 8, "pos": [116, 7]}, "116;8": {"type": "grass", "variant": 8, "pos": [116, 8]}, "116;9": {"type": "grass", "variant": 19, "pos": [116, 9]}, "116;10": {"type": "grass", "variant": 8, "pos": [116, 10]}, "116;11": {"type": "grass", "variant": 5, "pos": [116, 11]}, "115;11": {"type": "grass", "variant": 5, "pos": [115, 11]}, "115;10": {"type": "grass", "variant": 13, "pos": [115, 10]}, "115;9": {"type": "grass", "variant": 7, "pos": [115, 9]}, "115;8": {"type": "grass", "variant": 7, "pos": [115, 8]}, "115;7": {"type": "grass", "variant": 7, "pos": [115, 7]}, "117;8": {"type": "grass", "variant": 14, "pos": [117, 8]}, "118;8": {"type": "grass", "variant": 1, "pos": [118, 8]}, "118;9": {"type": "grass", "variant": 8, "pos": [118, 9]}, "117;9": {"type": "grass", "variant": 8, "pos": [117, 9]}, "117;10": {"type": "grass", "variant": 19, "pos": [117, 10]}, "118;10": {"type": "grass", "variant": 8, "pos": [118, 10]}, "119;10": {"type": "grass", "variant": 14, "pos": [119, 10]}, "120;10": {"type": "grass", "variant": 1, "pos": [120, 10]}, "121;10": {"type": "grass", "variant": 1, "pos": [121, 10]}, "122;10": {"type": "grass", "variant": 1, "pos": [122, 10]}, "123;10": {"type": "grass", "variant": 1, "pos": [123, 10]}, "124;10": {"type": "grass", "variant": 1, "pos": [124, 10]}, "125;10": {"type": "grass", "variant": 1, "pos": [125, 10]}, "125;11": {"type": "grass", "variant": 5, "pos": [125, 11]}, "124;11": {"type": "grass", "variant": 5, "pos": [124, 11]}, "123;11": {"type": "grass", "variant": 5, "pos": [123, 11]}, "122;11": {"type": "grass", "variant": 5, "pos": [122, 11]}, "121;11": {"type": "grass", "variant": 5, "pos": [121, 11]}, "120;11": {"type": "grass", "variant": 5, "pos": [120, 11]}, "119;11": {"type": "grass", "variant": 5, "pos": [119, 11]}, "118;11": {"type": "grass", "variant": 5, "pos": [118, 11]}, "117;11": {"type": "grass", "variant": 5, "pos": [117, 11]}, "80;-3": {"type": "grass", "variant": 1, "pos": [80, -3]}, "80;-2": {"type": "grass", "variant": 5, "pos": [80, -2]}, "78;6": {"type": "grass", "variant": 1, "pos": [78, 6]}, "79;6": {"type": "grass", "variant": 2, "pos": [79, 6]}, "79;7": {"type": "grass", "variant": 3, "pos": [79, 7]}, "78;7": {"type": "grass", "variant": 8, "pos": [78, 7]}, "79;8": {"type": "grass", "variant": 14, "pos": [79, 8]}, "80;8": {"type": "grass", "variant": 1, "pos": [80, 8]}, "81;8": {"type": "grass", "variant": 2, "pos": [81, 8]}, "81;9": {"type": "grass", "variant": 3, "pos": [81, 9]}, "80;9": {"type": "grass", "variant": 8, "pos": [80, 9]}, "79;9": {"type": "grass", "variant": 8, "pos": [79, 9]}, "78;9": {"type": "grass", "variant": 8, "pos": [78, 9]}, "78;8": {"type": "grass", "variant": 19, "pos": [78, 8]}, "96;5": {"type": "grass", "variant": 10, "pos": [96, 5]}, "97;5": {"type": "grass", "variant": 10, "pos": [97, 5]}, "98;5": {"type": "grass", "variant": 10, "pos": [98, 5]}, "99;5": {"type": "grass", "variant": 10, "pos": [99, 5]}, "101;5": {"type": "grass", "variant": 11, "pos": [101, 5]}, "100;5": {"type": "grass", "variant": 10, "pos": [100, 5]}, "96;10": {"type": "grass", "variant": 2, "pos": [96, 10]}, "96;11": {"type": "grass", "variant": 4, "pos": [96, 11]}, "62;2": {"type": "grass", "variant": 7, "pos": [62, 2]}, "62;1": {"type": "grass", "variant": 0, "pos": [62, 1]}, "63;1": {"type": "grass", "variant": 1, "pos": [63, 1]}, "64;-1": {"type": "grass", "variant": 0, "pos": [64, -1]}, "65;-1": {"type": "grass", "variant": 2, "pos": [65, -1]}, "67;-3": {"type": "grass", "variant": 0, "pos": [67, -3]}, "68;-3": {"type": "grass", "variant": 1, "pos": [68, -3]}, "69;-3": {"type": "grass", "variant": 1, "pos": [69, -3]}, "79;-3": {"type": "grass", "variant": 1, "pos": [79, -3]}, "79;-2": {"type": "grass", "variant": 5, "pos": [79, -2]}, "77;-3": {"type": "grass", "variant": 1, "pos": [77, -3]}, "78;-3": {"type": "grass", "variant": 1, "pos": [78, -3]}, "78;-2": {"type": "grass", "variant": 5, "pos": [78, -2]}, "77;-2": {"type": "grass", "variant": 5, "pos": [77, -2]}, "128;10": {"type": "grass", "variant": 1, "pos": [128, 10]}, "128;11": {"type": "grass", "variant": 5, "pos": [128, 11]}, "129;11": {"type": "grass", "variant": 5, "pos": [129, 11]}, "130;11": {"type": "grass", "variant": 5, "pos": [130, 11]}, "131;11": {"type": "grass", "variant": 5, "pos": [131, 11]}, "132;11": {"type": "grass", "variant": 5, "pos": [132, 11]}, "133;11": {"type": "grass", "variant": 5, "pos": [133, 11]}, "134;11": {"type": "grass", "variant": 5, "pos": [134, 11]}, "135;11": {"type": "grass", "variant": 5, "pos": [135, 11]}, "136;11": {"type": "grass", "variant": 5, "pos": [136, 11]}, "137;11": {"type": "grass", "variant": 5, "pos": [137, 11]}, "137;10": {"type": "grass", "variant": 1, "pos": [137, 10]}, "136;10": {"type": "grass", "variant": 14, "pos": [136, 10]}, "135;10": {"type": "grass", "variant": 13, "pos": [135, 10]}, "134;10": {"type": "grass", "variant": 1, "pos": [134, 10]}, "133;10": {"type": "grass", "variant": 1, "pos": [133, 10]}, "132;10": {"type": "grass", "variant": 1, "pos": [132, 10]}, "131;10": {"type": "grass", "variant": 1, "pos": [131, 10]}, "130;10": {"type": "grass", "variant": 1, "pos": [130, 10]}, "129;10": {"type": "grass", "variant": 1, "pos": [129, 10]}, "135;6": {"type": "grass", "variant": 0, "pos": [135, 6]}, "135;7": {"type": "grass", "variant": 7, "pos": [135, 7]}, "135;8": {"type": "grass", "variant": 7, "pos": [135, 8]}, "135;9": {"type": "grass", "variant": 7, "pos": [135, 9]}, "131;6": {"type": "grass", "variant": 0, "pos": [131, 6]}, "131;7": {"type": "grass", "variant": 6, "pos": [131, 7]}, "136;9": {"type": "grass", "variant": 3, "pos": [136, 9]}, "136;8": {"type": "grass", "variant": 3, "pos": [136, 8]}, "136;7": {"type": "grass", "variant": 3, "pos": [136, 7]}, "136;6": {"type": "grass", "variant": 2, "pos": [136, 6]}, "132;6": {"type": "grass", "variant": 2, "pos": [132, 6]}, "132;7": {"type": "grass", "variant": 4, "pos": [132, 7]}, "138;10": {"type": "grass", "variant": 1, "pos": [138, 10]}, "138;11": {"type": "grass", "variant": 5, "pos": [138, 11]}, "139;10": {"type": "grass", "variant": 1, "pos": [139, 10]}, "139;11": {"type": "grass", "variant": 5, "pos": [139, 11]}, "140;10": {"type": "grass", "variant": 1, "pos": [140, 10]}, "141;10": {"type": "grass", "variant": 1, "pos": [141, 10]}, "142;10": {"type": "grass", "variant": 1, "pos": [142, 10]}, "143;10": {"type": "grass", "variant": 1, "pos": [143, 10]}, "144;10": {"type": "grass", "variant": 1, "pos": [144, 10]}, "145;10": {"type": "grass", "variant": 1, "pos": [145, 10]}, "146;10": {"type": "grass", "variant": 1, "pos": [146, 10]}, "147;10": {"type": "grass", "variant": 1, "pos": [147, 10]}, "148;10": {"type": "grass", "variant": 1, "pos": [148, 10]}, "149;10": {"type": "grass", "variant": 1, "pos": [149, 10]}, "150;10": {"type": "grass", "variant": 1, "pos": [150, 10]}, "151;10": {"type": "grass", "variant": 2, "pos": [151, 10]}, "151;11": {"type": "grass", "variant": 4, "pos": [151, 11]}, "150;11": {"type": "grass", "variant": 5, "pos": [150, 11]}, "149;11": {"type": "grass", "variant": 5, "pos": [149, 11]}, "148;11": {"type": "grass", "variant": 5, "pos": [148, 11]}, "147;11": {"type": "grass", "variant": 5, "pos": [147, 11]}, "146;11": {"type": "grass", "variant": 5, "pos": [146, 11]}, "145;11": {"type": "grass", "variant": 5, "pos": [145, 11]}, "144;11": {"type": "grass", "variant": 5, "pos": [144, 11]}, "143;11": {"type": "grass", "variant": 5, "pos": [143, 11]}, "142;11": {"type": "grass", "variant": 5, "pos": [142, 11]}, "141;11": {"type": "grass", "variant": 5, "pos": [141, 11]}, "140;11": {"type": "grass", "variant": 5, "pos": [140, 11]}, "121;9": {"type": "decor/tree", "variant": 0, "pos": [121, 9]}, "122;9": {"type": "decor/tree", "variant": 0, "pos": [122, 9]}, "123;9": {"type": "decor/tree", "variant": 0, "pos": [123, 9]}, "130;9": {"type": "decor/tree", "variant": 0, "pos": [130, 9]}, "131;9": {"type": "decor/tree", "variant": 0, "pos": [131, 9]}, "132;9": {"type": "decor/tree", "variant": 0, "pos": [132, 9]}, "141;9": {"type": "decor/tree", "variant": 0, "pos": [141, 9]}, "96;4": {"type": "decor/tree", "variant": 0, "pos": [96, 4]}, "97;4": {"type": "decor/tree", "variant": 0, "pos": [97, 4]}, "98;4": {"type": "decor/tree", "variant": 0, "pos": [98, 4]}, "99;4": {"type": "decor/tree", "variant": 0, "pos": [99, 4]}, "100;4": {"type": "decor/tree", "variant": 0, "pos": [100, 4]}, "86;9": {"type": "decor/tree", "variant": 0, "pos": [86, 9]}, "87;9": {"type": "decor/tree", "variant": 0, "pos": [87, 9]}, "80;-4": {"type": "decor/tree", "variant": 0, "pos": [80, -4]}, "79;-4": {"type": "decor/tree", "variant": 0, "pos": [79, -4]}, "58;2": {"type": "decor/tree", "variant": 0, "pos": [58, 2]}, "57;2": {"type": "decor/tree", "variant": 0, "pos": [57, 2]}, "56;2": {"type": "decor/tree", "variant": 0, "pos": [56, 2]}, "52;9": {"type": "decor/fence", "variant": 10, "pos": [52, 9]}, "53;9": {"type": "decor/fence", "variant": 10, "pos": [53, 9]}, "54;9": {"type": "decor/fence", "variant": 11, "pos": [54, 9]}, "89;7": {"type": "decor/summer_tree", "variant": 0, "pos": [89, 7]}, "90;7": {"type": "decor/summer_tree", "variant": 1, "pos": [90, 7]}, "91;7": {"type": "decor/summer_tree", "variant": 2, "pos": [91, 7]}, "89;8": {"type": "decor/summer_tree", "variant": 9, "pos": [89, 8]}, "90;8": {"type": "decor/summer_tree", "variant": 10, "pos": [90, 8]}, "91;8": {"type": "decor/summer_tree", "variant": 11, "pos": [91, 8]}, "90;9": {"type": "decor/summer_tree", "variant": 22, "pos": [90, 9]}, "91;9": {"type": "decor/summer_tree", "variant": 23, "pos": [91, 9]}, "89;9": {"type": "decor/summer_tree", "variant": 21, "pos": [89, 9]}, "143;8": {"type": "decor/tree", "variant": 1, "pos": [143, 8]}, "154;10": {"type": "grass", "variant": 0, "pos": [154, 10]}, "154;11": {"type": "grass", "variant": 6, "pos": [154, 11]}, "155;11": {"type": "grass", "variant": 5, "pos": [155, 11]}, "156;10": {"type": "grass", "variant": 1, "pos": [156, 10]}, "155;10": {"type": "grass", "variant": 1, "pos": [155, 10]}, "156;11": {"type": "grass", "variant": 5, "pos": [156, 11]}, "159;10": {"type": "grass", "variant": 1, "pos": [159, 10]}, "159;11": {"type": "grass", "variant": 5, "pos": [159, 11]}, "160;11": {"type": "grass", "variant": 5, "pos": [160, 11]}, "161;11": {"type": "grass", "variant": 4, "pos": [161, 11]}, "161;10": {"type": "grass", "variant": 2, "pos": [161, 10]}, "160;10": {"type": "grass", "variant": 1, "pos": [160, 10]}, "166;10": {"type": "grass", "variant": 0, "pos": [166, 10]}, "166;11": {"type": "grass", "variant": 6, "pos": [166, 11]}, "167;11": {"type": "grass", "variant": 5, "pos": [167, 11]}, "168;11": {"type": "grass", "variant": 5, "pos": [168, 11]}, "169;11": {"type": "grass", "variant": 5, "pos": [169, 11]}, "169;10": {"type": "grass", "variant": 1, "pos": [169, 10]}, "168;10": {"type": "grass", "variant": 1, "pos": [168, 10]}, "167;10": {"type": "grass", "variant": 1, "pos": [167, 10]}, "174;10": {"type": "grass", "variant": 1, "pos": [174, 10]}, "174;11": {"type": "grass", "variant": 5, "pos": [174, 11]}, "175;11": {"type": "grass", "variant": 5, "pos": [175, 11]}, "176;11": {"type": "grass", "variant": 5, "pos": [176, 11]}, "177;11": {"type": "grass", "variant": 5, "pos": [177, 11]}, "176;10": {"type": "grass", "variant": 1, "pos": [176, 10]}, "175;10": {"type": "grass", "variant": 1, "pos": [175, 10]}, "177;10": {"type": "grass", "variant": 1, "pos": [177, 10]}, "180;10": {"type": "grass", "variant": 1, "pos": [180, 10]}, "180;11": {"type": "grass", "variant": 5, "pos": [180, 11]}, "181;11": {"type": "grass", "variant": 5, "pos": [181, 11]}, "181;10": {"type": "grass", "variant": 1, "pos": [181, 10]}, "184;10": {"type": "grass", "variant": 1, "pos": [184, 10]}, "184;11": {"type": "grass", "variant": 5, "pos": [184, 11]}, "185;11": {"type": "grass", "variant": 5, "pos": [185, 11]}, "186;11": {"type": "grass", "variant": 5, "pos": [186, 11]}, "186;10": {"type": "grass", "variant": 1, "pos": [186, 10]}, "185;10": {"type": "grass", "variant": 1, "pos": [185, 10]}, "187;10": {"type": "grass", "variant": 1, "pos": [187, 10]}, "187;11": {"type": "grass", "variant": 5, "pos": [187, 11]}, "188;11": {"type": "grass", "variant": 5, "pos": [188, 11]}, "188;10": {"type": "grass", "variant": 13, "pos": [188, 10]}, "188;9": {"type": "grass", "variant": 7, "pos": [188, 9]}, "189;9": {"type": "grass", "variant": 8, "pos": [189, 9]}, "190;9": {"type": "grass", "variant": 8, "pos": [190, 9]}, "189;10": {"type": "grass", "variant": 19, "pos": [189, 10]}, "189;11": {"type": "grass", "variant": 5, "pos": [189, 11]}, "190;11": {"type": "grass", "variant": 5, "pos": [190, 11]}, "190;10": {"type": "grass", "variant": 8, "pos": [190, 10]}, "190;8": {"type": "grass", "variant": 13, "pos": [190, 8]}, "188;8": {"type": "grass", "variant": 0, "pos": [188, 8]}, "189;8": {"type": "grass", "variant": 1, "pos": [189, 8]}, "190;7": {"type": "grass", "variant": 7, "pos": [190, 7]}, "190;6": {"type": "grass", "variant": 0, "pos": [190, 6]}, "191;6": {"type": "grass", "variant": 1, "pos": [191, 6]}, "191;7": {"type": "grass", "variant": 8, "pos": [191, 7]}, "191;8": {"type": "grass", "variant": 8, "pos": [191, 8]}, "191;9": {"type": "grass", "variant": 8, "pos": [191, 9]}, "191;10": {"type": "grass", "variant": 19, "pos": [191, 10]}, "191;11": {"type": "grass", "variant": 5, "pos": [191, 11]}, "192;4": {"type": "grass", "variant": 0, "pos": [192, 4]}, "193;4": {"type": "grass", "variant": 2, "pos": [193, 4]}, "193;5": {"type": "grass", "variant": 3, "pos": [193, 5]}, "193;6": {"type": "grass", "variant": 3, "pos": [193, 6]}, "192;6": {"type": "grass", "variant": 13, "pos": [192, 6]}, "192;5": {"type": "grass", "variant": 7, "pos": [192, 5]}, "192;7": {"type": "grass", "variant": 8, "pos": [192, 7]}, "192;8": {"type": "grass", "variant": 19, "pos": [192, 8]}, "192;9": {"type": "grass", "variant": 8, "pos": [192, 9]}, "192;10": {"type": "grass", "variant": 8, "pos": [192, 10]}, "192;11": {"type": "grass", "variant": 5, "pos": [192, 11]}, "193;11": {"type": "grass", "variant": 5, "pos": [193, 11]}, "193;10": {"type": "grass", "variant": 14, "pos": [193, 10]}, "193;9": {"type": "grass", "variant": 3, "pos": [193, 9]}, "193;8": {"type": "grass", "variant": 3, "pos": [193, 8]}, "193;7": {"type": "grass", "variant": 3, "pos": [193, 7]}, "194;10": {"type": "grass", "variant": 1, "pos": [194, 10]}, "195;10": {"type": "grass", "variant": 1, "pos": [195, 10]}, "196;10": {"type": "grass", "variant": 1, "pos": [196, 10]}, "196;11": {"type": "grass", "variant": 5, "pos": [196, 11]}, "195;11": {"type": "grass", "variant": 5, "pos": [195, 11]}, "194;11": {"type": "grass", "variant": 5, "pos": [194, 11]}, "197;11": {"type": "grass", "variant": 5, "pos": [197, 11]}, "197;10": {"type": "grass", "variant": 13, "pos": [197, 10]}, "197;9": {"type": "grass", "variant": 7, "pos": [197, 9]}, "197;8": {"type": "grass", "variant": 7, "pos": [197, 8]}, "197;7": {"type": "grass", "variant": 7, "pos": [197, 7]}, "197;6": {"type": "grass", "variant": 7, "pos": [197, 6]}, "197;5": {"type": "grass", "variant": 7, "pos": [197, 5]}, "197;4": {"type": "grass", "variant": 0, "pos": [197, 4]}, "198;4": {"type": "grass", "variant": 2, "pos": [198, 4]}, "198;5": {"type": "grass", "variant": 3, "pos": [198, 5]}, "198;6": {"type": "grass", "variant": 14, "pos": [198, 6]}, "198;7": {"type": "grass", "variant": 8, "pos": [198, 7]}, "198;8": {"type": "grass", "variant": 19, "pos": [198, 8]}, "198;9": {"type": "grass", "variant": 8, "pos": [198, 9]}, "198;10": {"type": "grass", "variant": 8, "pos": [198, 10]}, "198;11": {"type": "grass", "variant": 5, "pos": [198, 11]}, "199;6": {"type": "grass", "variant": 1, "pos": [199, 6]}, "199;7": {"type": "grass", "variant": 8, "pos": [199, 7]}, "199;8": {"type": "grass", "variant": 8, "pos": [199, 8]}, "199;9": {"type": "grass", "variant": 8, "pos": [199, 9]}, "199;10": {"type": "grass", "variant": 8, "pos": [199, 10]}, "199;11": {"type": "grass", "variant": 5, "pos": [199, 11]}, "200;8": {"type": "grass", "variant": 14, "pos": [200, 8]}, "200;9": {"type": "grass", "variant": 19, "pos": [200, 9]}, "200;10": {"type": "grass", "variant": 8, "pos": [200, 10]}, "200;11": {"type": "grass", "variant": 5, "pos": [200, 11]}, "200;6": {"type": "grass", "variant": 2, "pos": [200, 6]}, "200;7": {"type": "grass", "variant": 3, "pos": [200, 7]}, "201;8": {"type": "grass", "variant": 1, "pos": [201, 8]}, "202;8": {"type": "grass", "variant": 2, "pos": [202, 8]}, "202;9": {"type": "grass", "variant": 3, "pos": [202, 9]}, "201;9": {"type": "grass", "variant": 8, "pos": [201, 9]}, "201;10": {"type": "grass", "variant": 19, "pos": [201, 10]}, "201;11": {"type": "grass", "variant": 5, "pos": [201, 11]}, "202;11": {"type": "grass", "variant": 5, "pos": [202, 11]}, "202;10": {"type": "grass", "variant": 14, "pos": [202, 10]}, "203;10": {"type": "grass", "variant": 1, "pos": [203, 10]}, "204;10": {"type": "grass", "variant": 1, "pos": [204, 10]}, "205;10": {"type": "grass", "variant": 1, "pos": [205, 10]}, "206;10": {"type": "grass", "variant": 1, "pos": [206, 10]}, "207;10": {"type": "grass", "variant": 1, "pos": [207, 10]}, "208;10": {"type": "grass", "variant": 1, "pos": [208, 10]}, "209;10": {"type": "grass", "variant": 1, "pos": [209, 10]}, "210;10": {"type": "grass", "variant": 1, "pos": [210, 10]}, "211;10": {"type": "grass", "variant": 1, "pos": [211, 10]}, "211;11": {"type": "grass", "variant": 5, "pos": [211, 11]}, "210;11": {"type": "grass", "variant": 5, "pos": [210, 11]}, "209;11": {"type": "grass", "variant": 5, "pos": [209, 11]}, "208;11": {"type": "grass", "variant": 5, "pos": [208, 11]}, "207;11": {"type": "grass", "variant": 5, "pos": [207, 11]}, "206;11": {"type": "grass", "variant": 5, "pos": [206, 11]}, "205;11": {"type": "grass", "variant": 5, "pos": [205, 11]}, "204;11": {"type": "grass", "variant": 5, "pos": [204, 11]}, "203;11": {"type": "grass", "variant": 5, "pos": [203, 11]}, "212;10": {"type": "grass", "variant": 1, "pos": [212, 10]}, "213;10": {"type": "grass", "variant": 1, "pos": [213, 10]}, "214;10": {"type": "grass", "variant": 1, "pos": [214, 10]}, "215;10": {"type": "grass", "variant": 1, "pos": [215, 10]}, "216;10": {"type": "grass", "variant": 1, "pos": [216, 10]}, "216;11": {"type": "grass", "variant": 5, "pos": [216, 11]}, "215;11": {"type": "grass", "variant": 5, "pos": [215, 11]}, "214;11": {"type": "grass", "variant": 5, "pos": [214, 11]}, "213;11": {"type": "grass", "variant": 5, "pos": [213, 11]}, "212;11": {"type": "grass", "variant": 5, "pos": [212, 11]}, "205;9": {"type": "decor/tree", "variant": 0, "pos": [205, 9]}, "206;9": {"type": "decor/tree", "variant": 0, "pos": [206, 9]}, "207;9": {"type": "decor/tree", "variant": 0, "pos": [207, 9]}, "208;9": {"type": "decor/tree", "variant": 0, "pos": [208, 9]}, "185;9": {"type": "decor/tree", "variant": 0, "pos": [185, 9]}, "186;9": {"type": "decor/tree", "variant": 0, "pos": [186, 9]}, "167;9": {"type": "decor/tree", "variant": 0, "pos": [167, 9]}, "168;9": {"type": "decor/tree", "variant": 0, "pos": [168, 9]}, "203;8": {"type": "decor/tree", "variant": 1, "pos": [203, 8]}, "15;7": {"type": "grass", "variant": 11, "pos": [15, 7]}, "14;7": {"type": "grass", "variant": 10, "pos": [14, 7]}, "13;7": {"type": "grass", "variant": 9, "pos": [13, 7]}, "14;6": {"type": "reward/food", "variant": 1, "pos": [14, 6]}, "38;9": {"type": "reward/food", "variant": 1, "pos": [38, 9]}, "75;5": {"type": "reward/food", "variant": 0, "pos": [75, 5]}, "91;1": {"type": "reward/food", "variant": 1, "pos": [91, 1]}, "129;9": {"type": "reward/food", "variant": 1, "pos": [129, 9]}, "138;9": {"type": "reward/food", "variant": 1, "pos": [138, 9]}, "155;9": {"type": "reward/food", "variant": 1, "pos": [155, 9]}, "210;9": {"type": "reward/food", "variant": 1, "pos": [210, 9]}, "211;9": {"type": "reward/food", "variant": 1, "pos": [211, 9]}, "195;0": {"type": "reward/food", "variant": 0, "pos": [195, 0]}, "196;0": {"type": "reward/food", "variant": 0, "pos": [196, 0]}, "194;0": {"type": "reward/food", "variant": 0, "pos": [194, 0]}, "183;6": {"type": "reward/food", "variant": 0, "pos": [183, 6]}, "182;6": {"type": "reward/food", "variant": 0, "pos": [182, 6]}, "179;6": {"type": "reward/food", "variant": 0, "pos": [179, 6]}, "178;6": {"type": "reward/food", "variant": 0, "pos": [178, 6]}, "171;6": {"type": "reward/food", "variant": 0, "pos": [171, 6]}, "172;6": {"type": "reward/food", "variant": 0, "pos": [172, 6]}, "163;6": {"type": "reward/food", "variant": 0, "pos": [163, 6]}, "164;6": {"type": "reward/food", "variant": 0, "pos": [164, 6]}, "133;2": {"type": "reward/food", "variant": 0, "pos": [133, 2]}, "134;2": {"type": "reward/food", "variant": 0, "pos": [134, 2]}, "112;2": {"type": "reward/food", "variant": 0, "pos": [112, 2]}, "113;2": {"type": "reward/food", "variant": 0, "pos": [113, 2]}, "87;-6": {"type": "reward/food", "variant": 0, "pos": [87, -6]}, "70;-7": {"type": "reward/food", "variant": 0, "pos": [70, -7]}, "71;-7": {"type": "reward/food", "variant": 0, "pos": [71, -7]}, "86;-7": {"type": "reward/food", "variant": 0, "pos": [86, -7]}, "51;1": {"type": "reward/food", "variant": 0, "pos": [51, 1]}, "52;1": {"type": "reward/food", "variant": 0, "pos": [52, 1]}, "47;3": {"type": "reward/food", "variant": 0, "pos": [47, 3]}, "48;3": {"type": "reward/food", "variant": 0, "pos": [48, 3]}, "31;3": {"type": "reward/food", "variant": 0, "pos": [31, 3]}, "32;3": {"type": "reward/food", "variant": 0, "pos": [32, 3]}, "30;3": {"type": "reward/food", "variant": 0, "pos": [30, 3]}, "214;8": {"type": "finishline", "variant": 0, "pos": [214, 8]}, "215;8": {"type": "finishline", "variant": 1, "pos": [215, 8]}, "214;9": {"type": "finishline", "variant": 2, "pos": [214, 9]}, "215;9": {"type": "finishline", "variant": 3, "pos": [215, 9]}, "112;10": {"type": "grass", "variant": 1, "pos": [112, 10]}, "113;10": {"type": "grass", "variant": 1, "pos": [113, 10]}, "113;11": {"type": "grass", "variant": 5, "pos": [113, 11]}, "112;11": {"type": "grass", "variant": 5, "pos": [112, 11]}, "114;10": {"type": "grass", "variant": 1, "pos": [114, 10]}, "117;6": {"type": "grass", "variant": 2, "pos": [117, 6]}, "117;7": {"type": "grass", "variant": 3, "pos": [117, 7]}, "119;8": {"type": "grass", "variant": 2, "pos": [119, 8]}, "119;9": {"type": "grass", "variant": 3, "pos": [119, 9]}, "113;9": {"type": "decor/firehole", "variant": 0, "pos": [113, 9]}, "114;2": {"type": "reward/food", "variant": 0, "pos": [114, 2]}, "162;15": {"type": "grass", "variant": 9, "pos": [162, 15]}, "163;15": {"type": "grass", "variant": 10, "pos": [163, 15]}, "164;15": {"type": "grass", "variant": 10, "pos": [164, 15]}, "165;15": {"type": "grass", "variant": 11, "pos": [165, 15]}, "163;14": {"type": "decor/firehole", "variant": 0, "pos": [163, 14]}, "164;14": {"type": "decor/firehole", "variant": 0, "pos": [164, 14]}, "195;9": {"type": "decor/firehole", "variant": 0, "pos": [195, 9]}, "178;10": {"type": "grass", "variant": 1, "pos": [178, 10]}, "179;10": {"type": "grass", "variant": 1, "pos": [179, 10]}, "178;11": {"type": "grass", "variant": 5, "pos": [178, 11]}, "179;11": {"type": "grass", "variant": 5, "pos": [179, 11]}, "182;10": {"type": "grass", "variant": 1, "pos": [182, 10]}, "183;10": {"type": "grass", "variant": 1, "pos": [183, 10]}, "183;11": {"type": "grass", "variant": 5, "pos": [183, 11]}, "182;11": {"type": "grass", "variant": 5, "pos": [182, 11]}, "170;11": {"type": "grass", "variant": 5, "pos": [170, 11]}, "171;11": {"type": "grass", "variant": 5, "pos": [171, 11]}, "172;11": {"type": "grass", "variant": 5, "pos": [172, 11]}, "173;11": {"type": "grass", "variant": 5, "pos": [173, 11]}, "157;11": {"type": "grass", "variant": 5, "pos": [157, 11]}, "158;11": {"type": "grass", "variant": 5, "pos": [158, 11]}, "157;10": {"type": "grass", "variant": 1, "pos": [157, 10]}, "158;10": {"type": "grass", "variant": 1, "pos": [158, 10]}, "170;10": {"type": "grass", "variant": 1, "pos": [170, 10]}, "171;10": {"type": "grass", "variant": 1, "pos": [171, 10]}, "172;10": {"type": "grass", "variant": 1, "pos": [172, 10]}, "173;10": {"type": "grass", "variant": 1, "pos": [173, 10]}, "217;10": {"type": "grass", "variant": 1, "pos": [217, 10]}, "218;10": {"type": "grass", "variant": 1, "pos": [218, 10]}, "219;10": {"type": "grass", "variant": 1, "pos": [219, 10]}, "220;10": {"type": "grass", "variant": 2, "pos": [220, 10]}, "217;11": {"type": "grass", "variant": 5, "pos": [217, 11]}, "218;11": {"type": "grass", "variant": 5, "pos": [218, 11]}, "219;11": {"type": "grass", "variant": 5, "pos": [219, 11]}, "220;11": {"type": "grass", "variant": 4, "pos": [220, 11]}, "126;10": {"type": "grass", "variant": 1, "pos": [126, 10]}, "127;10": {"type": "grass", "variant": 1, "pos": [127, 10]}, "126;11": {"type": "grass", "variant": 5, "pos": [126, 11]}, "127;11": {"type": "grass", "variant": 5, "pos": [127, 11]}, "82;-2": {"type": "grass", "variant": 5, "pos": [82, -2]}, "82;-3": {"type": "grass", "variant": 1, "pos": [82, -3]}, "70;-3": {"type": "grass", "variant": 1, "pos": [70, -3]}, "71;-3": {"type": "grass", "variant": 1, "pos": [71, -3]}, "71;-2": {"type": "grass", "variant": 5, "pos": [71, -2]}, "70;-2": {"type": "grass", "variant": 5, "pos": [70, -2]}}, "tile_size": 16, "offgrid": [{"type": "decor/tree", "variant": 0, "pos": [1654.4, 144.8]}, {"type": "decor/tree", "variant": 0, "pos": [1665.0, 144.6]}, {"type": "decor/tree", "variant": 0, "pos": [1726.6, 112.6]}, {"type": "decor/tree", "variant": 0, "pos": [1172.8, -63.2]}, {"type": "decor/tree", "variant": 0, "pos": [665.4, 128.2]}, {"type": "decor/tree", "variant": 0, "pos": [647.2, 128.8]}, {"type": "decor/tree", "variant": 0, "pos": [541.8, 96.4]}, {"type": "decor/tree", "variant": 0, "pos": [141.4, 144.0]}, {"type": "decor/tree", "variant": 0, "pos": [124.0, 144.6]}, {"type": "decor/tree", "variant": 1, "pos": [790.2, 128.0]}, {"type": "decor/tree", "variant": 1, "pos": [766.6, 128.2]}, {"type": "spawners", "variant": 1, "pos": [891.4, 142.4]}, {"type": "spawners", "variant": 1, "pos": [1185.8, -65.6]}, {"type": "spawners", "variant": 1, "pos": [1174.8, 78.4]}, {"type": "spawners", "variant": 1, "pos": [1661.0, 142.2]}, {"type": "spawners", "variant": 0, "pos": [88.4, 137.6]}, {"type": "decor/tree", "variant": 0, "pos": [7.0, 80.2]}, {"type": "decor/tree", "variant": 1, "pos": [15.600000000000001, 64.6]}, {"type": "spawners", "variant": 1, "pos": [2129.8, 142.2]}, {"type": "spawners", "variant": 1, "pos": [1522.2, 62.400000000000006]}, {"type": "spawners", "variant": 1, "pos": [1463.2, 142.2]}, {"type": "spawners", "variant": 1, "pos": [953.6, 30.400000000000006]}, {"type": "spawners", "variant": 1, "pos": [2981.6, 142.2]}, {"type": "spawners", "variant": 1, "pos": [2696.2, 142.0]}, {"type": "spawners", "variant": 1, "pos": [2273.0, 142.0]}, {"type": "checkpoint", "variant": 0, "pos": [1096.5, -96.0]}, {"type": "checkpoint", "variant": 0, "pos": [1855.0, 56.5]}, {"type": "largedecor", "variant": 0, "pos": [257.0, 143.0]}, {"type": "largedecor", "variant": 0, "pos": [1302.0, -65.0]}, {"type": "largedecor", "variant": 0, "pos": [1079.5, -65.0]}, {"type": "largedecor", "variant": 1, "pos": [2009.0, 113.0]}, {"type": "largedecor", "variant": 1, "pos": [2875.5, 113.0]}, {"type": "largedecor", "variant": 0, "pos": [2822.0, 143.0]}, {"type": "building", "variant": 2, "pos": [2342.5, 82.0]}, {"type": "building", "variant": 1, "pos": [2759.5, 82.0]}]}