{"tilemap": {"0;10": {"type": "grass", "variant": 7, "pos": [0, 10]}, "1;10": {"type": "grass", "variant": 8, "pos": [1, 10]}, "2;10": {"type": "grass", "variant": 8, "pos": [2, 10]}, "3;10": {"type": "grass", "variant": 1, "pos": [3, 10]}, "4;10": {"type": "grass", "variant": 1, "pos": [4, 10]}, "5;10": {"type": "grass", "variant": 1, "pos": [5, 10]}, "6;10": {"type": "grass", "variant": 1, "pos": [6, 10]}, "7;10": {"type": "grass", "variant": 1, "pos": [7, 10]}, "8;10": {"type": "grass", "variant": 1, "pos": [8, 10]}, "9;10": {"type": "grass", "variant": 1, "pos": [9, 10]}, "10;10": {"type": "grass", "variant": 1, "pos": [10, 10]}, "11;10": {"type": "grass", "variant": 1, "pos": [11, 10]}, "12;10": {"type": "grass", "variant": 1, "pos": [12, 10]}, "13;10": {"type": "grass", "variant": 1, "pos": [13, 10]}, "13;11": {"type": "grass", "variant": 5, "pos": [13, 11]}, "12;11": {"type": "grass", "variant": 5, "pos": [12, 11]}, "11;11": {"type": "grass", "variant": 5, "pos": [11, 11]}, "10;11": {"type": "grass", "variant": 5, "pos": [10, 11]}, "9;11": {"type": "grass", "variant": 5, "pos": [9, 11]}, "8;11": {"type": "grass", "variant": 5, "pos": [8, 11]}, "7;11": {"type": "grass", "variant": 5, "pos": [7, 11]}, "6;11": {"type": "grass", "variant": 5, "pos": [6, 11]}, "5;11": {"type": "grass", "variant": 5, "pos": [5, 11]}, "4;11": {"type": "grass", "variant": 5, "pos": [4, 11]}, "3;11": {"type": "grass", "variant": 5, "pos": [3, 11]}, "2;11": {"type": "grass", "variant": 5, "pos": [2, 11]}, "1;11": {"type": "grass", "variant": 5, "pos": [1, 11]}, "0;11": {"type": "grass", "variant": 6, "pos": [0, 11]}, "14;10": {"type": "grass", "variant": 1, "pos": [14, 10]}, "14;11": {"type": "grass", "variant": 5, "pos": [14, 11]}, "15;10": {"type": "grass", "variant": 2, "pos": [15, 10]}, "15;11": {"type": "grass", "variant": 4, "pos": [15, 11]}, "18;10": {"type": "grass", "variant": 0, "pos": [18, 10]}, "19;10": {"type": "grass", "variant": 1, "pos": [19, 10]}, "20;10": {"type": "grass", "variant": 1, "pos": [20, 10]}, "18;11": {"type": "grass", "variant": 6, "pos": [18, 11]}, "19;11": {"type": "grass", "variant": 5, "pos": [19, 11]}, "20;11": {"type": "grass", "variant": 5, "pos": [20, 11]}, "21;11": {"type": "grass", "variant": 5, "pos": [21, 11]}, "22;11": {"type": "grass", "variant": 4, "pos": [22, 11]}, "21;10": {"type": "grass", "variant": 1, "pos": [21, 10]}, "22;10": {"type": "grass", "variant": 2, "pos": [22, 10]}, "25;10": {"type": "grass", "variant": 0, "pos": [25, 10]}, "25;11": {"type": "grass", "variant": 6, "pos": [25, 11]}, "26;11": {"type": "grass", "variant": 5, "pos": [26, 11]}, "26;10": {"type": "grass", "variant": 8, "pos": [26, 10]}, "26;9": {"type": "grass", "variant": 0, "pos": [26, 9]}, "27;9": {"type": "grass", "variant": 8, "pos": [27, 9]}, "27;10": {"type": "grass", "variant": 8, "pos": [27, 10]}, "27;11": {"type": "grass", "variant": 5, "pos": [27, 11]}, "27;8": {"type": "grass", "variant": 0, "pos": [27, 8]}, "28;8": {"type": "grass", "variant": 8, "pos": [28, 8]}, "28;9": {"type": "grass", "variant": 8, "pos": [28, 9]}, "28;10": {"type": "grass", "variant": 8, "pos": [28, 10]}, "28;11": {"type": "grass", "variant": 5, "pos": [28, 11]}, "29;11": {"type": "grass", "variant": 5, "pos": [29, 11]}, "29;10": {"type": "grass", "variant": 8, "pos": [29, 10]}, "29;9": {"type": "grass", "variant": 3, "pos": [29, 9]}, "29;8": {"type": "grass", "variant": 3, "pos": [29, 8]}, "28;7": {"type": "grass", "variant": 0, "pos": [28, 7]}, "29;7": {"type": "grass", "variant": 2, "pos": [29, 7]}, "30;10": {"type": "grass", "variant": 1, "pos": [30, 10]}, "31;10": {"type": "grass", "variant": 1, "pos": [31, 10]}, "32;10": {"type": "grass", "variant": 1, "pos": [32, 10]}, "30;11": {"type": "grass", "variant": 5, "pos": [30, 11]}, "31;11": {"type": "grass", "variant": 5, "pos": [31, 11]}, "32;11": {"type": "grass", "variant": 5, "pos": [32, 11]}, "33;11": {"type": "grass", "variant": 5, "pos": [33, 11]}, "33;10": {"type": "grass", "variant": 8, "pos": [33, 10]}, "33;9": {"type": "grass", "variant": 7, "pos": [33, 9]}, "33;8": {"type": "grass", "variant": 7, "pos": [33, 8]}, "33;7": {"type": "grass", "variant": 0, "pos": [33, 7]}, "34;7": {"type": "grass", "variant": 2, "pos": [34, 7]}, "34;8": {"type": "grass", "variant": 8, "pos": [34, 8]}, "34;9": {"type": "grass", "variant": 8, "pos": [34, 9]}, "34;10": {"type": "grass", "variant": 8, "pos": [34, 10]}, "34;11": {"type": "grass", "variant": 5, "pos": [34, 11]}, "35;8": {"type": "grass", "variant": 2, "pos": [35, 8]}, "35;9": {"type": "grass", "variant": 8, "pos": [35, 9]}, "35;10": {"type": "grass", "variant": 8, "pos": [35, 10]}, "35;11": {"type": "grass", "variant": 5, "pos": [35, 11]}, "36;9": {"type": "grass", "variant": 2, "pos": [36, 9]}, "36;10": {"type": "grass", "variant": 3, "pos": [36, 10]}, "36;11": {"type": "grass", "variant": 4, "pos": [36, 11]}, "45;10": {"type": "grass", "variant": 0, "pos": [45, 10]}, "46;10": {"type": "grass", "variant": 1, "pos": [46, 10]}, "46;11": {"type": "grass", "variant": 5, "pos": [46, 11]}, "47;11": {"type": "grass", "variant": 5, "pos": [47, 11]}, "47;10": {"type": "grass", "variant": 1, "pos": [47, 10]}, "45;11": {"type": "grass", "variant": 6, "pos": [45, 11]}, "40;9": {"type": "grass", "variant": 0, "pos": [40, 9]}, "41;9": {"type": "grass", "variant": 2, "pos": [41, 9]}, "41;10": {"type": "grass", "variant": 3, "pos": [41, 10]}, "40;10": {"type": "grass", "variant": 7, "pos": [40, 10]}, "48;10": {"type": "grass", "variant": 1, "pos": [48, 10]}, "49;10": {"type": "grass", "variant": 1, "pos": [49, 10]}, "50;10": {"type": "grass", "variant": 1, "pos": [50, 10]}, "51;10": {"type": "grass", "variant": 2, "pos": [51, 10]}, "51;11": {"type": "grass", "variant": 4, "pos": [51, 11]}, "50;11": {"type": "grass", "variant": 5, "pos": [50, 11]}, "49;11": {"type": "grass", "variant": 5, "pos": [49, 11]}, "48;11": {"type": "grass", "variant": 5, "pos": [48, 11]}, "46;7": {"type": "grass", "variant": 9, "pos": [46, 7]}, "47;7": {"type": "grass", "variant": 11, "pos": [47, 7]}, "48;5": {"type": "grass", "variant": 9, "pos": [48, 5]}, "49;5": {"type": "grass", "variant": 10, "pos": [49, 5]}, "50;5": {"type": "grass", "variant": 11, "pos": [50, 5]}, "51;3": {"type": "grass", "variant": 9, "pos": [51, 3]}, "52;3": {"type": "grass", "variant": 11, "pos": [52, 3]}, "55;3": {"type": "grass", "variant": 0, "pos": [55, 3]}, "55;4": {"type": "grass", "variant": 6, "pos": [55, 4]}, "56;4": {"type": "grass", "variant": 5, "pos": [56, 4]}, "57;4": {"type": "grass", "variant": 5, "pos": [57, 4]}, "58;4": {"type": "grass", "variant": 5, "pos": [58, 4]}, "59;4": {"type": "grass", "variant": 5, "pos": [59, 4]}, "60;4": {"type": "grass", "variant": 5, "pos": [60, 4]}, "61;4": {"type": "grass", "variant": 5, "pos": [61, 4]}, "62;4": {"type": "grass", "variant": 4, "pos": [62, 4]}, "62;3": {"type": "grass", "variant": 2, "pos": [62, 3]}, "61;3": {"type": "grass", "variant": 1, "pos": [61, 3]}, "60;3": {"type": "grass", "variant": 1, "pos": [60, 3]}, "56;3": {"type": "grass", "variant": 1, "pos": [56, 3]}, "57;3": {"type": "grass", "variant": 1, "pos": [57, 3]}, "58;3": {"type": "grass", "variant": 1, "pos": [58, 3]}, "59;3": {"type": "grass", "variant": 1, "pos": [59, 3]}, "55;10": {"type": "grass", "variant": 0, "pos": [55, 10]}, "56;10": {"type": "grass", "variant": 1, "pos": [56, 10]}, "57;10": {"type": "grass", "variant": 1, "pos": [57, 10]}, "58;10": {"type": "grass", "variant": 2, "pos": [58, 10]}, "58;11": {"type": "grass", "variant": 4, "pos": [58, 11]}, "57;11": {"type": "grass", "variant": 5, "pos": [57, 11]}, "56;11": {"type": "grass", "variant": 5, "pos": [56, 11]}, "55;11": {"type": "grass", "variant": 6, "pos": [55, 11]}, "61;10": {"type": "grass", "variant": 0, "pos": [61, 10]}, "61;11": {"type": "grass", "variant": 6, "pos": [61, 11]}, "62;11": {"type": "grass", "variant": 5, "pos": [62, 11]}, "63;11": {"type": "grass", "variant": 5, "pos": [63, 11]}, "64;11": {"type": "grass", "variant": 4, "pos": [64, 11]}, "64;10": {"type": "grass", "variant": 2, "pos": [64, 10]}, "63;10": {"type": "grass", "variant": 1, "pos": [63, 10]}, "62;10": {"type": "grass", "variant": 1, "pos": [62, 10]}, "65;3": {"type": "grass", "variant": 0, "pos": [65, 3]}, "65;4": {"type": "grass", "variant": 6, "pos": [65, 4]}, "66;4": {"type": "grass", "variant": 5, "pos": [66, 4]}, "67;4": {"type": "grass", "variant": 5, "pos": [67, 4]}, "68;4": {"type": "grass", "variant": 4, "pos": [68, 4]}, "68;3": {"type": "grass", "variant": 2, "pos": [68, 3]}, "67;3": {"type": "grass", "variant": 8, "pos": [67, 3]}, "66;3": {"type": "grass", "variant": 8, "pos": [66, 3]}, "66;2": {"type": "grass", "variant": 0, "pos": [66, 2]}, "67;2": {"type": "grass", "variant": 2, "pos": [67, 2]}, "68;0": {"type": "grass", "variant": 6, "pos": [68, 0]}, "69;0": {"type": "grass", "variant": 5, "pos": [69, 0]}, "70;0": {"type": "grass", "variant": 5, "pos": [70, 0]}, "71;0": {"type": "grass", "variant": 4, "pos": [71, 0]}, "71;-1": {"type": "grass", "variant": 2, "pos": [71, -1]}, "70;-1": {"type": "grass", "variant": 1, "pos": [70, -1]}, "68;-1": {"type": "grass", "variant": 0, "pos": [68, -1]}, "69;-1": {"type": "grass", "variant": 1, "pos": [69, -1]}, "77;-1": {"type": "grass", "variant": 0, "pos": [77, -1]}, "77;0": {"type": "grass", "variant": 6, "pos": [77, 0]}, "78;0": {"type": "grass", "variant": 5, "pos": [78, 0]}, "79;0": {"type": "grass", "variant": 5, "pos": [79, 0]}, "80;0": {"type": "grass", "variant": 4, "pos": [80, 0]}, "80;-1": {"type": "grass", "variant": 2, "pos": [80, -1]}, "79;-1": {"type": "grass", "variant": 1, "pos": [79, -1]}, "78;-1": {"type": "grass", "variant": 1, "pos": [78, -1]}, "86;0": {"type": "grass", "variant": 6, "pos": [86, 0]}, "87;0": {"type": "grass", "variant": 5, "pos": [87, 0]}, "88;0": {"type": "grass", "variant": 5, "pos": [88, 0]}, "88;-1": {"type": "grass", "variant": 1, "pos": [88, -1]}, "87;-1": {"type": "grass", "variant": 1, "pos": [87, -1]}, "86;-1": {"type": "grass", "variant": 0, "pos": [86, -1]}, "89;-1": {"type": "grass", "variant": 2, "pos": [89, -1]}, "89;0": {"type": "grass", "variant": 4, "pos": [89, 0]}, "74;-3": {"type": "grass", "variant": 10, "pos": [74, -3]}, "83;-3": {"type": "grass", "variant": 10, "pos": [83, -3]}, "77;-5": {"type": "grass", "variant": 12, "pos": [77, -5]}, "80;-5": {"type": "grass", "variant": 12, "pos": [80, -5]}, "92;10": {"type": "grass", "variant": 0, "pos": [92, 10]}, "93;10": {"type": "grass", "variant": 1, "pos": [93, 10]}, "94;10": {"type": "grass", "variant": 2, "pos": [94, 10]}, "97;10": {"type": "grass", "variant": 0, "pos": [97, 10]}, "98;10": {"type": "grass", "variant": 1, "pos": [98, 10]}, "99;10": {"type": "grass", "variant": 1, "pos": [99, 10]}, "100;10": {"type": "grass", "variant": 2, "pos": [100, 10]}, "103;10": {"type": "grass", "variant": 0, "pos": [103, 10]}, "104;10": {"type": "grass", "variant": 1, "pos": [104, 10]}, "105;10": {"type": "grass", "variant": 1, "pos": [105, 10]}, "106;10": {"type": "grass", "variant": 1, "pos": [106, 10]}, "92;11": {"type": "grass", "variant": 6, "pos": [92, 11]}, "93;11": {"type": "grass", "variant": 5, "pos": [93, 11]}, "94;11": {"type": "grass", "variant": 4, "pos": [94, 11]}, "97;11": {"type": "grass", "variant": 6, "pos": [97, 11]}, "98;11": {"type": "grass", "variant": 5, "pos": [98, 11]}, "99;11": {"type": "grass", "variant": 5, "pos": [99, 11]}, "100;11": {"type": "grass", "variant": 4, "pos": [100, 11]}, "103;11": {"type": "grass", "variant": 6, "pos": [103, 11]}, "104;11": {"type": "grass", "variant": 5, "pos": [104, 11]}, "105;11": {"type": "grass", "variant": 5, "pos": [105, 11]}, "106;11": {"type": "grass", "variant": 5, "pos": [106, 11]}, "107;11": {"type": "grass", "variant": 5, "pos": [107, 11]}, "107;10": {"type": "grass", "variant": 8, "pos": [107, 10]}, "107;9": {"type": "grass", "variant": 7, "pos": [107, 9]}, "108;9": {"type": "grass", "variant": 8, "pos": [108, 9]}, "108;10": {"type": "grass", "variant": 8, "pos": [108, 10]}, "108;11": {"type": "grass", "variant": 5, "pos": [108, 11]}, "109;11": {"type": "grass", "variant": 5, "pos": [109, 11]}, "109;10": {"type": "grass", "variant": 8, "pos": [109, 10]}, "109;9": {"type": "grass", "variant": 8, "pos": [109, 9]}, "109;8": {"type": "grass", "variant": 8, "pos": [109, 8]}, "110;8": {"type": "grass", "variant": 8, "pos": [110, 8]}, "111;8": {"type": "grass", "variant": 3, "pos": [111, 8]}, "111;9": {"type": "grass", "variant": 3, "pos": [111, 9]}, "111;10": {"type": "grass", "variant": 8, "pos": [111, 10]}, "111;11": {"type": "grass", "variant": 5, "pos": [111, 11]}, "110;11": {"type": "grass", "variant": 5, "pos": [110, 11]}, "110;10": {"type": "grass", "variant": 8, "pos": [110, 10]}, "110;9": {"type": "grass", "variant": 8, "pos": [110, 9]}, "107;8": {"type": "grass", "variant": 0, "pos": [107, 8]}, "108;8": {"type": "grass", "variant": 1, "pos": [108, 8]}, "109;7": {"type": "grass", "variant": 7, "pos": [109, 7]}, "109;6": {"type": "grass", "variant": 0, "pos": [109, 6]}, "110;6": {"type": "grass", "variant": 1, "pos": [110, 6]}, "111;6": {"type": "grass", "variant": 2, "pos": [111, 6]}, "111;7": {"type": "grass", "variant": 3, "pos": [111, 7]}, "110;7": {"type": "grass", "variant": 8, "pos": [110, 7]}, "115;6": {"type": "grass", "variant": 0, "pos": [115, 6]}, "115;7": {"type": "grass", "variant": 7, "pos": [115, 7]}, "115;8": {"type": "grass", "variant": 7, "pos": [115, 8]}, "115;9": {"type": "grass", "variant": 7, "pos": [115, 9]}, "115;10": {"type": "grass", "variant": 8, "pos": [115, 10]}, "115;11": {"type": "grass", "variant": 5, "pos": [115, 11]}, "116;11": {"type": "grass", "variant": 5, "pos": [116, 11]}, "116;10": {"type": "grass", "variant": 8, "pos": [116, 10]}, "116;9": {"type": "grass", "variant": 8, "pos": [116, 9]}, "116;8": {"type": "grass", "variant": 8, "pos": [116, 8]}, "116;7": {"type": "grass", "variant": 3, "pos": [116, 7]}, "116;6": {"type": "grass", "variant": 2, "pos": [116, 6]}, "117;8": {"type": "grass", "variant": 1, "pos": [117, 8]}, "117;9": {"type": "grass", "variant": 8, "pos": [117, 9]}, "117;10": {"type": "grass", "variant": 8, "pos": [117, 10]}, "117;11": {"type": "grass", "variant": 5, "pos": [117, 11]}, "118;11": {"type": "grass", "variant": 5, "pos": [118, 11]}, "118;10": {"type": "grass", "variant": 8, "pos": [118, 10]}, "118;9": {"type": "grass", "variant": 3, "pos": [118, 9]}, "118;8": {"type": "grass", "variant": 2, "pos": [118, 8]}, "119;10": {"type": "grass", "variant": 1, "pos": [119, 10]}, "120;10": {"type": "grass", "variant": 1, "pos": [120, 10]}, "121;10": {"type": "grass", "variant": 1, "pos": [121, 10]}, "122;10": {"type": "grass", "variant": 1, "pos": [122, 10]}, "122;11": {"type": "grass", "variant": 5, "pos": [122, 11]}, "121;11": {"type": "grass", "variant": 5, "pos": [121, 11]}, "120;11": {"type": "grass", "variant": 5, "pos": [120, 11]}, "119;11": {"type": "grass", "variant": 5, "pos": [119, 11]}, "123;10": {"type": "grass", "variant": 1, "pos": [123, 10]}, "124;10": {"type": "grass", "variant": 1, "pos": [124, 10]}, "125;10": {"type": "grass", "variant": 1, "pos": [125, 10]}, "126;10": {"type": "grass", "variant": 1, "pos": [126, 10]}, "127;10": {"type": "grass", "variant": 1, "pos": [127, 10]}, "128;10": {"type": "grass", "variant": 2, "pos": [128, 10]}, "127;11": {"type": "grass", "variant": 5, "pos": [127, 11]}, "126;11": {"type": "grass", "variant": 5, "pos": [126, 11]}, "125;11": {"type": "grass", "variant": 5, "pos": [125, 11]}, "124;11": {"type": "grass", "variant": 5, "pos": [124, 11]}, "123;11": {"type": "grass", "variant": 5, "pos": [123, 11]}, "128;11": {"type": "grass", "variant": 4, "pos": [128, 11]}, "91;2": {"type": "grass", "variant": 0, "pos": [91, 2]}, "91;3": {"type": "grass", "variant": 6, "pos": [91, 3]}, "92;3": {"type": "grass", "variant": 4, "pos": [92, 3]}, "92;2": {"type": "grass", "variant": 2, "pos": [92, 2]}, "94;5": {"type": "grass", "variant": 9, "pos": [94, 5]}, "91;8": {"type": "grass", "variant": 11, "pos": [91, 8]}, "90;8": {"type": "grass", "variant": 10, "pos": [90, 8]}, "89;8": {"type": "grass", "variant": 9, "pos": [89, 8]}, "87;6": {"type": "grass", "variant": 11, "pos": [87, 6]}, "86;6": {"type": "grass", "variant": 10, "pos": [86, 6]}, "85;6": {"type": "grass", "variant": 9, "pos": [85, 6]}, "73;-3": {"type": "grass", "variant": 9, "pos": [73, -3]}, "75;-3": {"type": "grass", "variant": 11, "pos": [75, -3]}, "82;-3": {"type": "grass", "variant": 9, "pos": [82, -3]}, "84;-3": {"type": "grass", "variant": 11, "pos": [84, -3]}, "95;5": {"type": "grass", "variant": 11, "pos": [95, 5]}, "71;3": {"type": "grass", "variant": 0, "pos": [71, 3]}, "72;3": {"type": "grass", "variant": 2, "pos": [72, 3]}, "72;4": {"type": "grass", "variant": 3, "pos": [72, 4]}, "72;5": {"type": "grass", "variant": 3, "pos": [72, 5]}, "72;6": {"type": "grass", "variant": 8, "pos": [72, 6]}, "73;6": {"type": "grass", "variant": 1, "pos": [73, 6]}, "74;6": {"type": "grass", "variant": 1, "pos": [74, 6]}, "75;6": {"type": "grass", "variant": 1, "pos": [75, 6]}, "76;6": {"type": "grass", "variant": 8, "pos": [76, 6]}, "76;5": {"type": "grass", "variant": 7, "pos": [76, 5]}, "76;4": {"type": "grass", "variant": 7, "pos": [76, 4]}, "76;3": {"type": "grass", "variant": 0, "pos": [76, 3]}, "77;3": {"type": "grass", "variant": 2, "pos": [77, 3]}, "77;4": {"type": "grass", "variant": 3, "pos": [77, 4]}, "77;5": {"type": "grass", "variant": 3, "pos": [77, 5]}, "77;6": {"type": "grass", "variant": 3, "pos": [77, 6]}, "77;7": {"type": "grass", "variant": 3, "pos": [77, 7]}, "76;7": {"type": "grass", "variant": 8, "pos": [76, 7]}, "75;7": {"type": "grass", "variant": 8, "pos": [75, 7]}, "74;7": {"type": "grass", "variant": 8, "pos": [74, 7]}, "73;7": {"type": "grass", "variant": 8, "pos": [73, 7]}, "72;7": {"type": "grass", "variant": 8, "pos": [72, 7]}, "71;7": {"type": "grass", "variant": 7, "pos": [71, 7]}, "71;6": {"type": "grass", "variant": 7, "pos": [71, 6]}, "71;5": {"type": "grass", "variant": 7, "pos": [71, 5]}, "71;4": {"type": "grass", "variant": 7, "pos": [71, 4]}, "46;9": {"type": "decor/fence", "variant": 9, "pos": [46, 9]}, "120;9": {"type": "decor/fence", "variant": 9, "pos": [120, 9]}, "125;9": {"type": "decor/fence", "variant": 11, "pos": [125, 9]}, "61;2": {"type": "decor/fence", "variant": 11, "pos": [61, 2]}, "14;9": {"type": "decor/fence", "variant": 11, "pos": [14, 9]}, "11;9": {"type": "decor/fence", "variant": 10, "pos": [11, 9]}, "13;9": {"type": "decor/fence", "variant": 10, "pos": [13, 9]}, "47;9": {"type": "decor/fence", "variant": 10, "pos": [47, 9]}, "48;9": {"type": "decor/fence", "variant": 10, "pos": [48, 9]}, "49;9": {"type": "decor/fence", "variant": 10, "pos": [49, 9]}, "50;9": {"type": "decor/fence", "variant": 11, "pos": [50, 9]}, "60;2": {"type": "decor/fence", "variant": 10, "pos": [60, 2]}, "59;2": {"type": "decor/fence", "variant": 10, "pos": [59, 2]}, "57;2": {"type": "decor/fence", "variant": 10, "pos": [57, 2]}, "58;2": {"type": "decor/fence", "variant": 10, "pos": [58, 2]}, "121;9": {"type": "decor/fence", "variant": 10, "pos": [121, 9]}, "122;9": {"type": "decor/fence", "variant": 10, "pos": [122, 9]}, "123;9": {"type": "decor/fence", "variant": 10, "pos": [123, 9]}, "124;9": {"type": "decor/fence", "variant": 10, "pos": [124, 9]}, "56;2": {"type": "decor/fence", "variant": 9, "pos": [56, 2]}, "30;9": {"type": "decor/tree", "variant": 0, "pos": [30, 9]}, "32;9": {"type": "decor/tree", "variant": 0, "pos": [32, 9]}, "131;11": {"type": "grass", "variant": 6, "pos": [131, 11]}, "131;10": {"type": "grass", "variant": 7, "pos": [131, 10]}, "131;9": {"type": "grass", "variant": 7, "pos": [131, 9]}, "131;8": {"type": "grass", "variant": 0, "pos": [131, 8]}, "132;8": {"type": "grass", "variant": 2, "pos": [132, 8]}, "132;9": {"type": "grass", "variant": 3, "pos": [132, 9]}, "132;10": {"type": "grass", "variant": 3, "pos": [132, 10]}, "132;11": {"type": "grass", "variant": 5, "pos": [132, 11]}, "135;11": {"type": "grass", "variant": 5, "pos": [135, 11]}, "135;10": {"type": "grass", "variant": 7, "pos": [135, 10]}, "135;9": {"type": "grass", "variant": 7, "pos": [135, 9]}, "135;8": {"type": "grass", "variant": 7, "pos": [135, 8]}, "135;7": {"type": "grass", "variant": 7, "pos": [135, 7]}, "135;6": {"type": "grass", "variant": 0, "pos": [135, 6]}, "136;7": {"type": "grass", "variant": 3, "pos": [136, 7]}, "136;8": {"type": "grass", "variant": 3, "pos": [136, 8]}, "136;9": {"type": "grass", "variant": 8, "pos": [136, 9]}, "136;10": {"type": "grass", "variant": 8, "pos": [136, 10]}, "136;11": {"type": "grass", "variant": 5, "pos": [136, 11]}, "136;6": {"type": "grass", "variant": 2, "pos": [136, 6]}, "139;4": {"type": "grass", "variant": 0, "pos": [139, 4]}, "139;5": {"type": "grass", "variant": 7, "pos": [139, 5]}, "139;6": {"type": "grass", "variant": 7, "pos": [139, 6]}, "139;7": {"type": "grass", "variant": 7, "pos": [139, 7]}, "139;8": {"type": "grass", "variant": 7, "pos": [139, 8]}, "139;9": {"type": "grass", "variant": 8, "pos": [139, 9]}, "139;10": {"type": "grass", "variant": 8, "pos": [139, 10]}, "139;11": {"type": "grass", "variant": 5, "pos": [139, 11]}, "140;11": {"type": "grass", "variant": 5, "pos": [140, 11]}, "140;10": {"type": "grass", "variant": 8, "pos": [140, 10]}, "140;9": {"type": "grass", "variant": 8, "pos": [140, 9]}, "140;8": {"type": "grass", "variant": 8, "pos": [140, 8]}, "140;7": {"type": "grass", "variant": 8, "pos": [140, 7]}, "140;6": {"type": "grass", "variant": 3, "pos": [140, 6]}, "140;5": {"type": "grass", "variant": 3, "pos": [140, 5]}, "140;4": {"type": "grass", "variant": 2, "pos": [140, 4]}, "143;4": {"type": "grass", "variant": 0, "pos": [143, 4]}, "143;5": {"type": "grass", "variant": 7, "pos": [143, 5]}, "143;6": {"type": "grass", "variant": 7, "pos": [143, 6]}, "143;7": {"type": "grass", "variant": 8, "pos": [143, 7]}, "143;8": {"type": "grass", "variant": 8, "pos": [143, 8]}, "143;9": {"type": "grass", "variant": 8, "pos": [143, 9]}, "143;10": {"type": "grass", "variant": 8, "pos": [143, 10]}, "143;11": {"type": "grass", "variant": 5, "pos": [143, 11]}, "144;11": {"type": "grass", "variant": 5, "pos": [144, 11]}, "144;10": {"type": "grass", "variant": 8, "pos": [144, 10]}, "144;9": {"type": "grass", "variant": 8, "pos": [144, 9]}, "144;8": {"type": "grass", "variant": 3, "pos": [144, 8]}, "144;7": {"type": "grass", "variant": 3, "pos": [144, 7]}, "144;6": {"type": "grass", "variant": 3, "pos": [144, 6]}, "144;5": {"type": "grass", "variant": 3, "pos": [144, 5]}, "144;4": {"type": "grass", "variant": 2, "pos": [144, 4]}, "147;6": {"type": "grass", "variant": 0, "pos": [147, 6]}, "148;6": {"type": "grass", "variant": 2, "pos": [148, 6]}, "148;7": {"type": "grass", "variant": 3, "pos": [148, 7]}, "148;8": {"type": "grass", "variant": 3, "pos": [148, 8]}, "148;9": {"type": "grass", "variant": 3, "pos": [148, 9]}, "148;10": {"type": "grass", "variant": 3, "pos": [148, 10]}, "148;11": {"type": "grass", "variant": 5, "pos": [148, 11]}, "147;11": {"type": "grass", "variant": 5, "pos": [147, 11]}, "147;10": {"type": "grass", "variant": 8, "pos": [147, 10]}, "147;9": {"type": "grass", "variant": 8, "pos": [147, 9]}, "147;8": {"type": "grass", "variant": 7, "pos": [147, 8]}, "147;7": {"type": "grass", "variant": 7, "pos": [147, 7]}, "151;8": {"type": "grass", "variant": 0, "pos": [151, 8]}, "152;8": {"type": "grass", "variant": 2, "pos": [152, 8]}, "152;9": {"type": "grass", "variant": 3, "pos": [152, 9]}, "152;10": {"type": "grass", "variant": 3, "pos": [152, 10]}, "152;11": {"type": "grass", "variant": 4, "pos": [152, 11]}, "151;11": {"type": "grass", "variant": 5, "pos": [151, 11]}, "151;10": {"type": "grass", "variant": 7, "pos": [151, 10]}, "151;9": {"type": "grass", "variant": 7, "pos": [151, 9]}, "155;10": {"type": "grass", "variant": 0, "pos": [155, 10]}, "156;10": {"type": "grass", "variant": 1, "pos": [156, 10]}, "155;11": {"type": "grass", "variant": 6, "pos": [155, 11]}, "156;11": {"type": "grass", "variant": 5, "pos": [156, 11]}, "157;11": {"type": "grass", "variant": 5, "pos": [157, 11]}, "158;11": {"type": "grass", "variant": 5, "pos": [158, 11]}, "159;11": {"type": "grass", "variant": 5, "pos": [159, 11]}, "160;11": {"type": "grass", "variant": 5, "pos": [160, 11]}, "161;11": {"type": "grass", "variant": 5, "pos": [161, 11]}, "161;10": {"type": "grass", "variant": 1, "pos": [161, 10]}, "160;10": {"type": "grass", "variant": 1, "pos": [160, 10]}, "159;10": {"type": "grass", "variant": 1, "pos": [159, 10]}, "158;10": {"type": "grass", "variant": 1, "pos": [158, 10]}, "157;10": {"type": "grass", "variant": 1, "pos": [157, 10]}, "162;10": {"type": "grass", "variant": 1, "pos": [162, 10]}, "163;10": {"type": "grass", "variant": 1, "pos": [163, 10]}, "164;10": {"type": "grass", "variant": 1, "pos": [164, 10]}, "164;11": {"type": "grass", "variant": 5, "pos": [164, 11]}, "163;11": {"type": "grass", "variant": 5, "pos": [163, 11]}, "162;11": {"type": "grass", "variant": 5, "pos": [162, 11]}, "165;10": {"type": "grass", "variant": 2, "pos": [165, 10]}, "165;11": {"type": "grass", "variant": 4, "pos": [165, 11]}, "168;10": {"type": "grass", "variant": 0, "pos": [168, 10]}, "169;10": {"type": "grass", "variant": 8, "pos": [169, 10]}, "170;10": {"type": "grass", "variant": 8, "pos": [170, 10]}, "171;10": {"type": "grass", "variant": 3, "pos": [171, 10]}, "171;11": {"type": "grass", "variant": 4, "pos": [171, 11]}, "170;11": {"type": "grass", "variant": 5, "pos": [170, 11]}, "169;11": {"type": "grass", "variant": 5, "pos": [169, 11]}, "168;11": {"type": "grass", "variant": 6, "pos": [168, 11]}, "170;9": {"type": "grass", "variant": 8, "pos": [170, 9]}, "170;8": {"type": "grass", "variant": 8, "pos": [170, 8]}, "170;7": {"type": "grass", "variant": 7, "pos": [170, 7]}, "171;7": {"type": "grass", "variant": 3, "pos": [171, 7]}, "170;6": {"type": "grass", "variant": 0, "pos": [170, 6]}, "171;6": {"type": "grass", "variant": 2, "pos": [171, 6]}, "171;8": {"type": "grass", "variant": 3, "pos": [171, 8]}, "171;9": {"type": "grass", "variant": 3, "pos": [171, 9]}, "169;9": {"type": "grass", "variant": 7, "pos": [169, 9]}, "169;8": {"type": "grass", "variant": 0, "pos": [169, 8]}, "175;6": {"type": "grass", "variant": 10, "pos": [175, 6]}, "176;6": {"type": "grass", "variant": 10, "pos": [176, 6]}, "177;6": {"type": "grass", "variant": 10, "pos": [177, 6]}, "178;6": {"type": "grass", "variant": 11, "pos": [178, 6]}, "176;10": {"type": "grass", "variant": 1, "pos": [176, 10]}, "177;10": {"type": "grass", "variant": 2, "pos": [177, 10]}, "176;11": {"type": "grass", "variant": 5, "pos": [176, 11]}, "177;11": {"type": "grass", "variant": 4, "pos": [177, 11]}, "180;11": {"type": "grass", "variant": 5, "pos": [180, 11]}, "180;10": {"type": "grass", "variant": 1, "pos": [180, 10]}, "181;10": {"type": "grass", "variant": 2, "pos": [181, 10]}, "181;11": {"type": "grass", "variant": 4, "pos": [181, 11]}, "183;6": {"type": "grass", "variant": 10, "pos": [183, 6]}, "184;6": {"type": "grass", "variant": 10, "pos": [184, 6]}, "185;6": {"type": "grass", "variant": 10, "pos": [185, 6]}, "186;6": {"type": "grass", "variant": 11, "pos": [186, 6]}, "188;10": {"type": "grass", "variant": 1, "pos": [188, 10]}, "188;11": {"type": "grass", "variant": 5, "pos": [188, 11]}, "189;10": {"type": "grass", "variant": 2, "pos": [189, 10]}, "189;11": {"type": "grass", "variant": 4, "pos": [189, 11]}, "184;10": {"type": "grass", "variant": 1, "pos": [184, 10]}, "185;10": {"type": "grass", "variant": 2, "pos": [185, 10]}, "185;11": {"type": "grass", "variant": 4, "pos": [185, 11]}, "184;11": {"type": "grass", "variant": 5, "pos": [184, 11]}, "191;6": {"type": "grass", "variant": 10, "pos": [191, 6]}, "192;6": {"type": "grass", "variant": 10, "pos": [192, 6]}, "193;6": {"type": "grass", "variant": 10, "pos": [193, 6]}, "194;6": {"type": "grass", "variant": 11, "pos": [194, 6]}, "192;10": {"type": "grass", "variant": 1, "pos": [192, 10]}, "193;10": {"type": "grass", "variant": 2, "pos": [193, 10]}, "193;11": {"type": "grass", "variant": 4, "pos": [193, 11]}, "192;11": {"type": "grass", "variant": 5, "pos": [192, 11]}, "199;6": {"type": "grass", "variant": 1, "pos": [199, 6]}, "199;7": {"type": "grass", "variant": 5, "pos": [199, 7]}, "200;7": {"type": "grass", "variant": 5, "pos": [200, 7]}, "201;7": {"type": "grass", "variant": 8, "pos": [201, 7]}, "200;6": {"type": "grass", "variant": 1, "pos": [200, 6]}, "201;6": {"type": "grass", "variant": 1, "pos": [201, 6]}, "202;6": {"type": "grass", "variant": 1, "pos": [202, 6]}, "203;6": {"type": "grass", "variant": 1, "pos": [203, 6]}, "204;6": {"type": "grass", "variant": 2, "pos": [204, 6]}, "204;7": {"type": "grass", "variant": 3, "pos": [204, 7]}, "203;7": {"type": "grass", "variant": 8, "pos": [203, 7]}, "202;7": {"type": "grass", "variant": 8, "pos": [202, 7]}, "201;8": {"type": "grass", "variant": 7, "pos": [201, 8]}, "202;8": {"type": "grass", "variant": 8, "pos": [202, 8]}, "203;8": {"type": "grass", "variant": 8, "pos": [203, 8]}, "204;8": {"type": "grass", "variant": 8, "pos": [204, 8]}, "205;8": {"type": "grass", "variant": 1, "pos": [205, 8]}, "206;8": {"type": "grass", "variant": 2, "pos": [206, 8]}, "206;9": {"type": "grass", "variant": 3, "pos": [206, 9]}, "205;9": {"type": "grass", "variant": 8, "pos": [205, 9]}, "204;9": {"type": "grass", "variant": 8, "pos": [204, 9]}, "203;9": {"type": "grass", "variant": 8, "pos": [203, 9]}, "202;9": {"type": "grass", "variant": 5, "pos": [202, 9]}, "201;9": {"type": "grass", "variant": 6, "pos": [201, 9]}, "203;10": {"type": "grass", "variant": 7, "pos": [203, 10]}, "203;11": {"type": "grass", "variant": 6, "pos": [203, 11]}, "204;11": {"type": "grass", "variant": 5, "pos": [204, 11]}, "205;11": {"type": "grass", "variant": 5, "pos": [205, 11]}, "206;11": {"type": "grass", "variant": 5, "pos": [206, 11]}, "207;11": {"type": "grass", "variant": 8, "pos": [207, 11]}, "208;11": {"type": "grass", "variant": 3, "pos": [208, 11]}, "208;10": {"type": "grass", "variant": 2, "pos": [208, 10]}, "207;10": {"type": "grass", "variant": 1, "pos": [207, 10]}, "206;10": {"type": "grass", "variant": 8, "pos": [206, 10]}, "205;10": {"type": "grass", "variant": 8, "pos": [205, 10]}, "204;10": {"type": "grass", "variant": 8, "pos": [204, 10]}, "213;10": {"type": "grass", "variant": 1, "pos": [213, 10]}, "213;11": {"type": "grass", "variant": 8, "pos": [213, 11]}, "214;11": {"type": "grass", "variant": 5, "pos": [214, 11]}, "215;11": {"type": "grass", "variant": 5, "pos": [215, 11]}, "216;11": {"type": "grass", "variant": 5, "pos": [216, 11]}, "217;11": {"type": "grass", "variant": 5, "pos": [217, 11]}, "217;10": {"type": "grass", "variant": 1, "pos": [217, 10]}, "216;10": {"type": "grass", "variant": 1, "pos": [216, 10]}, "215;10": {"type": "grass", "variant": 1, "pos": [215, 10]}, "214;10": {"type": "grass", "variant": 1, "pos": [214, 10]}, "218;10": {"type": "grass", "variant": 1, "pos": [218, 10]}, "218;11": {"type": "grass", "variant": 5, "pos": [218, 11]}, "219;11": {"type": "grass", "variant": 5, "pos": [219, 11]}, "220;11": {"type": "grass", "variant": 5, "pos": [220, 11]}, "221;11": {"type": "grass", "variant": 5, "pos": [221, 11]}, "222;11": {"type": "grass", "variant": 5, "pos": [222, 11]}, "222;10": {"type": "grass", "variant": 1, "pos": [222, 10]}, "221;10": {"type": "grass", "variant": 1, "pos": [221, 10]}, "220;10": {"type": "grass", "variant": 1, "pos": [220, 10]}, "219;10": {"type": "grass", "variant": 1, "pos": [219, 10]}, "196;10": {"type": "grass", "variant": 1, "pos": [196, 10]}, "197;10": {"type": "grass", "variant": 2, "pos": [197, 10]}, "196;11": {"type": "grass", "variant": 5, "pos": [196, 11]}, "197;11": {"type": "grass", "variant": 4, "pos": [197, 11]}, "158;7": {"type": "grass", "variant": 9, "pos": [158, 7]}, "162;7": {"type": "grass", "variant": 11, "pos": [162, 7]}, "161;7": {"type": "grass", "variant": 10, "pos": [161, 7]}, "160;7": {"type": "grass", "variant": 10, "pos": [160, 7]}, "159;7": {"type": "grass", "variant": 10, "pos": [159, 7]}, "160;4": {"type": "grass", "variant": 10, "pos": [160, 4]}, "161;4": {"type": "grass", "variant": 11, "pos": [161, 4]}, "159;4": {"type": "grass", "variant": 9, "pos": [159, 4]}, "160;1": {"type": "grass", "variant": 12, "pos": [160, 1]}, "157;9": {"type": "decor/fence", "variant": 11, "pos": [157, 9]}, "158;9": {"type": "decor/fence", "variant": 11, "pos": [158, 9]}, "159;9": {"type": "decor/fence", "variant": 11, "pos": [159, 9]}, "161;9": {"type": "decor/fence", "variant": 9, "pos": [161, 9]}, "162;9": {"type": "decor/fence", "variant": 11, "pos": [162, 9]}, "163;9": {"type": "decor/fence", "variant": 11, "pos": [163, 9]}, "164;9": {"type": "decor/fence", "variant": 11, "pos": [164, 9]}, "156;9": {"type": "decor/fence", "variant": 9, "pos": [156, 9]}, "159;6": {"type": "decor/tree", "variant": 0, "pos": [159, 6]}, "160;6": {"type": "decor/tree", "variant": 0, "pos": [160, 6]}, "161;6": {"type": "decor/tree", "variant": 0, "pos": [161, 6]}, "0;9": {"type": "grass", "variant": 7, "pos": [0, 9]}, "0;8": {"type": "grass", "variant": 7, "pos": [0, 8]}, "0;7": {"type": "grass", "variant": 7, "pos": [0, 7]}, "0;6": {"type": "grass", "variant": 0, "pos": [0, 6]}, "1;6": {"type": "grass", "variant": 1, "pos": [1, 6]}, "1;7": {"type": "grass", "variant": 8, "pos": [1, 7]}, "1;8": {"type": "grass", "variant": 8, "pos": [1, 8]}, "1;9": {"type": "grass", "variant": 8, "pos": [1, 9]}, "2;6": {"type": "grass", "variant": 2, "pos": [2, 6]}, "2;7": {"type": "grass", "variant": 3, "pos": [2, 7]}, "2;8": {"type": "grass", "variant": 3, "pos": [2, 8]}, "2;9": {"type": "grass", "variant": 3, "pos": [2, 9]}, "80;6": {"type": "grass", "variant": 0, "pos": [80, 6]}, "81;6": {"type": "grass", "variant": 2, "pos": [81, 6]}, "80;7": {"type": "grass", "variant": 6, "pos": [80, 7]}, "81;7": {"type": "grass", "variant": 4, "pos": [81, 7]}, "71;8": {"type": "grass", "variant": 6, "pos": [71, 8]}, "72;8": {"type": "grass", "variant": 5, "pos": [72, 8]}, "73;8": {"type": "grass", "variant": 5, "pos": [73, 8]}, "74;8": {"type": "grass", "variant": 5, "pos": [74, 8]}, "75;8": {"type": "grass", "variant": 5, "pos": [75, 8]}, "76;8": {"type": "grass", "variant": 5, "pos": [76, 8]}, "77;8": {"type": "grass", "variant": 4, "pos": [77, 8]}, "40;11": {"type": "grass", "variant": 6, "pos": [40, 11]}, "41;11": {"type": "grass", "variant": 4, "pos": [41, 11]}, "10;9": {"type": "decor/fence", "variant": 9, "pos": [10, 9]}, "12;9": {"type": "decor/fence", "variant": 10, "pos": [12, 9]}, "220;8": {"type": "finishline", "variant": 0, "pos": [220, 8]}, "221;8": {"type": "finishline", "variant": 1, "pos": [221, 8]}, "220;9": {"type": "finishline", "variant": 2, "pos": [220, 9]}, "221;9": {"type": "finishline", "variant": 3, "pos": [221, 9]}, "210;6": {"type": "reward/food", "variant": 0, "pos": [210, 6]}, "211;6": {"type": "reward/food", "variant": 0, "pos": [211, 6]}, "209;6": {"type": "reward/food", "variant": 0, "pos": [209, 6]}, "196;2": {"type": "reward/food", "variant": 0, "pos": [196, 2]}, "197;2": {"type": "reward/food", "variant": 0, "pos": [197, 2]}, "188;2": {"type": "reward/food", "variant": 0, "pos": [188, 2]}, "189;2": {"type": "reward/food", "variant": 0, "pos": [189, 2]}, "170;5": {"type": "reward/food", "variant": 1, "pos": [170, 5]}, "160;0": {"type": "reward/food", "variant": 1, "pos": [160, 0]}, "151;7": {"type": "reward/food", "variant": 1, "pos": [151, 7]}, "146;1": {"type": "reward/food", "variant": 0, "pos": [146, 1]}, "141;0": {"type": "reward/food", "variant": 0, "pos": [141, 0]}, "142;0": {"type": "reward/food", "variant": 0, "pos": [142, 0]}, "138;1": {"type": "reward/food", "variant": 0, "pos": [138, 1]}, "137;1": {"type": "reward/food", "variant": 0, "pos": [137, 1]}, "145;1": {"type": "reward/food", "variant": 0, "pos": [145, 1]}, "134;4": {"type": "reward/food", "variant": 0, "pos": [134, 4]}, "133;4": {"type": "reward/food", "variant": 0, "pos": [133, 4]}, "149;4": {"type": "reward/food", "variant": 0, "pos": [149, 4]}, "150;4": {"type": "reward/food", "variant": 0, "pos": [150, 4]}, "112;2": {"type": "reward/food", "variant": 0, "pos": [112, 2]}, "113;2": {"type": "reward/food", "variant": 0, "pos": [113, 2]}, "114;2": {"type": "reward/food", "variant": 0, "pos": [114, 2]}, "98;9": {"type": "reward/food", "variant": 1, "pos": [98, 9]}, "92;1": {"type": "reward/food", "variant": 1, "pos": [92, 1]}, "80;-6": {"type": "reward/food", "variant": 1, "pos": [80, -6]}, "77;-6": {"type": "reward/food", "variant": 1, "pos": [77, -6]}, "80;5": {"type": "reward/food", "variant": 1, "pos": [80, 5]}, "54;0": {"type": "reward/food", "variant": 0, "pos": [54, 0]}, "53;0": {"type": "reward/food", "variant": 0, "pos": [53, 0]}, "59;7": {"type": "reward/food", "variant": 0, "pos": [59, 7]}, "60;7": {"type": "reward/food", "variant": 0, "pos": [60, 7]}, "31;3": {"type": "reward/food", "variant": 0, "pos": [31, 3]}, "32;3": {"type": "reward/food", "variant": 0, "pos": [32, 3]}, "30;3": {"type": "reward/food", "variant": 0, "pos": [30, 3]}, "24;6": {"type": "reward/food", "variant": 0, "pos": [24, 6]}, "23;6": {"type": "reward/food", "variant": 0, "pos": [23, 6]}, "16;6": {"type": "reward/food", "variant": 0, "pos": [16, 6]}, "17;6": {"type": "reward/food", "variant": 0, "pos": [17, 6]}, "31;9": {"type": "decor/firehole", "variant": 0, "pos": [31, 9]}, "38;15": {"type": "decor/firehole", "variant": 0, "pos": [38, 15]}, "43;15": {"type": "decor/firehole", "variant": 0, "pos": [43, 15]}, "53;15": {"type": "decor/firehole", "variant": 0, "pos": [53, 15]}, "93;9": {"type": "decor/firehole", "variant": 0, "pos": [93, 9]}, "113;9": {"type": "decor/firehole", "variant": 0, "pos": [113, 9]}, "112;10": {"type": "grass", "variant": 1, "pos": [112, 10]}, "113;10": {"type": "grass", "variant": 1, "pos": [113, 10]}, "114;10": {"type": "grass", "variant": 1, "pos": [114, 10]}, "114;11": {"type": "grass", "variant": 5, "pos": [114, 11]}, "113;11": {"type": "grass", "variant": 5, "pos": [113, 11]}, "112;11": {"type": "grass", "variant": 5, "pos": [112, 11]}, "133;11": {"type": "grass", "variant": 10, "pos": [133, 11]}, "134;11": {"type": "grass", "variant": 10, "pos": [134, 11]}, "137;9": {"type": "grass", "variant": 1, "pos": [137, 9]}, "138;9": {"type": "grass", "variant": 1, "pos": [138, 9]}, "141;7": {"type": "grass", "variant": 1, "pos": [141, 7]}, "142;7": {"type": "grass", "variant": 1, "pos": [142, 7]}, "137;10": {"type": "grass", "variant": 8, "pos": [137, 10]}, "138;10": {"type": "grass", "variant": 8, "pos": [138, 10]}, "138;11": {"type": "grass", "variant": 5, "pos": [138, 11]}, "137;11": {"type": "grass", "variant": 5, "pos": [137, 11]}, "141;11": {"type": "grass", "variant": 5, "pos": [141, 11]}, "142;11": {"type": "grass", "variant": 5, "pos": [142, 11]}, "142;10": {"type": "grass", "variant": 8, "pos": [142, 10]}, "142;9": {"type": "grass", "variant": 8, "pos": [142, 9]}, "141;9": {"type": "grass", "variant": 8, "pos": [141, 9]}, "141;10": {"type": "grass", "variant": 8, "pos": [141, 10]}, "142;8": {"type": "grass", "variant": 8, "pos": [142, 8]}, "141;8": {"type": "grass", "variant": 8, "pos": [141, 8]}, "145;9": {"type": "grass", "variant": 1, "pos": [145, 9]}, "146;9": {"type": "grass", "variant": 1, "pos": [146, 9]}, "146;10": {"type": "grass", "variant": 8, "pos": [146, 10]}, "145;10": {"type": "grass", "variant": 8, "pos": [145, 10]}, "145;11": {"type": "grass", "variant": 5, "pos": [145, 11]}, "146;11": {"type": "grass", "variant": 5, "pos": [146, 11]}, "149;11": {"type": "grass", "variant": 10, "pos": [149, 11]}, "150;11": {"type": "grass", "variant": 10, "pos": [150, 11]}, "133;10": {"type": "decor/firehole", "variant": 0, "pos": [133, 10]}, "137;8": {"type": "decor/firehole", "variant": 0, "pos": [137, 8]}, "141;6": {"type": "decor/firehole", "variant": 0, "pos": [141, 6]}, "145;8": {"type": "decor/firehole", "variant": 0, "pos": [145, 8]}, "149;10": {"type": "decor/firehole", "variant": 0, "pos": [149, 10]}, "180;9": {"type": "decor/firehole", "variant": 0, "pos": [180, 9]}, "196;9": {"type": "decor/firehole", "variant": 0, "pos": [196, 9]}, "208;12": {"type": "grass", "variant": 3, "pos": [208, 12]}, "207;12": {"type": "grass", "variant": 7, "pos": [207, 12]}, "207;13": {"type": "grass", "variant": 7, "pos": [207, 13]}, "208;13": {"type": "grass", "variant": 8, "pos": [208, 13]}, "209;13": {"type": "grass", "variant": 1, "pos": [209, 13]}, "210;13": {"type": "grass", "variant": 1, "pos": [210, 13]}, "211;13": {"type": "grass", "variant": 1, "pos": [211, 13]}, "212;13": {"type": "grass", "variant": 8, "pos": [212, 13]}, "213;13": {"type": "grass", "variant": 3, "pos": [213, 13]}, "213;12": {"type": "grass", "variant": 3, "pos": [213, 12]}, "208;14": {"type": "grass", "variant": 5, "pos": [208, 14]}, "209;14": {"type": "grass", "variant": 5, "pos": [209, 14]}, "210;14": {"type": "grass", "variant": 5, "pos": [210, 14]}, "211;14": {"type": "grass", "variant": 5, "pos": [211, 14]}, "212;14": {"type": "grass", "variant": 5, "pos": [212, 14]}, "213;14": {"type": "grass", "variant": 4, "pos": [213, 14]}, "207;14": {"type": "grass", "variant": 6, "pos": [207, 14]}, "210;12": {"type": "decor/firehole", "variant": 0, "pos": [210, 12]}, "212;12": {"type": "grass", "variant": 7, "pos": [212, 12]}, "212;11": {"type": "grass", "variant": 7, "pos": [212, 11]}, "212;10": {"type": "grass", "variant": 0, "pos": [212, 10]}, "195;10": {"type": "grass", "variant": 0, "pos": [195, 10]}, "195;11": {"type": "grass", "variant": 6, "pos": [195, 11]}, "198;6": {"type": "grass", "variant": 0, "pos": [198, 6]}, "198;7": {"type": "grass", "variant": 6, "pos": [198, 7]}, "179;10": {"type": "grass", "variant": 0, "pos": [179, 10]}, "179;11": {"type": "grass", "variant": 6, "pos": [179, 11]}, "175;10": {"type": "grass", "variant": 0, "pos": [175, 10]}, "175;11": {"type": "grass", "variant": 6, "pos": [175, 11]}, "183;10": {"type": "grass", "variant": 0, "pos": [183, 10]}, "183;11": {"type": "grass", "variant": 6, "pos": [183, 11]}, "187;10": {"type": "grass", "variant": 0, "pos": [187, 10]}, "187;11": {"type": "grass", "variant": 6, "pos": [187, 11]}, "191;10": {"type": "grass", "variant": 0, "pos": [191, 10]}, "191;11": {"type": "grass", "variant": 6, "pos": [191, 11]}, "174;6": {"type": "grass", "variant": 9, "pos": [174, 6]}, "182;6": {"type": "grass", "variant": 9, "pos": [182, 6]}, "190;6": {"type": "grass", "variant": 9, "pos": [190, 6]}, "188;9": {"type": "decor/firehole", "variant": 0, "pos": [188, 9]}, "195;2": {"type": "reward/food", "variant": 0, "pos": [195, 2]}, "187;2": {"type": "reward/food", "variant": 0, "pos": [187, 2]}, "181;2": {"type": "reward/food", "variant": 0, "pos": [181, 2]}, "180;2": {"type": "reward/food", "variant": 0, "pos": [180, 2]}, "179;2": {"type": "reward/food", "variant": 0, "pos": [179, 2]}, "53;16": {"type": "grass", "variant": 10, "pos": [53, 16]}, "54;16": {"type": "grass", "variant": 11, "pos": [54, 16]}, "43;16": {"type": "grass", "variant": 10, "pos": [43, 16]}, "44;16": {"type": "grass", "variant": 11, "pos": [44, 16]}, "39;16": {"type": "grass", "variant": 11, "pos": [39, 16]}, "38;16": {"type": "grass", "variant": 10, "pos": [38, 16]}, "37;16": {"type": "grass", "variant": 9, "pos": [37, 16]}, "42;16": {"type": "grass", "variant": 9, "pos": [42, 16]}, "52;16": {"type": "grass", "variant": 9, "pos": [52, 16]}, "37;5": {"type": "reward/food", "variant": 0, "pos": [37, 5]}, "38;5": {"type": "reward/food", "variant": 0, "pos": [38, 5]}, "39;5": {"type": "reward/food", "variant": 0, "pos": [39, 5]}, "43;5": {"type": "reward/food", "variant": 0, "pos": [43, 5]}, "42;5": {"type": "reward/food", "variant": 0, "pos": [42, 5]}, "44;5": {"type": "reward/food", "variant": 0, "pos": [44, 5]}, "223;10": {"type": "grass", "variant": 1, "pos": [223, 10]}, "224;10": {"type": "grass", "variant": 1, "pos": [224, 10]}, "225;10": {"type": "grass", "variant": 1, "pos": [225, 10]}, "226;10": {"type": "grass", "variant": 1, "pos": [226, 10]}, "227;10": {"type": "grass", "variant": 1, "pos": [227, 10]}, "228;10": {"type": "grass", "variant": 2, "pos": [228, 10]}, "228;11": {"type": "grass", "variant": 4, "pos": [228, 11]}, "227;11": {"type": "grass", "variant": 5, "pos": [227, 11]}, "226;11": {"type": "grass", "variant": 5, "pos": [226, 11]}, "225;11": {"type": "grass", "variant": 5, "pos": [225, 11]}, "224;11": {"type": "grass", "variant": 5, "pos": [224, 11]}, "223;11": {"type": "grass", "variant": 5, "pos": [223, 11]}}, "tile_size": 16, "offgrid": [{"type": "decor/tree", "variant": 0, "pos": [1654.4, 144.8]}, {"type": "decor/tree", "variant": 0, "pos": [1665.0, 144.6]}, {"type": "decor/tree", "variant": 0, "pos": [1676.0, 144.0]}, {"type": "decor/tree", "variant": 0, "pos": [1687.0, 144.2]}, {"type": "decor/tree", "variant": 0, "pos": [1726.6, 112.6]}, {"type": "decor/tree", "variant": 0, "pos": [1451.6, 112.2]}, {"type": "decor/tree", "variant": 0, "pos": [1436.0, 112.4]}, {"type": "decor/tree", "variant": 0, "pos": [1146.0, 32.599999999999994]}, {"type": "decor/tree", "variant": 0, "pos": [1126.8, -32.0]}, {"type": "decor/tree", "variant": 0, "pos": [1117.4, -31.200000000000003]}, {"type": "decor/tree", "variant": 0, "pos": [1172.8, -63.2]}, {"type": "decor/tree", "variant": 0, "pos": [943.4, 32.599999999999994]}, {"type": "decor/tree", "variant": 0, "pos": [957.8, 32.0]}, {"type": "decor/tree", "variant": 0, "pos": [647.2, 128.8]}, {"type": "decor/tree", "variant": 0, "pos": [541.8, 96.4]}, {"type": "decor/tree", "variant": 0, "pos": [141.4, 144.0]}, {"type": "decor/tree", "variant": 0, "pos": [124.0, 144.6]}, {"type": "decor/tree", "variant": 1, "pos": [790.2, 128.0]}, {"type": "decor/tree", "variant": 1, "pos": [766.6, 128.2]}, {"type": "decor/tree", "variant": 1, "pos": [966.4, 16.200000000000003]}, {"type": "decor/tree", "variant": 1, "pos": [1092.4, -47.4]}, {"type": "decor/tree", "variant": 1, "pos": [1359.0, 64.80000000000001]}, {"type": "decor/tree", "variant": 1, "pos": [1417.4, 96.6]}, {"type": "decor/tree", "variant": 1, "pos": [1670.0, 128.0]}, {"type": "decor/tree", "variant": 1, "pos": [1740.6, 64.6]}, {"type": "decor/tree", "variant": 1, "pos": [1312.8, -79.6]}, {"type": "spawners", "variant": 1, "pos": [772.8, 62.400000000000006]}, {"type": "spawners", "variant": 1, "pos": [890.0, 30.200000000000003]}, {"type": "spawners", "variant": 1, "pos": [891.4, 142.4]}, {"type": "spawners", "variant": 1, "pos": [1185.8, -65.6]}, {"type": "spawners", "variant": 1, "pos": [1384.2, -33.80000000000001]}, {"type": "spawners", "variant": 1, "pos": [1174.8, 78.4]}, {"type": "spawners", "variant": 1, "pos": [1661.0, 142.2]}, {"type": "spawners", "variant": 1, "pos": [2018.8, 142.2]}, {"type": "decor/tree", "variant": 0, "pos": [2360.0, 80.0]}, {"type": "decor/tree", "variant": 1, "pos": [2553.6, 128.4]}, {"type": "decor/tree", "variant": 1, "pos": [2807.2, 64.2]}, {"type": "decor/tree", "variant": 1, "pos": [3230.6, 64.6]}, {"type": "decor/tree", "variant": 0, "pos": [3219.2, 80.4]}, {"type": "decor/tree", "variant": 0, "pos": [2952.0, 144.0]}, {"type": "decor/tree", "variant": 0, "pos": [2829.0, 80.4]}, {"type": "spawners", "variant": 1, "pos": [2586.6, 94.2]}, {"type": "spawners", "variant": 1, "pos": [2501.4, 142.4]}, {"type": "spawners", "variant": 1, "pos": [2297.0, 46.0]}, {"type": "spawners", "variant": 1, "pos": [2932.0, 78.0]}, {"type": "spawners", "variant": 1, "pos": [3253.0, 78.2]}, {"type": "spawners", "variant": 0, "pos": [88.4, 137.6]}, {"type": "decor/tree", "variant": 0, "pos": [7.0, 80.2]}, {"type": "decor/tree", "variant": 1, "pos": [15.600000000000001, 64.6]}, {"type": "decor/summer_tree", "variant": 22, "pos": [1000.4, 144.4]}, {"type": "decor/summer_tree", "variant": 21, "pos": [984.4, 144.6]}, {"type": "decor/summer_tree", "variant": 23, "pos": [1016.6, 144.8]}, {"type": "decor/summer_tree", "variant": 10, "pos": [1000.4, 128.2]}, {"type": "decor/summer_tree", "variant": 9, "pos": [984.4, 128.4]}, {"type": "decor/summer_tree", "variant": 11, "pos": [1016.8, 128.4]}, {"type": "decor/summer_tree", "variant": 8, "pos": [1016.0, 112.2]}, {"type": "decor/summer_tree", "variant": 7, "pos": [1000.2, 112.0]}, {"type": "decor/summer_tree", "variant": 6, "pos": [984.0, 112.4]}, {"type": "checkpoint", "variant": 0, "pos": [1112.5, -56.0]}, {"type": "checkpoint", "variant": 0, "pos": [2360.0, 52.0]}, {"type": "largedecor", "variant": 1, "pos": [305.0, 113.0]}, {"type": "largedecor", "variant": 0, "pos": [1239.5, -33.0]}, {"type": "largedecor", "variant": 0, "pos": [3056.0, 79.0]}, {"type": "largedecor", "variant": 1, "pos": [3412.0, 113.0]}, {"type": "largedecor", "variant": 1, "pos": [3595.5, 113.0]}, {"type": "building", "variant": 0, "pos": [1928.5, 82.5]}]}