{"tilemap": {"0;10": {"type": "grass", "variant": 7, "pos": [0, 10]}, "1;10": {"type": "grass", "variant": 8, "pos": [1, 10]}, "2;10": {"type": "grass", "variant": 8, "pos": [2, 10]}, "3;10": {"type": "grass", "variant": 1, "pos": [3, 10]}, "4;10": {"type": "grass", "variant": 1, "pos": [4, 10]}, "5;10": {"type": "grass", "variant": 1, "pos": [5, 10]}, "6;10": {"type": "grass", "variant": 1, "pos": [6, 10]}, "7;10": {"type": "grass", "variant": 1, "pos": [7, 10]}, "8;10": {"type": "grass", "variant": 1, "pos": [8, 10]}, "9;10": {"type": "grass", "variant": 2, "pos": [9, 10]}, "12;10": {"type": "grass", "variant": 0, "pos": [12, 10]}, "13;10": {"type": "grass", "variant": 1, "pos": [13, 10]}, "13;11": {"type": "grass", "variant": 8, "pos": [13, 11]}, "12;11": {"type": "grass", "variant": 7, "pos": [12, 11]}, "9;11": {"type": "grass", "variant": 3, "pos": [9, 11]}, "8;11": {"type": "grass", "variant": 8, "pos": [8, 11]}, "7;11": {"type": "grass", "variant": 5, "pos": [7, 11]}, "6;11": {"type": "grass", "variant": 5, "pos": [6, 11]}, "5;11": {"type": "grass", "variant": 5, "pos": [5, 11]}, "4;11": {"type": "grass", "variant": 5, "pos": [4, 11]}, "3;11": {"type": "grass", "variant": 5, "pos": [3, 11]}, "2;11": {"type": "grass", "variant": 5, "pos": [2, 11]}, "1;11": {"type": "grass", "variant": 5, "pos": [1, 11]}, "0;11": {"type": "grass", "variant": 6, "pos": [0, 11]}, "14;10": {"type": "grass", "variant": 1, "pos": [14, 10]}, "14;11": {"type": "grass", "variant": 8, "pos": [14, 11]}, "15;10": {"type": "grass", "variant": 2, "pos": [15, 10]}, "15;11": {"type": "grass", "variant": 3, "pos": [15, 11]}, "18;10": {"type": "grass", "variant": 0, "pos": [18, 10]}, "19;10": {"type": "grass", "variant": 1, "pos": [19, 10]}, "20;10": {"type": "grass", "variant": 1, "pos": [20, 10]}, "18;11": {"type": "grass", "variant": 7, "pos": [18, 11]}, "19;11": {"type": "grass", "variant": 8, "pos": [19, 11]}, "20;11": {"type": "grass", "variant": 5, "pos": [20, 11]}, "21;11": {"type": "grass", "variant": 5, "pos": [21, 11]}, "22;11": {"type": "grass", "variant": 4, "pos": [22, 11]}, "21;10": {"type": "grass", "variant": 1, "pos": [21, 10]}, "22;10": {"type": "grass", "variant": 2, "pos": [22, 10]}, "25;10": {"type": "grass", "variant": 7, "pos": [25, 10]}, "25;11": {"type": "grass", "variant": 6, "pos": [25, 11]}, "26;11": {"type": "grass", "variant": 5, "pos": [26, 11]}, "26;10": {"type": "grass", "variant": 8, "pos": [26, 10]}, "26;9": {"type": "grass", "variant": 8, "pos": [26, 9]}, "27;9": {"type": "grass", "variant": 8, "pos": [27, 9]}, "27;10": {"type": "grass", "variant": 8, "pos": [27, 10]}, "27;11": {"type": "grass", "variant": 5, "pos": [27, 11]}, "27;8": {"type": "grass", "variant": 8, "pos": [27, 8]}, "28;8": {"type": "grass", "variant": 8, "pos": [28, 8]}, "28;9": {"type": "grass", "variant": 8, "pos": [28, 9]}, "28;10": {"type": "grass", "variant": 8, "pos": [28, 10]}, "28;11": {"type": "grass", "variant": 5, "pos": [28, 11]}, "29;11": {"type": "grass", "variant": 5, "pos": [29, 11]}, "29;10": {"type": "grass", "variant": 8, "pos": [29, 10]}, "29;9": {"type": "grass", "variant": 3, "pos": [29, 9]}, "29;8": {"type": "grass", "variant": 3, "pos": [29, 8]}, "28;7": {"type": "grass", "variant": 8, "pos": [28, 7]}, "29;7": {"type": "grass", "variant": 3, "pos": [29, 7]}, "34;8": {"type": "grass", "variant": 0, "pos": [34, 8]}, "34;9": {"type": "grass", "variant": 7, "pos": [34, 9]}, "34;10": {"type": "grass", "variant": 8, "pos": [34, 10]}, "34;11": {"type": "grass", "variant": 5, "pos": [34, 11]}, "35;8": {"type": "grass", "variant": 2, "pos": [35, 8]}, "35;9": {"type": "grass", "variant": 8, "pos": [35, 9]}, "35;10": {"type": "grass", "variant": 8, "pos": [35, 10]}, "35;11": {"type": "grass", "variant": 5, "pos": [35, 11]}, "36;9": {"type": "grass", "variant": 2, "pos": [36, 9]}, "36;10": {"type": "grass", "variant": 8, "pos": [36, 10]}, "36;11": {"type": "grass", "variant": 5, "pos": [36, 11]}, "37;10": {"type": "grass", "variant": 2, "pos": [37, 10]}, "37;11": {"type": "grass", "variant": 4, "pos": [37, 11]}, "40;9": {"type": "grass", "variant": 0, "pos": [40, 9]}, "41;9": {"type": "grass", "variant": 2, "pos": [41, 9]}, "41;10": {"type": "grass", "variant": 3, "pos": [41, 10]}, "40;10": {"type": "grass", "variant": 7, "pos": [40, 10]}, "48;5": {"type": "grass", "variant": 9, "pos": [48, 5]}, "49;5": {"type": "grass", "variant": 11, "pos": [49, 5]}, "62;3": {"type": "grass", "variant": 11, "pos": [62, 3]}, "61;3": {"type": "grass", "variant": 10, "pos": [61, 3]}, "60;3": {"type": "decor/fireswing", "variant": 0, "pos": [60, 3]}, "58;3": {"type": "grass", "variant": 9, "pos": [58, 3]}, "59;3": {"type": "grass", "variant": 10, "pos": [59, 3]}, "55;10": {"type": "grass", "variant": 1, "pos": [55, 10]}, "56;10": {"type": "grass", "variant": 1, "pos": [56, 10]}, "57;10": {"type": "grass", "variant": 2, "pos": [57, 10]}, "57;11": {"type": "grass", "variant": 3, "pos": [57, 11]}, "56;11": {"type": "grass", "variant": 8, "pos": [56, 11]}, "55;11": {"type": "grass", "variant": 8, "pos": [55, 11]}, "63;11": {"type": "grass", "variant": 7, "pos": [63, 11]}, "64;11": {"type": "grass", "variant": 3, "pos": [64, 11]}, "64;10": {"type": "grass", "variant": 2, "pos": [64, 10]}, "63;10": {"type": "grass", "variant": 0, "pos": [63, 10]}, "65;3": {"type": "grass", "variant": 9, "pos": [65, 3]}, "68;3": {"type": "grass", "variant": 11, "pos": [68, 3]}, "67;3": {"type": "grass", "variant": 5, "pos": [67, 3]}, "66;3": {"type": "grass", "variant": 5, "pos": [66, 3]}, "66;2": {"type": "grass", "variant": 0, "pos": [66, 2]}, "67;2": {"type": "grass", "variant": 2, "pos": [67, 2]}, "68;0": {"type": "grass", "variant": 6, "pos": [68, 0]}, "69;0": {"type": "decor/fireswing", "variant": 0, "pos": [69, 0]}, "70;0": {"type": "grass", "variant": 6, "pos": [70, 0]}, "71;0": {"type": "grass", "variant": 4, "pos": [71, 0]}, "71;-1": {"type": "grass", "variant": 2, "pos": [71, -1]}, "70;-1": {"type": "grass", "variant": 1, "pos": [70, -1]}, "68;-1": {"type": "grass", "variant": 0, "pos": [68, -1]}, "69;-1": {"type": "grass", "variant": 1, "pos": [69, -1]}, "86;0": {"type": "grass", "variant": 6, "pos": [86, 0]}, "87;0": {"type": "grass", "variant": 5, "pos": [87, 0]}, "88;0": {"type": "grass", "variant": 5, "pos": [88, 0]}, "88;-1": {"type": "grass", "variant": 1, "pos": [88, -1]}, "87;-1": {"type": "grass", "variant": 1, "pos": [87, -1]}, "86;-1": {"type": "grass", "variant": 0, "pos": [86, -1]}, "89;-1": {"type": "grass", "variant": 1, "pos": [89, -1]}, "89;0": {"type": "grass", "variant": 5, "pos": [89, 0]}, "74;-3": {"type": "grass", "variant": 10, "pos": [74, -3]}, "83;-3": {"type": "grass", "variant": 10, "pos": [83, -3]}, "77;-5": {"type": "grass", "variant": 0, "pos": [77, -5]}, "80;-5": {"type": "grass", "variant": 2, "pos": [80, -5]}, "103;10": {"type": "grass", "variant": 0, "pos": [103, 10]}, "104;10": {"type": "grass", "variant": 1, "pos": [104, 10]}, "105;10": {"type": "grass", "variant": 1, "pos": [105, 10]}, "106;10": {"type": "grass", "variant": 1, "pos": [106, 10]}, "103;11": {"type": "grass", "variant": 5, "pos": [103, 11]}, "104;11": {"type": "grass", "variant": 5, "pos": [104, 11]}, "105;11": {"type": "grass", "variant": 5, "pos": [105, 11]}, "106;11": {"type": "grass", "variant": 5, "pos": [106, 11]}, "107;11": {"type": "grass", "variant": 5, "pos": [107, 11]}, "107;10": {"type": "grass", "variant": 8, "pos": [107, 10]}, "107;9": {"type": "grass", "variant": 7, "pos": [107, 9]}, "108;9": {"type": "grass", "variant": 8, "pos": [108, 9]}, "108;10": {"type": "grass", "variant": 8, "pos": [108, 10]}, "108;11": {"type": "grass", "variant": 5, "pos": [108, 11]}, "109;11": {"type": "grass", "variant": 5, "pos": [109, 11]}, "109;10": {"type": "grass", "variant": 8, "pos": [109, 10]}, "109;9": {"type": "grass", "variant": 8, "pos": [109, 9]}, "109;8": {"type": "grass", "variant": 8, "pos": [109, 8]}, "110;8": {"type": "grass", "variant": 8, "pos": [110, 8]}, "111;8": {"type": "grass", "variant": 3, "pos": [111, 8]}, "111;9": {"type": "grass", "variant": 3, "pos": [111, 9]}, "111;10": {"type": "grass", "variant": 3, "pos": [111, 10]}, "111;11": {"type": "grass", "variant": 4, "pos": [111, 11]}, "110;11": {"type": "grass", "variant": 5, "pos": [110, 11]}, "110;10": {"type": "grass", "variant": 8, "pos": [110, 10]}, "110;9": {"type": "grass", "variant": 8, "pos": [110, 9]}, "107;8": {"type": "grass", "variant": 0, "pos": [107, 8]}, "108;8": {"type": "grass", "variant": 1, "pos": [108, 8]}, "109;7": {"type": "grass", "variant": 7, "pos": [109, 7]}, "109;6": {"type": "grass", "variant": 0, "pos": [109, 6]}, "110;6": {"type": "grass", "variant": 1, "pos": [110, 6]}, "111;6": {"type": "grass", "variant": 2, "pos": [111, 6]}, "111;7": {"type": "grass", "variant": 3, "pos": [111, 7]}, "110;7": {"type": "grass", "variant": 8, "pos": [110, 7]}, "115;6": {"type": "grass", "variant": 0, "pos": [115, 6]}, "115;7": {"type": "grass", "variant": 7, "pos": [115, 7]}, "115;8": {"type": "grass", "variant": 7, "pos": [115, 8]}, "115;9": {"type": "grass", "variant": 7, "pos": [115, 9]}, "115;10": {"type": "grass", "variant": 7, "pos": [115, 10]}, "115;11": {"type": "grass", "variant": 6, "pos": [115, 11]}, "116;11": {"type": "grass", "variant": 5, "pos": [116, 11]}, "116;10": {"type": "grass", "variant": 8, "pos": [116, 10]}, "116;9": {"type": "grass", "variant": 8, "pos": [116, 9]}, "116;8": {"type": "grass", "variant": 8, "pos": [116, 8]}, "116;7": {"type": "grass", "variant": 3, "pos": [116, 7]}, "116;6": {"type": "grass", "variant": 2, "pos": [116, 6]}, "117;8": {"type": "grass", "variant": 1, "pos": [117, 8]}, "117;9": {"type": "grass", "variant": 8, "pos": [117, 9]}, "117;10": {"type": "grass", "variant": 8, "pos": [117, 10]}, "117;11": {"type": "grass", "variant": 5, "pos": [117, 11]}, "118;11": {"type": "grass", "variant": 5, "pos": [118, 11]}, "118;10": {"type": "grass", "variant": 8, "pos": [118, 10]}, "118;9": {"type": "grass", "variant": 3, "pos": [118, 9]}, "118;8": {"type": "grass", "variant": 2, "pos": [118, 8]}, "119;10": {"type": "grass", "variant": 1, "pos": [119, 10]}, "120;10": {"type": "grass", "variant": 1, "pos": [120, 10]}, "121;10": {"type": "grass", "variant": 1, "pos": [121, 10]}, "122;10": {"type": "grass", "variant": 1, "pos": [122, 10]}, "122;11": {"type": "grass", "variant": 5, "pos": [122, 11]}, "121;11": {"type": "grass", "variant": 5, "pos": [121, 11]}, "120;11": {"type": "grass", "variant": 5, "pos": [120, 11]}, "119;11": {"type": "grass", "variant": 5, "pos": [119, 11]}, "123;10": {"type": "grass", "variant": 1, "pos": [123, 10]}, "124;10": {"type": "grass", "variant": 1, "pos": [124, 10]}, "125;10": {"type": "grass", "variant": 1, "pos": [125, 10]}, "126;10": {"type": "grass", "variant": 1, "pos": [126, 10]}, "127;10": {"type": "grass", "variant": 2, "pos": [127, 10]}, "127;11": {"type": "grass", "variant": 4, "pos": [127, 11]}, "126;11": {"type": "grass", "variant": 5, "pos": [126, 11]}, "125;11": {"type": "grass", "variant": 5, "pos": [125, 11]}, "124;11": {"type": "grass", "variant": 5, "pos": [124, 11]}, "123;11": {"type": "grass", "variant": 5, "pos": [123, 11]}, "94;5": {"type": "grass", "variant": 9, "pos": [94, 5]}, "73;-3": {"type": "grass", "variant": 9, "pos": [73, -3]}, "75;-3": {"type": "grass", "variant": 11, "pos": [75, -3]}, "82;-3": {"type": "grass", "variant": 9, "pos": [82, -3]}, "84;-3": {"type": "grass", "variant": 11, "pos": [84, -3]}, "95;5": {"type": "grass", "variant": 11, "pos": [95, 5]}, "71;3": {"type": "grass", "variant": 0, "pos": [71, 3]}, "72;3": {"type": "grass", "variant": 2, "pos": [72, 3]}, "72;4": {"type": "grass", "variant": 3, "pos": [72, 4]}, "72;5": {"type": "grass", "variant": 3, "pos": [72, 5]}, "72;6": {"type": "grass", "variant": 3, "pos": [72, 6]}, "76;6": {"type": "grass", "variant": 7, "pos": [76, 6]}, "76;5": {"type": "grass", "variant": 7, "pos": [76, 5]}, "76;4": {"type": "grass", "variant": 7, "pos": [76, 4]}, "76;3": {"type": "grass", "variant": 0, "pos": [76, 3]}, "77;3": {"type": "grass", "variant": 2, "pos": [77, 3]}, "77;4": {"type": "grass", "variant": 3, "pos": [77, 4]}, "77;5": {"type": "grass", "variant": 3, "pos": [77, 5]}, "77;6": {"type": "grass", "variant": 3, "pos": [77, 6]}, "77;7": {"type": "grass", "variant": 3, "pos": [77, 7]}, "76;7": {"type": "grass", "variant": 7, "pos": [76, 7]}, "72;7": {"type": "grass", "variant": 3, "pos": [72, 7]}, "71;7": {"type": "grass", "variant": 7, "pos": [71, 7]}, "71;6": {"type": "grass", "variant": 7, "pos": [71, 6]}, "71;5": {"type": "grass", "variant": 7, "pos": [71, 5]}, "71;4": {"type": "grass", "variant": 7, "pos": [71, 4]}, "61;2": {"type": "decor/fence", "variant": 11, "pos": [61, 2]}, "60;2": {"type": "decor/fence", "variant": 10, "pos": [60, 2]}, "59;2": {"type": "decor/fence", "variant": 9, "pos": [59, 2]}, "131;11": {"type": "grass", "variant": 18, "pos": [131, 11]}, "131;10": {"type": "grass", "variant": 17, "pos": [131, 10]}, "131;9": {"type": "grass", "variant": 17, "pos": [131, 9]}, "131;8": {"type": "grass", "variant": 16, "pos": [131, 8]}, "135;8": {"type": "grass", "variant": 17, "pos": [135, 8]}, "135;7": {"type": "grass", "variant": 17, "pos": [135, 7]}, "135;6": {"type": "decor/fireswing", "variant": 0, "pos": [135, 6]}, "139;4": {"type": "grass", "variant": 16, "pos": [139, 4]}, "139;5": {"type": "grass", "variant": 17, "pos": [139, 5]}, "139;6": {"type": "grass", "variant": 17, "pos": [139, 6]}, "139;7": {"type": "grass", "variant": 18, "pos": [139, 7]}, "143;4": {"type": "decor/fireswing", "variant": 0, "pos": [143, 4]}, "143;5": {"type": "grass", "variant": 17, "pos": [143, 5]}, "143;6": {"type": "grass", "variant": 17, "pos": [143, 6]}, "143;7": {"type": "grass", "variant": 18, "pos": [143, 7]}, "147;6": {"type": "grass", "variant": 16, "pos": [147, 6]}, "147;9": {"type": "grass", "variant": 18, "pos": [147, 9]}, "147;8": {"type": "grass", "variant": 17, "pos": [147, 8]}, "147;7": {"type": "grass", "variant": 17, "pos": [147, 7]}, "151;8": {"type": "decor/fireswing", "variant": 0, "pos": [151, 8]}, "151;11": {"type": "grass", "variant": 18, "pos": [151, 11]}, "151;10": {"type": "grass", "variant": 17, "pos": [151, 10]}, "151;9": {"type": "grass", "variant": 17, "pos": [151, 9]}, "155;10": {"type": "grass", "variant": 0, "pos": [155, 10]}, "156;10": {"type": "grass", "variant": 1, "pos": [156, 10]}, "155;11": {"type": "grass", "variant": 6, "pos": [155, 11]}, "156;11": {"type": "grass", "variant": 5, "pos": [156, 11]}, "157;11": {"type": "grass", "variant": 5, "pos": [157, 11]}, "158;11": {"type": "grass", "variant": 5, "pos": [158, 11]}, "159;11": {"type": "grass", "variant": 5, "pos": [159, 11]}, "160;11": {"type": "grass", "variant": 5, "pos": [160, 11]}, "161;11": {"type": "grass", "variant": 5, "pos": [161, 11]}, "161;10": {"type": "grass", "variant": 1, "pos": [161, 10]}, "160;10": {"type": "grass", "variant": 1, "pos": [160, 10]}, "159;10": {"type": "grass", "variant": 1, "pos": [159, 10]}, "158;10": {"type": "grass", "variant": 1, "pos": [158, 10]}, "157;10": {"type": "grass", "variant": 1, "pos": [157, 10]}, "162;10": {"type": "grass", "variant": 2, "pos": [162, 10]}, "162;11": {"type": "grass", "variant": 4, "pos": [162, 11]}, "170;10": {"type": "grass", "variant": 7, "pos": [170, 10]}, "171;10": {"type": "grass", "variant": 8, "pos": [171, 10]}, "172;10": {"type": "grass", "variant": 8, "pos": [172, 10]}, "172;11": {"type": "grass", "variant": 5, "pos": [172, 11]}, "171;11": {"type": "grass", "variant": 5, "pos": [171, 11]}, "170;11": {"type": "grass", "variant": 6, "pos": [170, 11]}, "173;10": {"type": "grass", "variant": 2, "pos": [173, 10]}, "173;11": {"type": "grass", "variant": 4, "pos": [173, 11]}, "170;9": {"type": "grass", "variant": 7, "pos": [170, 9]}, "170;8": {"type": "grass", "variant": 0, "pos": [170, 8]}, "170;7": {"type": "decor/fireswing", "variant": 0, "pos": [170, 7]}, "171;7": {"type": "grass", "variant": 3, "pos": [171, 7]}, "170;6": {"type": "grass", "variant": 0, "pos": [170, 6]}, "171;6": {"type": "grass", "variant": 2, "pos": [171, 6]}, "171;8": {"type": "grass", "variant": 8, "pos": [171, 8]}, "171;9": {"type": "grass", "variant": 8, "pos": [171, 9]}, "172;8": {"type": "grass", "variant": 2, "pos": [172, 8]}, "172;9": {"type": "grass", "variant": 3, "pos": [172, 9]}, "175;6": {"type": "grass", "variant": 9, "pos": [175, 6]}, "176;6": {"type": "grass", "variant": 10, "pos": [176, 6]}, "177;6": {"type": "grass", "variant": 10, "pos": [177, 6]}, "178;6": {"type": "grass", "variant": 11, "pos": [178, 6]}, "180;11": {"type": "grass", "variant": 6, "pos": [180, 11]}, "180;10": {"type": "grass", "variant": 0, "pos": [180, 10]}, "181;10": {"type": "grass", "variant": 2, "pos": [181, 10]}, "181;11": {"type": "grass", "variant": 4, "pos": [181, 11]}, "183;6": {"type": "grass", "variant": 9, "pos": [183, 6]}, "184;6": {"type": "grass", "variant": 10, "pos": [184, 6]}, "185;6": {"type": "grass", "variant": 10, "pos": [185, 6]}, "186;6": {"type": "grass", "variant": 11, "pos": [186, 6]}, "188;10": {"type": "grass", "variant": 0, "pos": [188, 10]}, "188;11": {"type": "grass", "variant": 6, "pos": [188, 11]}, "189;10": {"type": "grass", "variant": 2, "pos": [189, 10]}, "189;11": {"type": "grass", "variant": 4, "pos": [189, 11]}, "184;10": {"type": "grass", "variant": 0, "pos": [184, 10]}, "185;10": {"type": "grass", "variant": 2, "pos": [185, 10]}, "185;11": {"type": "grass", "variant": 4, "pos": [185, 11]}, "184;11": {"type": "grass", "variant": 6, "pos": [184, 11]}, "191;6": {"type": "grass", "variant": 9, "pos": [191, 6]}, "192;6": {"type": "grass", "variant": 10, "pos": [192, 6]}, "193;6": {"type": "grass", "variant": 10, "pos": [193, 6]}, "194;6": {"type": "grass", "variant": 11, "pos": [194, 6]}, "192;10": {"type": "grass", "variant": 0, "pos": [192, 10]}, "193;10": {"type": "grass", "variant": 2, "pos": [193, 10]}, "193;11": {"type": "grass", "variant": 4, "pos": [193, 11]}, "192;11": {"type": "grass", "variant": 6, "pos": [192, 11]}, "199;6": {"type": "grass", "variant": 0, "pos": [199, 6]}, "199;7": {"type": "grass", "variant": 6, "pos": [199, 7]}, "200;7": {"type": "grass", "variant": 5, "pos": [200, 7]}, "201;7": {"type": "grass", "variant": 8, "pos": [201, 7]}, "200;6": {"type": "grass", "variant": 1, "pos": [200, 6]}, "201;6": {"type": "grass", "variant": 1, "pos": [201, 6]}, "202;6": {"type": "grass", "variant": 1, "pos": [202, 6]}, "203;6": {"type": "grass", "variant": 1, "pos": [203, 6]}, "204;6": {"type": "grass", "variant": 1, "pos": [204, 6]}, "204;7": {"type": "grass", "variant": 8, "pos": [204, 7]}, "203;7": {"type": "grass", "variant": 8, "pos": [203, 7]}, "202;7": {"type": "grass", "variant": 8, "pos": [202, 7]}, "201;8": {"type": "grass", "variant": 7, "pos": [201, 8]}, "202;8": {"type": "grass", "variant": 8, "pos": [202, 8]}, "203;8": {"type": "grass", "variant": 8, "pos": [203, 8]}, "204;8": {"type": "grass", "variant": 8, "pos": [204, 8]}, "205;8": {"type": "grass", "variant": 8, "pos": [205, 8]}, "206;8": {"type": "grass", "variant": 8, "pos": [206, 8]}, "206;9": {"type": "grass", "variant": 8, "pos": [206, 9]}, "205;9": {"type": "grass", "variant": 8, "pos": [205, 9]}, "204;9": {"type": "grass", "variant": 8, "pos": [204, 9]}, "203;9": {"type": "grass", "variant": 8, "pos": [203, 9]}, "202;9": {"type": "grass", "variant": 5, "pos": [202, 9]}, "201;9": {"type": "grass", "variant": 6, "pos": [201, 9]}, "203;10": {"type": "grass", "variant": 7, "pos": [203, 10]}, "203;11": {"type": "grass", "variant": 6, "pos": [203, 11]}, "204;11": {"type": "grass", "variant": 5, "pos": [204, 11]}, "205;11": {"type": "grass", "variant": 5, "pos": [205, 11]}, "206;11": {"type": "grass", "variant": 5, "pos": [206, 11]}, "207;11": {"type": "grass", "variant": 5, "pos": [207, 11]}, "208;11": {"type": "grass", "variant": 4, "pos": [208, 11]}, "208;10": {"type": "grass", "variant": 3, "pos": [208, 10]}, "207;10": {"type": "grass", "variant": 8, "pos": [207, 10]}, "206;10": {"type": "grass", "variant": 8, "pos": [206, 10]}, "205;10": {"type": "grass", "variant": 8, "pos": [205, 10]}, "204;10": {"type": "grass", "variant": 8, "pos": [204, 10]}, "215;11": {"type": "grass", "variant": 6, "pos": [215, 11]}, "216;11": {"type": "grass", "variant": 5, "pos": [216, 11]}, "217;11": {"type": "grass", "variant": 5, "pos": [217, 11]}, "217;10": {"type": "grass", "variant": 1, "pos": [217, 10]}, "216;10": {"type": "grass", "variant": 1, "pos": [216, 10]}, "215;10": {"type": "grass", "variant": 0, "pos": [215, 10]}, "218;10": {"type": "grass", "variant": 1, "pos": [218, 10]}, "218;11": {"type": "grass", "variant": 5, "pos": [218, 11]}, "219;11": {"type": "grass", "variant": 5, "pos": [219, 11]}, "220;11": {"type": "grass", "variant": 5, "pos": [220, 11]}, "221;11": {"type": "grass", "variant": 5, "pos": [221, 11]}, "222;11": {"type": "grass", "variant": 5, "pos": [222, 11]}, "222;10": {"type": "grass", "variant": 1, "pos": [222, 10]}, "221;10": {"type": "grass", "variant": 1, "pos": [221, 10]}, "220;10": {"type": "grass", "variant": 1, "pos": [220, 10]}, "219;10": {"type": "grass", "variant": 1, "pos": [219, 10]}, "196;10": {"type": "grass", "variant": 0, "pos": [196, 10]}, "197;10": {"type": "grass", "variant": 2, "pos": [197, 10]}, "196;11": {"type": "grass", "variant": 6, "pos": [196, 11]}, "197;11": {"type": "grass", "variant": 4, "pos": [197, 11]}, "158;7": {"type": "grass", "variant": 9, "pos": [158, 7]}, "162;7": {"type": "grass", "variant": 11, "pos": [162, 7]}, "161;7": {"type": "grass", "variant": 10, "pos": [161, 7]}, "160;7": {"type": "grass", "variant": 10, "pos": [160, 7]}, "159;7": {"type": "grass", "variant": 10, "pos": [159, 7]}, "160;4": {"type": "grass", "variant": 12, "pos": [160, 4]}, "157;9": {"type": "decor/fence", "variant": 11, "pos": [157, 9]}, "158;9": {"type": "decor/fence", "variant": 11, "pos": [158, 9]}, "159;9": {"type": "decor/fence", "variant": 11, "pos": [159, 9]}, "161;9": {"type": "decor/fence", "variant": 9, "pos": [161, 9]}, "162;9": {"type": "decor/fence", "variant": 11, "pos": [162, 9]}, "156;9": {"type": "decor/fence", "variant": 9, "pos": [156, 9]}, "215;9": {"type": "decor/fence", "variant": 10, "pos": [215, 9]}, "216;9": {"type": "decor/fence", "variant": 10, "pos": [216, 9]}, "217;9": {"type": "decor/fence", "variant": 10, "pos": [217, 9]}, "220;9": {"type": "decor/fence", "variant": 9, "pos": [220, 9]}, "221;9": {"type": "decor/fence", "variant": 11, "pos": [221, 9]}, "218;9": {"type": "decor/fence", "variant": 11, "pos": [218, 9]}, "159;6": {"type": "decor/tree", "variant": 0, "pos": [159, 6]}, "160;6": {"type": "decor/tree", "variant": 0, "pos": [160, 6]}, "161;6": {"type": "decor/tree", "variant": 0, "pos": [161, 6]}, "0;9": {"type": "grass", "variant": 7, "pos": [0, 9]}, "0;8": {"type": "grass", "variant": 7, "pos": [0, 8]}, "0;7": {"type": "grass", "variant": 7, "pos": [0, 7]}, "0;6": {"type": "grass", "variant": 0, "pos": [0, 6]}, "1;6": {"type": "grass", "variant": 1, "pos": [1, 6]}, "1;7": {"type": "grass", "variant": 8, "pos": [1, 7]}, "1;8": {"type": "grass", "variant": 8, "pos": [1, 8]}, "1;9": {"type": "grass", "variant": 8, "pos": [1, 9]}, "2;6": {"type": "grass", "variant": 2, "pos": [2, 6]}, "2;7": {"type": "grass", "variant": 3, "pos": [2, 7]}, "2;8": {"type": "grass", "variant": 3, "pos": [2, 8]}, "2;9": {"type": "grass", "variant": 3, "pos": [2, 9]}, "80;6": {"type": "grass", "variant": 0, "pos": [80, 6]}, "81;6": {"type": "grass", "variant": 1, "pos": [81, 6]}, "80;7": {"type": "grass", "variant": 6, "pos": [80, 7]}, "81;7": {"type": "grass", "variant": 5, "pos": [81, 7]}, "71;8": {"type": "grass", "variant": 7, "pos": [71, 8]}, "72;8": {"type": "grass", "variant": 3, "pos": [72, 8]}, "76;8": {"type": "grass", "variant": 7, "pos": [76, 8]}, "77;8": {"type": "grass", "variant": 3, "pos": [77, 8]}, "40;11": {"type": "grass", "variant": 6, "pos": [40, 11]}, "41;11": {"type": "grass", "variant": 4, "pos": [41, 11]}, "25;9": {"type": "grass", "variant": 7, "pos": [25, 9]}, "25;8": {"type": "grass", "variant": 0, "pos": [25, 8]}, "26;8": {"type": "grass", "variant": 8, "pos": [26, 8]}, "26;7": {"type": "grass", "variant": 7, "pos": [26, 7]}, "26;6": {"type": "grass", "variant": 7, "pos": [26, 6]}, "26;5": {"type": "grass", "variant": 0, "pos": [26, 5]}, "27;5": {"type": "grass", "variant": 1, "pos": [27, 5]}, "27;6": {"type": "grass", "variant": 8, "pos": [27, 6]}, "27;7": {"type": "grass", "variant": 8, "pos": [27, 7]}, "28;5": {"type": "grass", "variant": 1, "pos": [28, 5]}, "28;6": {"type": "grass", "variant": 8, "pos": [28, 6]}, "29;6": {"type": "grass", "variant": 3, "pos": [29, 6]}, "29;5": {"type": "grass", "variant": 2, "pos": [29, 5]}, "22;5": {"type": "grass", "variant": 4, "pos": [22, 5]}, "22;4": {"type": "grass", "variant": 3, "pos": [22, 4]}, "22;3": {"type": "grass", "variant": 2, "pos": [22, 3]}, "21;3": {"type": "grass", "variant": 0, "pos": [21, 3]}, "21;4": {"type": "grass", "variant": 7, "pos": [21, 4]}, "21;5": {"type": "grass", "variant": 6, "pos": [21, 5]}, "43;6": {"type": "grass", "variant": 9, "pos": [43, 6]}, "44;6": {"type": "grass", "variant": 11, "pos": [44, 6]}, "60;7": {"type": "grass", "variant": 9, "pos": [60, 7]}, "61;7": {"type": "grass", "variant": 11, "pos": [61, 7]}, "66;7": {"type": "grass", "variant": 9, "pos": [66, 7]}, "67;7": {"type": "grass", "variant": 11, "pos": [67, 7]}, "54;10": {"type": "grass", "variant": 0, "pos": [54, 10]}, "54;11": {"type": "grass", "variant": 7, "pos": [54, 11]}, "71;9": {"type": "grass", "variant": 7, "pos": [71, 9]}, "72;9": {"type": "grass", "variant": 8, "pos": [72, 9]}, "73;9": {"type": "grass", "variant": 1, "pos": [73, 9]}, "74;9": {"type": "grass", "variant": 1, "pos": [74, 9]}, "75;9": {"type": "grass", "variant": 1, "pos": [75, 9]}, "76;9": {"type": "grass", "variant": 8, "pos": [76, 9]}, "76;10": {"type": "grass", "variant": 5, "pos": [76, 10]}, "75;10": {"type": "grass", "variant": 5, "pos": [75, 10]}, "74;10": {"type": "grass", "variant": 5, "pos": [74, 10]}, "73;10": {"type": "grass", "variant": 5, "pos": [73, 10]}, "72;10": {"type": "grass", "variant": 5, "pos": [72, 10]}, "71;10": {"type": "grass", "variant": 6, "pos": [71, 10]}, "77;10": {"type": "grass", "variant": 4, "pos": [77, 10]}, "77;9": {"type": "grass", "variant": 3, "pos": [77, 9]}, "82;6": {"type": "grass", "variant": 1, "pos": [82, 6]}, "82;7": {"type": "grass", "variant": 5, "pos": [82, 7]}, "83;7": {"type": "grass", "variant": 4, "pos": [83, 7]}, "83;6": {"type": "grass", "variant": 2, "pos": [83, 6]}, "90;0": {"type": "grass", "variant": 5, "pos": [90, 0]}, "90;-1": {"type": "grass", "variant": 1, "pos": [90, -1]}, "86;-6": {"type": "grass", "variant": 5, "pos": [86, -6]}, "85;-6": {"type": "grass", "variant": 6, "pos": [85, -6]}, "85;-7": {"type": "grass", "variant": 7, "pos": [85, -7]}, "85;-8": {"type": "grass", "variant": 7, "pos": [85, -8]}, "85;-9": {"type": "grass", "variant": 0, "pos": [85, -9]}, "86;-7": {"type": "grass", "variant": 8, "pos": [86, -7]}, "86;-8": {"type": "grass", "variant": 3, "pos": [86, -8]}, "86;-9": {"type": "grass", "variant": 2, "pos": [86, -9]}, "87;-7": {"type": "grass", "variant": 1, "pos": [87, -7]}, "87;-6": {"type": "grass", "variant": 8, "pos": [87, -6]}, "87;-5": {"type": "grass", "variant": 6, "pos": [87, -5]}, "91;-9": {"type": "grass", "variant": 0, "pos": [91, -9]}, "91;-8": {"type": "grass", "variant": 7, "pos": [91, -8]}, "91;-7": {"type": "grass", "variant": 7, "pos": [91, -7]}, "91;-6": {"type": "grass", "variant": 7, "pos": [91, -6]}, "91;-5": {"type": "grass", "variant": 7, "pos": [91, -5]}, "91;-4": {"type": "grass", "variant": 7, "pos": [91, -4]}, "91;-3": {"type": "grass", "variant": 7, "pos": [91, -3]}, "91;-2": {"type": "grass", "variant": 7, "pos": [91, -2]}, "91;-1": {"type": "grass", "variant": 8, "pos": [91, -1]}, "91;0": {"type": "grass", "variant": 5, "pos": [91, 0]}, "88;-5": {"type": "grass", "variant": 4, "pos": [88, -5]}, "88;-6": {"type": "grass", "variant": 3, "pos": [88, -6]}, "88;-7": {"type": "grass", "variant": 2, "pos": [88, -7]}, "92;-9": {"type": "grass", "variant": 2, "pos": [92, -9]}, "92;-8": {"type": "grass", "variant": 3, "pos": [92, -8]}, "92;-7": {"type": "grass", "variant": 8, "pos": [92, -7]}, "92;-6": {"type": "grass", "variant": 8, "pos": [92, -6]}, "92;-5": {"type": "grass", "variant": 3, "pos": [92, -5]}, "92;-4": {"type": "grass", "variant": 3, "pos": [92, -4]}, "92;-3": {"type": "grass", "variant": 3, "pos": [92, -3]}, "92;-2": {"type": "grass", "variant": 3, "pos": [92, -2]}, "92;-1": {"type": "grass", "variant": 3, "pos": [92, -1]}, "92;0": {"type": "grass", "variant": 4, "pos": [92, 0]}, "93;-7": {"type": "grass", "variant": 1, "pos": [93, -7]}, "94;-7": {"type": "grass", "variant": 1, "pos": [94, -7]}, "94;-6": {"type": "grass", "variant": 8, "pos": [94, -6]}, "95;-5": {"type": "grass", "variant": 4, "pos": [95, -5]}, "94;-5": {"type": "grass", "variant": 6, "pos": [94, -5]}, "93;-5": {"type": "decor/fireswing", "variant": 0, "pos": [93, -5]}, "93;-6": {"type": "grass", "variant": 5, "pos": [93, -6]}, "95;-7": {"type": "grass", "variant": 2, "pos": [95, -7]}, "95;-6": {"type": "grass", "variant": 3, "pos": [95, -6]}, "98;-11": {"type": "grass", "variant": 7, "pos": [98, -11]}, "98;-12": {"type": "grass", "variant": 7, "pos": [98, -12]}, "98;-10": {"type": "grass", "variant": 7, "pos": [98, -10]}, "98;-9": {"type": "grass", "variant": 7, "pos": [98, -9]}, "98;-8": {"type": "grass", "variant": 7, "pos": [98, -8]}, "98;-7": {"type": "grass", "variant": 7, "pos": [98, -7]}, "98;-6": {"type": "grass", "variant": 7, "pos": [98, -6]}, "99;-12": {"type": "grass", "variant": 3, "pos": [99, -12]}, "99;-11": {"type": "grass", "variant": 3, "pos": [99, -11]}, "99;-10": {"type": "grass", "variant": 3, "pos": [99, -10]}, "99;-9": {"type": "grass", "variant": 3, "pos": [99, -9]}, "99;-8": {"type": "grass", "variant": 3, "pos": [99, -8]}, "99;-7": {"type": "grass", "variant": 3, "pos": [99, -7]}, "99;-6": {"type": "grass", "variant": 3, "pos": [99, -6]}, "99;-5": {"type": "grass", "variant": 3, "pos": [99, -5]}, "98;-5": {"type": "grass", "variant": 7, "pos": [98, -5]}, "98;-4": {"type": "grass", "variant": 7, "pos": [98, -4]}, "98;-3": {"type": "grass", "variant": 7, "pos": [98, -3]}, "99;-3": {"type": "grass", "variant": 3, "pos": [99, -3]}, "99;-4": {"type": "grass", "variant": 3, "pos": [99, -4]}, "98;-2": {"type": "grass", "variant": 7, "pos": [98, -2]}, "98;-1": {"type": "grass", "variant": 8, "pos": [98, -1]}, "97;-1": {"type": "grass", "variant": 1, "pos": [97, -1]}, "96;-1": {"type": "grass", "variant": 1, "pos": [96, -1]}, "96;0": {"type": "grass", "variant": 5, "pos": [96, 0]}, "97;0": {"type": "grass", "variant": 5, "pos": [97, 0]}, "98;0": {"type": "grass", "variant": 5, "pos": [98, 0]}, "99;0": {"type": "grass", "variant": 4, "pos": [99, 0]}, "99;-1": {"type": "grass", "variant": 3, "pos": [99, -1]}, "99;-2": {"type": "grass", "variant": 3, "pos": [99, -2]}, "95;-1": {"type": "grass", "variant": 0, "pos": [95, -1]}, "95;0": {"type": "grass", "variant": 6, "pos": [95, 0]}, "98;-13": {"type": "grass", "variant": 0, "pos": [98, -13]}, "99;-13": {"type": "grass", "variant": 2, "pos": [99, -13]}, "78;-5": {"type": "grass", "variant": 1, "pos": [78, -5]}, "79;-5": {"type": "grass", "variant": 1, "pos": [79, -5]}, "80;-4": {"type": "grass", "variant": 3, "pos": [80, -4]}, "80;-3": {"type": "grass", "variant": 4, "pos": [80, -3]}, "79;-3": {"type": "grass", "variant": 5, "pos": [79, -3]}, "78;-3": {"type": "grass", "variant": 5, "pos": [78, -3]}, "77;-3": {"type": "grass", "variant": 6, "pos": [77, -3]}, "77;-4": {"type": "grass", "variant": 7, "pos": [77, -4]}, "78;-4": {"type": "grass", "variant": 8, "pos": [78, -4]}, "79;-4": {"type": "grass", "variant": 8, "pos": [79, -4]}, "83;3": {"type": "grass", "variant": 6, "pos": [83, 3]}, "84;3": {"type": "grass", "variant": 4, "pos": [84, 3]}, "83;2": {"type": "grass", "variant": 0, "pos": [83, 2]}, "84;2": {"type": "grass", "variant": 2, "pos": [84, 2]}, "100;5": {"type": "grass", "variant": 12, "pos": [100, 5]}, "162;1": {"type": "grass", "variant": 16, "pos": [162, 1]}, "160;-2": {"type": "grass", "variant": 16, "pos": [160, -2]}, "162;-5": {"type": "grass", "variant": 16, "pos": [162, -5]}, "207;8": {"type": "grass", "variant": 8, "pos": [207, 8]}, "207;9": {"type": "grass", "variant": 8, "pos": [207, 9]}, "208;9": {"type": "grass", "variant": 3, "pos": [208, 9]}, "208;8": {"type": "grass", "variant": 3, "pos": [208, 8]}, "207;7": {"type": "grass", "variant": 8, "pos": [207, 7]}, "207;6": {"type": "grass", "variant": 1, "pos": [207, 6]}, "208;6": {"type": "grass", "variant": 2, "pos": [208, 6]}, "208;7": {"type": "grass", "variant": 3, "pos": [208, 7]}, "205;2": {"type": "grass", "variant": 9, "pos": [205, 2]}, "206;2": {"type": "grass", "variant": 11, "pos": [206, 2]}, "207;-2": {"type": "grass", "variant": 9, "pos": [207, -2]}, "208;-2": {"type": "grass", "variant": 11, "pos": [208, -2]}, "223;10": {"type": "grass", "variant": 1, "pos": [223, 10]}, "224;10": {"type": "grass", "variant": 1, "pos": [224, 10]}, "225;10": {"type": "grass", "variant": 1, "pos": [225, 10]}, "226;10": {"type": "grass", "variant": 1, "pos": [226, 10]}, "226;11": {"type": "grass", "variant": 5, "pos": [226, 11]}, "225;11": {"type": "grass", "variant": 5, "pos": [225, 11]}, "224;11": {"type": "grass", "variant": 5, "pos": [224, 11]}, "223;11": {"type": "grass", "variant": 5, "pos": [223, 11]}, "135;9": {"type": "grass", "variant": 18, "pos": [135, 9]}, "162;2": {"type": "grass", "variant": 18, "pos": [162, 2]}, "160;-1": {"type": "grass", "variant": 18, "pos": [160, -1]}, "162;-4": {"type": "grass", "variant": 18, "pos": [162, -4]}, "165;-3": {"type": "grass", "variant": 12, "pos": [165, -3]}, "166;15": {"type": "grass", "variant": 12, "pos": [166, 15]}, "187;15": {"type": "grass", "variant": 12, "pos": [187, 15]}, "183;15": {"type": "grass", "variant": 12, "pos": [183, 15]}, "191;15": {"type": "grass", "variant": 12, "pos": [191, 15]}, "195;15": {"type": "grass", "variant": 12, "pos": [195, 15]}, "57;12": {"type": "grass", "variant": 8, "pos": [57, 12]}, "58;12": {"type": "grass", "variant": 1, "pos": [58, 12]}, "59;12": {"type": "grass", "variant": 1, "pos": [59, 12]}, "60;12": {"type": "grass", "variant": 1, "pos": [60, 12]}, "61;12": {"type": "grass", "variant": 1, "pos": [61, 12]}, "62;12": {"type": "grass", "variant": 1, "pos": [62, 12]}, "63;12": {"type": "grass", "variant": 8, "pos": [63, 12]}, "57;13": {"type": "grass", "variant": 5, "pos": [57, 13]}, "58;13": {"type": "grass", "variant": 5, "pos": [58, 13]}, "59;13": {"type": "grass", "variant": 5, "pos": [59, 13]}, "60;13": {"type": "grass", "variant": 5, "pos": [60, 13]}, "61;13": {"type": "grass", "variant": 5, "pos": [61, 13]}, "62;13": {"type": "grass", "variant": 5, "pos": [62, 13]}, "63;13": {"type": "grass", "variant": 5, "pos": [63, 13]}, "64;12": {"type": "grass", "variant": 3, "pos": [64, 12]}, "64;13": {"type": "grass", "variant": 4, "pos": [64, 13]}, "54;12": {"type": "grass", "variant": 7, "pos": [54, 12]}, "55;12": {"type": "grass", "variant": 8, "pos": [55, 12]}, "56;12": {"type": "grass", "variant": 8, "pos": [56, 12]}, "56;13": {"type": "grass", "variant": 5, "pos": [56, 13]}, "55;13": {"type": "grass", "variant": 5, "pos": [55, 13]}, "54;13": {"type": "grass", "variant": 6, "pos": [54, 13]}, "10;7": {"type": "reward/food", "variant": 0, "pos": [10, 7]}, "11;7": {"type": "reward/food", "variant": 0, "pos": [11, 7]}, "16;7": {"type": "reward/food", "variant": 0, "pos": [16, 7]}, "17;7": {"type": "reward/food", "variant": 0, "pos": [17, 7]}, "32;2": {"type": "reward/food", "variant": 0, "pos": [32, 2]}, "33;2": {"type": "reward/food", "variant": 0, "pos": [33, 2]}, "31;2": {"type": "reward/food", "variant": 0, "pos": [31, 2]}, "43;5": {"type": "reward/food", "variant": 1, "pos": [43, 5]}, "66;1": {"type": "reward/food", "variant": 1, "pos": [66, 1]}, "61;11": {"type": "reward/food", "variant": 1, "pos": [61, 11]}, "60;11": {"type": "reward/food", "variant": 1, "pos": [60, 11]}, "78;-6": {"type": "reward/food", "variant": 1, "pos": [78, -6]}, "83;1": {"type": "reward/food", "variant": 1, "pos": [83, 1]}, "86;-10": {"type": "reward/food", "variant": 1, "pos": [86, -10]}, "94;4": {"type": "reward/food", "variant": 1, "pos": [94, 4]}, "100;4": {"type": "reward/food", "variant": 1, "pos": [100, 4]}, "93;-3": {"type": "reward/food", "variant": 0, "pos": [93, -3]}, "93;-2": {"type": "reward/food", "variant": 0, "pos": [93, -2]}, "93;-1": {"type": "reward/food", "variant": 0, "pos": [93, -1]}, "93;0": {"type": "reward/food", "variant": 0, "pos": [93, 0]}, "97;-9": {"type": "reward/food", "variant": 0, "pos": [97, -9]}, "97;-8": {"type": "reward/food", "variant": 0, "pos": [97, -8]}, "97;-7": {"type": "reward/food", "variant": 0, "pos": [97, -7]}, "97;-6": {"type": "reward/food", "variant": 0, "pos": [97, -6]}, "97;-5": {"type": "reward/food", "variant": 0, "pos": [97, -5]}, "90;-9": {"type": "reward/food", "variant": 0, "pos": [90, -9]}, "90;-8": {"type": "reward/food", "variant": 0, "pos": [90, -8]}, "90;-7": {"type": "reward/food", "variant": 0, "pos": [90, -7]}, "90;-6": {"type": "reward/food", "variant": 0, "pos": [90, -6]}, "90;-5": {"type": "reward/food", "variant": 0, "pos": [90, -5]}, "112;2": {"type": "reward/food", "variant": 0, "pos": [112, 2]}, "113;2": {"type": "reward/food", "variant": 0, "pos": [113, 2]}, "114;2": {"type": "reward/food", "variant": 0, "pos": [114, 2]}, "140;0": {"type": "reward/food", "variant": 0, "pos": [140, 0]}, "141;0": {"type": "reward/food", "variant": 0, "pos": [141, 0]}, "151;7": {"type": "reward/food", "variant": 1, "pos": [151, 7]}, "131;7": {"type": "reward/food", "variant": 1, "pos": [131, 7]}, "142;0": {"type": "reward/food", "variant": 0, "pos": [142, 0]}, "143;0": {"type": "reward/food", "variant": 0, "pos": [143, 0]}, "139;0": {"type": "reward/food", "variant": 0, "pos": [139, 0]}, "160;3": {"type": "reward/food", "variant": 1, "pos": [160, 3]}, "162;-6": {"type": "reward/food", "variant": 1, "pos": [162, -6]}, "179;2": {"type": "reward/food", "variant": 0, "pos": [179, 2]}, "180;2": {"type": "reward/food", "variant": 0, "pos": [180, 2]}, "181;2": {"type": "reward/food", "variant": 0, "pos": [181, 2]}, "182;2": {"type": "reward/food", "variant": 0, "pos": [182, 2]}, "195;2": {"type": "reward/food", "variant": 0, "pos": [195, 2]}, "196;2": {"type": "reward/food", "variant": 0, "pos": [196, 2]}, "197;2": {"type": "reward/food", "variant": 0, "pos": [197, 2]}, "198;2": {"type": "reward/food", "variant": 0, "pos": [198, 2]}, "206;1": {"type": "reward/food", "variant": 1, "pos": [206, 1]}, "217;7": {"type": "reward/food", "variant": 0, "pos": [217, 7]}, "216;7": {"type": "reward/food", "variant": 0, "pos": [216, 7]}, "212;3": {"type": "reward/food", "variant": 0, "pos": [212, 3]}, "213;4": {"type": "reward/food", "variant": 0, "pos": [213, 4]}, "214;5": {"type": "reward/food", "variant": 0, "pos": [214, 5]}, "215;6": {"type": "reward/food", "variant": 0, "pos": [215, 6]}, "218;7": {"type": "reward/food", "variant": 0, "pos": [218, 7]}, "211;2": {"type": "reward/food", "variant": 0, "pos": [211, 2]}, "224;8": {"type": "finishline", "variant": 0, "pos": [224, 8]}, "225;8": {"type": "finishline", "variant": 1, "pos": [225, 8]}, "224;9": {"type": "finishline", "variant": 2, "pos": [224, 9]}, "225;9": {"type": "finishline", "variant": 3, "pos": [225, 9]}, "92;7": {"type": "grass", "variant": 9, "pos": [92, 7]}, "93;7": {"type": "grass", "variant": 11, "pos": [93, 7]}, "9;12": {"type": "grass", "variant": 3, "pos": [9, 12]}, "9;13": {"type": "grass", "variant": 3, "pos": [9, 13]}, "9;14": {"type": "grass", "variant": 3, "pos": [9, 14]}, "9;15": {"type": "grass", "variant": 8, "pos": [9, 15]}, "10;15": {"type": "grass", "variant": 1, "pos": [10, 15]}, "11;15": {"type": "grass", "variant": 1, "pos": [11, 15]}, "12;15": {"type": "grass", "variant": 8, "pos": [12, 15]}, "12;14": {"type": "grass", "variant": 7, "pos": [12, 14]}, "12;13": {"type": "grass", "variant": 7, "pos": [12, 13]}, "12;12": {"type": "grass", "variant": 7, "pos": [12, 12]}, "8;12": {"type": "grass", "variant": 7, "pos": [8, 12]}, "8;13": {"type": "grass", "variant": 7, "pos": [8, 13]}, "8;14": {"type": "grass", "variant": 7, "pos": [8, 14]}, "8;15": {"type": "grass", "variant": 7, "pos": [8, 15]}, "8;16": {"type": "grass", "variant": 6, "pos": [8, 16]}, "9;16": {"type": "grass", "variant": 5, "pos": [9, 16]}, "10;16": {"type": "grass", "variant": 5, "pos": [10, 16]}, "11;16": {"type": "grass", "variant": 5, "pos": [11, 16]}, "12;16": {"type": "grass", "variant": 5, "pos": [12, 16]}, "13;16": {"type": "grass", "variant": 5, "pos": [13, 16]}, "13;15": {"type": "grass", "variant": 8, "pos": [13, 15]}, "13;14": {"type": "grass", "variant": 8, "pos": [13, 14]}, "13;13": {"type": "grass", "variant": 8, "pos": [13, 13]}, "13;12": {"type": "grass", "variant": 8, "pos": [13, 12]}, "15;12": {"type": "grass", "variant": 3, "pos": [15, 12]}, "15;13": {"type": "grass", "variant": 3, "pos": [15, 13]}, "15;14": {"type": "grass", "variant": 3, "pos": [15, 14]}, "15;15": {"type": "grass", "variant": 8, "pos": [15, 15]}, "16;15": {"type": "grass", "variant": 1, "pos": [16, 15]}, "17;15": {"type": "grass", "variant": 1, "pos": [17, 15]}, "18;15": {"type": "grass", "variant": 8, "pos": [18, 15]}, "18;14": {"type": "grass", "variant": 7, "pos": [18, 14]}, "18;13": {"type": "grass", "variant": 7, "pos": [18, 13]}, "18;12": {"type": "grass", "variant": 7, "pos": [18, 12]}, "19;12": {"type": "grass", "variant": 3, "pos": [19, 12]}, "19;13": {"type": "grass", "variant": 3, "pos": [19, 13]}, "19;14": {"type": "grass", "variant": 3, "pos": [19, 14]}, "19;15": {"type": "grass", "variant": 3, "pos": [19, 15]}, "19;16": {"type": "grass", "variant": 4, "pos": [19, 16]}, "18;16": {"type": "grass", "variant": 5, "pos": [18, 16]}, "17;16": {"type": "grass", "variant": 5, "pos": [17, 16]}, "16;16": {"type": "grass", "variant": 5, "pos": [16, 16]}, "15;16": {"type": "grass", "variant": 5, "pos": [15, 16]}, "14;16": {"type": "grass", "variant": 5, "pos": [14, 16]}, "14;15": {"type": "grass", "variant": 8, "pos": [14, 15]}, "14;14": {"type": "grass", "variant": 8, "pos": [14, 14]}, "14;13": {"type": "grass", "variant": 8, "pos": [14, 13]}, "14;12": {"type": "grass", "variant": 8, "pos": [14, 12]}, "30;11": {"type": "grass", "variant": 5, "pos": [30, 11]}, "31;11": {"type": "grass", "variant": 5, "pos": [31, 11]}, "32;11": {"type": "grass", "variant": 5, "pos": [32, 11]}, "33;11": {"type": "grass", "variant": 5, "pos": [33, 11]}, "30;10": {"type": "grass", "variant": 1, "pos": [30, 10]}, "31;10": {"type": "grass", "variant": 1, "pos": [31, 10]}, "32;10": {"type": "grass", "variant": 1, "pos": [32, 10]}, "33;10": {"type": "grass", "variant": 1, "pos": [33, 10]}, "46;8": {"type": "grass", "variant": 12, "pos": [46, 8]}, "51;7": {"type": "grass", "variant": 12, "pos": [51, 7]}, "53;4": {"type": "grass", "variant": 9, "pos": [53, 4]}, "54;4": {"type": "grass", "variant": 11, "pos": [54, 4]}, "56;6": {"type": "grass", "variant": 12, "pos": [56, 6]}, "46;7": {"type": "decor/firehole", "variant": 0, "pos": [46, 7]}, "51;6": {"type": "decor/firehole", "variant": 0, "pos": [51, 6]}, "56;5": {"type": "decor/firehole", "variant": 0, "pos": [56, 5]}, "102;10": {"type": "decor/firehole", "variant": 0, "pos": [102, 10]}, "98;10": {"type": "decor/firehole", "variant": 0, "pos": [98, 10]}, "102;11": {"type": "grass", "variant": 9, "pos": [102, 11]}, "98;11": {"type": "grass", "variant": 12, "pos": [98, 11]}, "113;11": {"type": "grass", "variant": 12, "pos": [113, 11]}, "113;10": {"type": "decor/firehole", "variant": 0, "pos": [113, 10]}, "133;9": {"type": "decor/firehole", "variant": 0, "pos": [133, 9]}, "137;7": {"type": "decor/firehole", "variant": 0, "pos": [137, 7]}, "141;7": {"type": "decor/firehole", "variant": 0, "pos": [141, 7]}, "145;9": {"type": "decor/firehole", "variant": 0, "pos": [145, 9]}, "149;11": {"type": "decor/firehole", "variant": 0, "pos": [149, 11]}, "129;11": {"type": "decor/firehole", "variant": 0, "pos": [129, 11]}, "129;12": {"type": "grass", "variant": 12, "pos": [129, 12]}, "133;10": {"type": "grass", "variant": 12, "pos": [133, 10]}, "137;8": {"type": "grass", "variant": 12, "pos": [137, 8]}, "141;8": {"type": "grass", "variant": 12, "pos": [141, 8]}, "145;10": {"type": "grass", "variant": 12, "pos": [145, 10]}, "149;12": {"type": "grass", "variant": 12, "pos": [149, 12]}, "153;12": {"type": "grass", "variant": 12, "pos": [153, 12]}, "153;11": {"type": "decor/firehole", "variant": 0, "pos": [153, 11]}, "166;14": {"type": "decor/firehole", "variant": 0, "pos": [166, 14]}, "187;2": {"type": "reward/food", "variant": 0, "pos": [187, 2]}, "188;2": {"type": "reward/food", "variant": 0, "pos": [188, 2]}, "189;2": {"type": "reward/food", "variant": 0, "pos": [189, 2]}, "190;2": {"type": "reward/food", "variant": 0, "pos": [190, 2]}, "210;9": {"type": "grass", "variant": 12, "pos": [210, 9]}, "213;11": {"type": "grass", "variant": 12, "pos": [213, 11]}, "210;8": {"type": "decor/firehole", "variant": 0, "pos": [210, 8]}, "213;10": {"type": "decor/firehole", "variant": 0, "pos": [213, 10]}, "210;1": {"type": "reward/food", "variant": 0, "pos": [210, 1]}, "205;6": {"type": "grass", "variant": 1, "pos": [205, 6]}, "206;6": {"type": "grass", "variant": 1, "pos": [206, 6]}, "205;7": {"type": "grass", "variant": 8, "pos": [205, 7]}, "206;7": {"type": "grass", "variant": 8, "pos": [206, 7]}, "227;10": {"type": "grass", "variant": 1, "pos": [227, 10]}, "228;10": {"type": "grass", "variant": 1, "pos": [228, 10]}, "229;10": {"type": "grass", "variant": 1, "pos": [229, 10]}, "230;10": {"type": "grass", "variant": 1, "pos": [230, 10]}, "231;10": {"type": "grass", "variant": 1, "pos": [231, 10]}, "232;10": {"type": "grass", "variant": 1, "pos": [232, 10]}, "232;11": {"type": "grass", "variant": 5, "pos": [232, 11]}, "231;11": {"type": "grass", "variant": 5, "pos": [231, 11]}, "230;11": {"type": "grass", "variant": 5, "pos": [230, 11]}, "229;11": {"type": "grass", "variant": 5, "pos": [229, 11]}, "228;11": {"type": "grass", "variant": 5, "pos": [228, 11]}, "227;11": {"type": "grass", "variant": 5, "pos": [227, 11]}, "233;10": {"type": "grass", "variant": 2, "pos": [233, 10]}, "233;11": {"type": "grass", "variant": 4, "pos": [233, 11]}}, "tile_size": 16, "offgrid": [{"type": "decor/tree", "variant": 0, "pos": [1654.4, 144.8]}, {"type": "decor/tree", "variant": 0, "pos": [1665.0, 144.6]}, {"type": "decor/tree", "variant": 0, "pos": [1676.0, 144.0]}, {"type": "decor/tree", "variant": 0, "pos": [1687.0, 144.2]}, {"type": "decor/tree", "variant": 0, "pos": [1726.6, 112.6]}, {"type": "decor/tree", "variant": 0, "pos": [1146.0, 32.599999999999994]}, {"type": "decor/tree", "variant": 0, "pos": [1126.8, -32.0]}, {"type": "decor/tree", "variant": 0, "pos": [1117.4, -31.200000000000003]}, {"type": "decor/tree", "variant": 0, "pos": [1172.8, -63.2]}, {"type": "decor/tree", "variant": 0, "pos": [943.4, 32.599999999999994]}, {"type": "decor/tree", "variant": 0, "pos": [957.8, 32.0]}, {"type": "decor/tree", "variant": 0, "pos": [647.2, 128.8]}, {"type": "decor/tree", "variant": 1, "pos": [966.4, 16.200000000000003]}, {"type": "decor/tree", "variant": 1, "pos": [1092.4, -47.4]}, {"type": "decor/tree", "variant": 1, "pos": [1670.0, 128.0]}, {"type": "decor/tree", "variant": 1, "pos": [1740.6, 64.6]}, {"type": "decor/tree", "variant": 1, "pos": [1312.8, -79.6]}, {"type": "spawners", "variant": 1, "pos": [772.8, 62.400000000000006]}, {"type": "spawners", "variant": 1, "pos": [891.4, 142.4]}, {"type": "spawners", "variant": 1, "pos": [1185.8, -65.6]}, {"type": "spawners", "variant": 1, "pos": [1384.2, -33.80000000000001]}, {"type": "spawners", "variant": 1, "pos": [1661.0, 142.2]}, {"type": "decor/tree", "variant": 1, "pos": [2553.6, 128.4]}, {"type": "decor/tree", "variant": 1, "pos": [3496.0, 128.4]}, {"type": "decor/tree", "variant": 0, "pos": [3097.0, 80.0]}, {"type": "decor/tree", "variant": 0, "pos": [3081.4, 80.2]}, {"type": "decor/tree", "variant": 0, "pos": [2952.0, 144.0]}, {"type": "decor/tree", "variant": 0, "pos": [2751.6, 112.2]}, {"type": "spawners", "variant": 1, "pos": [2586.6, 94.2]}, {"type": "spawners", "variant": 1, "pos": [2501.4, 142.4]}, {"type": "spawners", "variant": 1, "pos": [2932.0, 78.0]}, {"type": "spawners", "variant": 1, "pos": [3544.0, 142.2]}, {"type": "spawners", "variant": 0, "pos": [88.4, 137.6]}, {"type": "decor/tree", "variant": 0, "pos": [3080.4, 144.8]}, {"type": "decor/tree", "variant": 0, "pos": [2816.8, 80.0]}, {"type": "decor/tree", "variant": 0, "pos": [1546.2, -31.400000000000006]}, {"type": "decor/tree", "variant": 0, "pos": [1503.0, -127.6]}, {"type": "decor/tree", "variant": 0, "pos": [1513.4, -127.8]}, {"type": "decor/tree", "variant": 0, "pos": [1411.2, -31.80000000000001]}, {"type": "decor/tree", "variant": 0, "pos": [1421.4, -31.80000000000001]}, {"type": "decor/tree", "variant": 1, "pos": [1421.8, -47.8]}, {"type": "decor/tree", "variant": 1, "pos": [1568.2, -239.8]}, {"type": "decor/tree", "variant": 1, "pos": [2632.6, -79.6]}, {"type": "decor/tree", "variant": 1, "pos": [2824.2, 64.6]}, {"type": "decor/tree", "variant": 1, "pos": [3312.8, -63.6]}, {"type": "spawners", "variant": 1, "pos": [2801.6, 78.19999999999999]}, {"type": "spawners", "variant": 1, "pos": [1522.4, -33.599999999999994]}, {"type": "spawners", "variant": 1, "pos": [1170.6, 126.19999999999999]}, {"type": "spawners", "variant": 1, "pos": [432.4, 62.0]}, {"type": "decor/tree", "variant": 0, "pos": [344.8, 32.2]}, {"type": "decor/tree", "variant": 0, "pos": [457.6, 64.2]}, {"type": "decor/tree", "variant": 0, "pos": [129.6, 144.6]}, {"type": "decor/tree", "variant": 0, "pos": [117.80000000000001, 144.6]}, {"type": "decor/firehole", "variant": 0, "pos": [168.6, 224.6]}, {"type": "decor/firehole", "variant": 0, "pos": [264.2, 224.6]}, {"type": "decor/firehole", "variant": 0, "pos": [505.6, 144.6]}, {"type": "decor/firehole", "variant": 0, "pos": [2888.6, 144.8]}, {"type": "decor/firehole", "variant": 0, "pos": [3016.4, 144.2]}, {"type": "decor/firehole", "variant": 0, "pos": [3144.2, 144.4]}, {"type": "spawners", "variant": 3, "pos": [2017.0, 134.0]}, {"type": "spawners", "variant": 3, "pos": [3307.0, 69.5]}, {"type": "checkpoint", "variant": 0, "pos": [1261.0, -115.0]}, {"type": "checkpoint", "variant": 0, "pos": [1850.0, 59.5]}, {"type": "checkpoint", "variant": 0, "pos": [2561.0, -74.0]}, {"type": "largedecor", "variant": 0, "pos": [303.5, 143.0]}, {"type": "largedecor", "variant": 0, "pos": [1287.0, 79.0]}, {"type": "largedecor", "variant": 1, "pos": [1937.5, 113.0]}, {"type": "largedecor", "variant": 1, "pos": [3218.5, 49.0]}, {"type": "largedecor", "variant": 0, "pos": [3691.5, 143.0]}, {"type": "largedecor", "variant": 0, "pos": [3634.0, 143.0]}]}