{"tilemap": {"0;10": {"type": "autumn", "variant": 7, "pos": [0, 10]}, "1;10": {"type": "autumn", "variant": 8, "pos": [1, 10]}, "2;10": {"type": "autumn", "variant": 8, "pos": [2, 10]}, "3;10": {"type": "autumn", "variant": 1, "pos": [3, 10]}, "4;10": {"type": "autumn", "variant": 1, "pos": [4, 10]}, "5;10": {"type": "autumn", "variant": 1, "pos": [5, 10]}, "6;10": {"type": "autumn", "variant": 1, "pos": [6, 10]}, "7;10": {"type": "autumn", "variant": 1, "pos": [7, 10]}, "8;10": {"type": "autumn", "variant": 1, "pos": [8, 10]}, "9;10": {"type": "autumn", "variant": 1, "pos": [9, 10]}, "12;10": {"type": "autumn", "variant": 1, "pos": [12, 10]}, "13;10": {"type": "autumn", "variant": 1, "pos": [13, 10]}, "13;11": {"type": "autumn", "variant": 5, "pos": [13, 11]}, "12;11": {"type": "autumn", "variant": 5, "pos": [12, 11]}, "9;11": {"type": "autumn", "variant": 5, "pos": [9, 11]}, "8;11": {"type": "autumn", "variant": 5, "pos": [8, 11]}, "7;11": {"type": "autumn", "variant": 5, "pos": [7, 11]}, "6;11": {"type": "autumn", "variant": 5, "pos": [6, 11]}, "5;11": {"type": "autumn", "variant": 5, "pos": [5, 11]}, "4;11": {"type": "autumn", "variant": 5, "pos": [4, 11]}, "3;11": {"type": "autumn", "variant": 5, "pos": [3, 11]}, "2;11": {"type": "autumn", "variant": 5, "pos": [2, 11]}, "1;11": {"type": "autumn", "variant": 5, "pos": [1, 11]}, "0;11": {"type": "autumn", "variant": 6, "pos": [0, 11]}, "14;10": {"type": "autumn", "variant": 1, "pos": [14, 10]}, "14;11": {"type": "autumn", "variant": 5, "pos": [14, 11]}, "15;10": {"type": "autumn", "variant": 2, "pos": [15, 10]}, "15;11": {"type": "autumn", "variant": 4, "pos": [15, 11]}, "215;11": {"type": "autumn", "variant": 5, "pos": [215, 11]}, "216;11": {"type": "autumn", "variant": 5, "pos": [216, 11]}, "217;11": {"type": "autumn", "variant": 5, "pos": [217, 11]}, "217;10": {"type": "autumn", "variant": 1, "pos": [217, 10]}, "216;10": {"type": "autumn", "variant": 1, "pos": [216, 10]}, "215;10": {"type": "autumn", "variant": 1, "pos": [215, 10]}, "218;10": {"type": "autumn", "variant": 1, "pos": [218, 10]}, "218;11": {"type": "autumn", "variant": 5, "pos": [218, 11]}, "219;11": {"type": "autumn", "variant": 5, "pos": [219, 11]}, "220;11": {"type": "autumn", "variant": 5, "pos": [220, 11]}, "221;11": {"type": "autumn", "variant": 5, "pos": [221, 11]}, "222;11": {"type": "autumn", "variant": 5, "pos": [222, 11]}, "222;10": {"type": "autumn", "variant": 1, "pos": [222, 10]}, "221;10": {"type": "autumn", "variant": 1, "pos": [221, 10]}, "220;10": {"type": "autumn", "variant": 1, "pos": [220, 10]}, "219;10": {"type": "autumn", "variant": 1, "pos": [219, 10]}, "215;9": {"type": "decor/fence", "variant": 10, "pos": [215, 9]}, "216;9": {"type": "decor/fence", "variant": 10, "pos": [216, 9]}, "217;9": {"type": "decor/fence", "variant": 10, "pos": [217, 9]}, "220;9": {"type": "decor/fence", "variant": 9, "pos": [220, 9]}, "221;9": {"type": "decor/fence", "variant": 11, "pos": [221, 9]}, "218;9": {"type": "decor/fence", "variant": 11, "pos": [218, 9]}, "0;9": {"type": "autumn", "variant": 7, "pos": [0, 9]}, "0;8": {"type": "autumn", "variant": 7, "pos": [0, 8]}, "0;7": {"type": "autumn", "variant": 7, "pos": [0, 7]}, "0;6": {"type": "autumn", "variant": 0, "pos": [0, 6]}, "1;6": {"type": "autumn", "variant": 1, "pos": [1, 6]}, "1;7": {"type": "autumn", "variant": 8, "pos": [1, 7]}, "1;8": {"type": "autumn", "variant": 8, "pos": [1, 8]}, "1;9": {"type": "autumn", "variant": 8, "pos": [1, 9]}, "2;6": {"type": "autumn", "variant": 2, "pos": [2, 6]}, "2;7": {"type": "autumn", "variant": 3, "pos": [2, 7]}, "2;8": {"type": "autumn", "variant": 3, "pos": [2, 8]}, "2;9": {"type": "autumn", "variant": 3, "pos": [2, 9]}, "223;10": {"type": "autumn", "variant": 1, "pos": [223, 10]}, "224;10": {"type": "autumn", "variant": 1, "pos": [224, 10]}, "225;10": {"type": "autumn", "variant": 1, "pos": [225, 10]}, "226;10": {"type": "autumn", "variant": 2, "pos": [226, 10]}, "226;11": {"type": "autumn", "variant": 4, "pos": [226, 11]}, "225;11": {"type": "autumn", "variant": 5, "pos": [225, 11]}, "224;11": {"type": "autumn", "variant": 5, "pos": [224, 11]}, "223;11": {"type": "autumn", "variant": 5, "pos": [223, 11]}, "224;8": {"type": "finishline", "variant": 0, "pos": [224, 8]}, "225;8": {"type": "finishline", "variant": 1, "pos": [225, 8]}, "224;9": {"type": "finishline", "variant": 2, "pos": [224, 9]}, "225;9": {"type": "finishline", "variant": 3, "pos": [225, 9]}, "19;10": {"type": "autumn", "variant": 7, "pos": [19, 10]}, "19;8": {"type": "autumn", "variant": 0, "pos": [19, 8]}, "19;9": {"type": "autumn", "variant": 7, "pos": [19, 9]}, "20;11": {"type": "autumn", "variant": 4, "pos": [20, 11]}, "20;10": {"type": "autumn", "variant": 3, "pos": [20, 10]}, "19;11": {"type": "autumn", "variant": 6, "pos": [19, 11]}, "20;9": {"type": "autumn", "variant": 3, "pos": [20, 9]}, "20;8": {"type": "autumn", "variant": 2, "pos": [20, 8]}, "24;11": {"type": "autumn", "variant": 6, "pos": [24, 11]}, "24;10": {"type": "autumn", "variant": 7, "pos": [24, 10]}, "24;9": {"type": "autumn", "variant": 7, "pos": [24, 9]}, "24;8": {"type": "autumn", "variant": 7, "pos": [24, 8]}, "24;7": {"type": "autumn", "variant": 7, "pos": [24, 7]}, "24;6": {"type": "autumn", "variant": 0, "pos": [24, 6]}, "25;6": {"type": "autumn", "variant": 2, "pos": [25, 6]}, "25;7": {"type": "autumn", "variant": 3, "pos": [25, 7]}, "25;8": {"type": "autumn", "variant": 3, "pos": [25, 8]}, "25;11": {"type": "autumn", "variant": 4, "pos": [25, 11]}, "25;9": {"type": "autumn", "variant": 3, "pos": [25, 9]}, "25;10": {"type": "autumn", "variant": 3, "pos": [25, 10]}, "29;4": {"type": "autumn", "variant": 0, "pos": [29, 4]}, "29;5": {"type": "autumn", "variant": 7, "pos": [29, 5]}, "29;6": {"type": "autumn", "variant": 7, "pos": [29, 6]}, "29;7": {"type": "autumn", "variant": 7, "pos": [29, 7]}, "29;8": {"type": "autumn", "variant": 7, "pos": [29, 8]}, "29;9": {"type": "autumn", "variant": 7, "pos": [29, 9]}, "29;10": {"type": "autumn", "variant": 7, "pos": [29, 10]}, "29;11": {"type": "autumn", "variant": 6, "pos": [29, 11]}, "30;11": {"type": "autumn", "variant": 4, "pos": [30, 11]}, "30;10": {"type": "autumn", "variant": 3, "pos": [30, 10]}, "30;9": {"type": "autumn", "variant": 3, "pos": [30, 9]}, "30;8": {"type": "autumn", "variant": 3, "pos": [30, 8]}, "30;7": {"type": "autumn", "variant": 3, "pos": [30, 7]}, "30;6": {"type": "autumn", "variant": 3, "pos": [30, 6]}, "30;5": {"type": "autumn", "variant": 3, "pos": [30, 5]}, "30;4": {"type": "autumn", "variant": 2, "pos": [30, 4]}, "50;-5": {"type": "autumn", "variant": 9, "pos": [50, -5]}, "52;-5": {"type": "autumn", "variant": 11, "pos": [52, -5]}, "51;-5": {"type": "autumn", "variant": 10, "pos": [51, -5]}, "56;-7": {"type": "autumn", "variant": 9, "pos": [56, -7]}, "57;-7": {"type": "autumn", "variant": 10, "pos": [57, -7]}, "58;-7": {"type": "autumn", "variant": 11, "pos": [58, -7]}, "62;-5": {"type": "autumn", "variant": 9, "pos": [62, -5]}, "63;-5": {"type": "autumn", "variant": 10, "pos": [63, -5]}, "64;-5": {"type": "autumn", "variant": 11, "pos": [64, -5]}, "68;-7": {"type": "autumn", "variant": 9, "pos": [68, -7]}, "69;-7": {"type": "autumn", "variant": 10, "pos": [69, -7]}, "70;-7": {"type": "autumn", "variant": 11, "pos": [70, -7]}, "74;-5": {"type": "autumn", "variant": 12, "pos": [74, -5]}, "78;-7": {"type": "autumn", "variant": 12, "pos": [78, -7]}, "82;-5": {"type": "autumn", "variant": 0, "pos": [82, -5]}, "82;-4": {"type": "autumn", "variant": 7, "pos": [82, -4]}, "82;-3": {"type": "autumn", "variant": 7, "pos": [82, -3]}, "82;-2": {"type": "autumn", "variant": 7, "pos": [82, -2]}, "82;-1": {"type": "autumn", "variant": 7, "pos": [82, -1]}, "82;0": {"type": "autumn", "variant": 7, "pos": [82, 0]}, "82;1": {"type": "autumn", "variant": 7, "pos": [82, 1]}, "82;2": {"type": "autumn", "variant": 8, "pos": [82, 2]}, "81;2": {"type": "autumn", "variant": 1, "pos": [81, 2]}, "81;3": {"type": "autumn", "variant": 5, "pos": [81, 3]}, "82;3": {"type": "autumn", "variant": 5, "pos": [82, 3]}, "80;2": {"type": "autumn", "variant": 0, "pos": [80, 2]}, "80;3": {"type": "autumn", "variant": 6, "pos": [80, 3]}, "83;-5": {"type": "autumn", "variant": 2, "pos": [83, -5]}, "83;-4": {"type": "autumn", "variant": 3, "pos": [83, -4]}, "83;-3": {"type": "autumn", "variant": 3, "pos": [83, -3]}, "83;-2": {"type": "autumn", "variant": 3, "pos": [83, -2]}, "83;-1": {"type": "autumn", "variant": 3, "pos": [83, -1]}, "83;0": {"type": "autumn", "variant": 3, "pos": [83, 0]}, "83;1": {"type": "autumn", "variant": 3, "pos": [83, 1]}, "83;2": {"type": "autumn", "variant": 3, "pos": [83, 2]}, "83;3": {"type": "autumn", "variant": 4, "pos": [83, 3]}, "77;5": {"type": "autumn", "variant": 2, "pos": [77, 5]}, "77;6": {"type": "autumn", "variant": 3, "pos": [77, 6]}, "77;7": {"type": "autumn", "variant": 3, "pos": [77, 7]}, "77;8": {"type": "autumn", "variant": 3, "pos": [77, 8]}, "79;8": {"type": "autumn", "variant": 0, "pos": [79, 8]}, "80;8": {"type": "autumn", "variant": 1, "pos": [80, 8]}, "76;5": {"type": "autumn", "variant": 0, "pos": [76, 5]}, "76;6": {"type": "autumn", "variant": 7, "pos": [76, 6]}, "76;7": {"type": "autumn", "variant": 7, "pos": [76, 7]}, "76;8": {"type": "autumn", "variant": 7, "pos": [76, 8]}, "81;8": {"type": "autumn", "variant": 1, "pos": [81, 8]}, "81;9": {"type": "autumn", "variant": 5, "pos": [81, 9]}, "80;9": {"type": "autumn", "variant": 5, "pos": [80, 9]}, "79;9": {"type": "autumn", "variant": 6, "pos": [79, 9]}, "76;9": {"type": "autumn", "variant": 6, "pos": [76, 9]}, "77;9": {"type": "autumn", "variant": 4, "pos": [77, 9]}, "83;8": {"type": "autumn", "variant": 1, "pos": [83, 8]}, "83;9": {"type": "autumn", "variant": 5, "pos": [83, 9]}, "84;9": {"type": "autumn", "variant": 4, "pos": [84, 9]}, "84;8": {"type": "autumn", "variant": 2, "pos": [84, 8]}, "94;8": {"type": "autumn", "variant": 0, "pos": [94, 8]}, "94;9": {"type": "autumn", "variant": 6, "pos": [94, 9]}, "95;9": {"type": "autumn", "variant": 4, "pos": [95, 9]}, "95;8": {"type": "autumn", "variant": 2, "pos": [95, 8]}, "105;8": {"type": "autumn", "variant": 0, "pos": [105, 8]}, "105;9": {"type": "autumn", "variant": 6, "pos": [105, 9]}, "106;8": {"type": "autumn", "variant": 1, "pos": [106, 8]}, "106;9": {"type": "autumn", "variant": 5, "pos": [106, 9]}, "108;5": {"type": "autumn", "variant": 6, "pos": [108, 5]}, "108;4": {"type": "autumn", "variant": 0, "pos": [108, 4]}, "109;4": {"type": "autumn", "variant": 2, "pos": [109, 4]}, "109;5": {"type": "autumn", "variant": 4, "pos": [109, 5]}, "108;-1": {"type": "autumn", "variant": 7, "pos": [108, -1]}, "109;-1": {"type": "autumn", "variant": 3, "pos": [109, -1]}, "104;-1": {"type": "autumn", "variant": 3, "pos": [104, -1]}, "103;-1": {"type": "autumn", "variant": 7, "pos": [103, -1]}, "103;-2": {"type": "autumn", "variant": 7, "pos": [103, -2]}, "104;-2": {"type": "autumn", "variant": 3, "pos": [104, -2]}, "104;0": {"type": "autumn", "variant": 3, "pos": [104, 0]}, "104;1": {"type": "autumn", "variant": 3, "pos": [104, 1]}, "104;2": {"type": "autumn", "variant": 3, "pos": [104, 2]}, "103;2": {"type": "autumn", "variant": 7, "pos": [103, 2]}, "103;1": {"type": "autumn", "variant": 7, "pos": [103, 1]}, "103;0": {"type": "autumn", "variant": 7, "pos": [103, 0]}, "107;8": {"type": "autumn", "variant": 2, "pos": [107, 8]}, "107;9": {"type": "autumn", "variant": 4, "pos": [107, 9]}, "82;8": {"type": "autumn", "variant": 1, "pos": [82, 8]}, "82;9": {"type": "autumn", "variant": 5, "pos": [82, 9]}, "90;8": {"type": "autumn", "variant": 2, "pos": [90, 8]}, "90;9": {"type": "autumn", "variant": 4, "pos": [90, 9]}, "89;9": {"type": "autumn", "variant": 5, "pos": [89, 9]}, "89;8": {"type": "autumn", "variant": 1, "pos": [89, 8]}, "88;8": {"type": "autumn", "variant": 0, "pos": [88, 8]}, "88;9": {"type": "autumn", "variant": 6, "pos": [88, 9]}, "108;-2": {"type": "autumn", "variant": 0, "pos": [108, -2]}, "109;-2": {"type": "autumn", "variant": 2, "pos": [109, -2]}, "104;-3": {"type": "autumn", "variant": 3, "pos": [104, -3]}, "103;-3": {"type": "autumn", "variant": 7, "pos": [103, -3]}, "104;-4": {"type": "autumn", "variant": 3, "pos": [104, -4]}, "103;-4": {"type": "autumn", "variant": 7, "pos": [103, -4]}, "113;-2": {"type": "autumn", "variant": 0, "pos": [113, -2]}, "113;-1": {"type": "autumn", "variant": 6, "pos": [113, -1]}, "114;-1": {"type": "autumn", "variant": 5, "pos": [114, -1]}, "114;-2": {"type": "autumn", "variant": 1, "pos": [114, -2]}, "115;-2": {"type": "autumn", "variant": 2, "pos": [115, -2]}, "117;-2": {"type": "autumn", "variant": 0, "pos": [117, -2]}, "118;-2": {"type": "autumn", "variant": 1, "pos": [118, -2]}, "118;-1": {"type": "autumn", "variant": 5, "pos": [118, -1]}, "117;-1": {"type": "autumn", "variant": 6, "pos": [117, -1]}, "115;-1": {"type": "autumn", "variant": 4, "pos": [115, -1]}, "143;6": {"type": "autumn", "variant": 0, "pos": [143, 6]}, "143;7": {"type": "autumn", "variant": 7, "pos": [143, 7]}, "144;7": {"type": "autumn", "variant": 3, "pos": [144, 7]}, "144;6": {"type": "autumn", "variant": 2, "pos": [144, 6]}, "148;7": {"type": "autumn", "variant": 7, "pos": [148, 7]}, "148;6": {"type": "autumn", "variant": 0, "pos": [148, 6]}, "143;8": {"type": "autumn", "variant": 7, "pos": [143, 8]}, "144;8": {"type": "autumn", "variant": 8, "pos": [144, 8]}, "145;8": {"type": "autumn", "variant": 2, "pos": [145, 8]}, "147;8": {"type": "autumn", "variant": 0, "pos": [147, 8]}, "148;8": {"type": "autumn", "variant": 8, "pos": [148, 8]}, "149;8": {"type": "autumn", "variant": 8, "pos": [149, 8]}, "150;8": {"type": "autumn", "variant": 8, "pos": [150, 8]}, "151;8": {"type": "autumn", "variant": 2, "pos": [151, 8]}, "151;9": {"type": "autumn", "variant": 4, "pos": [151, 9]}, "150;9": {"type": "autumn", "variant": 5, "pos": [150, 9]}, "149;9": {"type": "autumn", "variant": 5, "pos": [149, 9]}, "148;9": {"type": "autumn", "variant": 5, "pos": [148, 9]}, "147;9": {"type": "autumn", "variant": 6, "pos": [147, 9]}, "145;9": {"type": "autumn", "variant": 4, "pos": [145, 9]}, "144;9": {"type": "autumn", "variant": 5, "pos": [144, 9]}, "143;9": {"type": "autumn", "variant": 6, "pos": [143, 9]}, "153;8": {"type": "autumn", "variant": 0, "pos": [153, 8]}, "154;8": {"type": "autumn", "variant": 8, "pos": [154, 8]}, "155;8": {"type": "autumn", "variant": 3, "pos": [155, 8]}, "155;9": {"type": "autumn", "variant": 4, "pos": [155, 9]}, "154;9": {"type": "autumn", "variant": 5, "pos": [154, 9]}, "153;9": {"type": "autumn", "variant": 6, "pos": [153, 9]}, "154;6": {"type": "autumn", "variant": 0, "pos": [154, 6]}, "154;7": {"type": "autumn", "variant": 7, "pos": [154, 7]}, "149;6": {"type": "autumn", "variant": 1, "pos": [149, 6]}, "149;7": {"type": "autumn", "variant": 8, "pos": [149, 7]}, "150;6": {"type": "autumn", "variant": 2, "pos": [150, 6]}, "150;7": {"type": "autumn", "variant": 3, "pos": [150, 7]}, "155;6": {"type": "autumn", "variant": 2, "pos": [155, 6]}, "155;7": {"type": "autumn", "variant": 3, "pos": [155, 7]}, "163;21": {"type": "autumn", "variant": 12, "pos": [163, 21]}, "166;27": {"type": "autumn", "variant": 6, "pos": [166, 27]}, "167;27": {"type": "autumn", "variant": 4, "pos": [167, 27]}, "166;26": {"type": "autumn", "variant": 0, "pos": [166, 26]}, "167;26": {"type": "autumn", "variant": 2, "pos": [167, 26]}, "165;18": {"type": "autumn", "variant": 0, "pos": [165, 18]}, "166;18": {"type": "autumn", "variant": 1, "pos": [166, 18]}, "167;18": {"type": "autumn", "variant": 1, "pos": [167, 18]}, "168;18": {"type": "autumn", "variant": 1, "pos": [168, 18]}, "169;18": {"type": "autumn", "variant": 8, "pos": [169, 18]}, "170;18": {"type": "autumn", "variant": 8, "pos": [170, 18]}, "171;18": {"type": "autumn", "variant": 8, "pos": [171, 18]}, "171;19": {"type": "autumn", "variant": 5, "pos": [171, 19]}, "170;19": {"type": "autumn", "variant": 5, "pos": [170, 19]}, "169;19": {"type": "autumn", "variant": 5, "pos": [169, 19]}, "168;19": {"type": "autumn", "variant": 5, "pos": [168, 19]}, "167;19": {"type": "autumn", "variant": 5, "pos": [167, 19]}, "166;19": {"type": "autumn", "variant": 5, "pos": [166, 19]}, "165;19": {"type": "autumn", "variant": 6, "pos": [165, 19]}, "169;17": {"type": "autumn", "variant": 0, "pos": [169, 17]}, "170;17": {"type": "autumn", "variant": 8, "pos": [170, 17]}, "171;17": {"type": "autumn", "variant": 8, "pos": [171, 17]}, "171;16": {"type": "autumn", "variant": 8, "pos": [171, 16]}, "170;16": {"type": "autumn", "variant": 0, "pos": [170, 16]}, "171;15": {"type": "autumn", "variant": 0, "pos": [171, 15]}, "172;15": {"type": "autumn", "variant": 8, "pos": [172, 15]}, "172;16": {"type": "autumn", "variant": 8, "pos": [172, 16]}, "172;17": {"type": "autumn", "variant": 8, "pos": [172, 17]}, "172;18": {"type": "autumn", "variant": 8, "pos": [172, 18]}, "172;19": {"type": "autumn", "variant": 5, "pos": [172, 19]}, "172;14": {"type": "autumn", "variant": 0, "pos": [172, 14]}, "173;14": {"type": "autumn", "variant": 8, "pos": [173, 14]}, "173;15": {"type": "autumn", "variant": 8, "pos": [173, 15]}, "173;16": {"type": "autumn", "variant": 8, "pos": [173, 16]}, "173;17": {"type": "autumn", "variant": 8, "pos": [173, 17]}, "173;18": {"type": "autumn", "variant": 8, "pos": [173, 18]}, "173;19": {"type": "autumn", "variant": 5, "pos": [173, 19]}, "173;13": {"type": "autumn", "variant": 0, "pos": [173, 13]}, "174;18": {"type": "autumn", "variant": 8, "pos": [174, 18]}, "174;19": {"type": "autumn", "variant": 5, "pos": [174, 19]}, "175;18": {"type": "autumn", "variant": 1, "pos": [175, 18]}, "176;18": {"type": "autumn", "variant": 1, "pos": [176, 18]}, "177;18": {"type": "autumn", "variant": 1, "pos": [177, 18]}, "178;18": {"type": "autumn", "variant": 1, "pos": [178, 18]}, "178;19": {"type": "autumn", "variant": 5, "pos": [178, 19]}, "177;19": {"type": "autumn", "variant": 5, "pos": [177, 19]}, "176;19": {"type": "autumn", "variant": 5, "pos": [176, 19]}, "175;19": {"type": "autumn", "variant": 5, "pos": [175, 19]}, "179;18": {"type": "autumn", "variant": 1, "pos": [179, 18]}, "179;19": {"type": "autumn", "variant": 5, "pos": [179, 19]}, "180;15": {"type": "autumn", "variant": 7, "pos": [180, 15]}, "180;16": {"type": "autumn", "variant": 7, "pos": [180, 16]}, "180;17": {"type": "autumn", "variant": 7, "pos": [180, 17]}, "180;18": {"type": "autumn", "variant": 8, "pos": [180, 18]}, "180;19": {"type": "autumn", "variant": 5, "pos": [180, 19]}, "181;16": {"type": "autumn", "variant": 8, "pos": [181, 16]}, "181;17": {"type": "autumn", "variant": 8, "pos": [181, 17]}, "181;18": {"type": "autumn", "variant": 8, "pos": [181, 18]}, "181;19": {"type": "autumn", "variant": 5, "pos": [181, 19]}, "182;17": {"type": "autumn", "variant": 8, "pos": [182, 17]}, "182;18": {"type": "autumn", "variant": 8, "pos": [182, 18]}, "182;19": {"type": "autumn", "variant": 5, "pos": [182, 19]}, "183;18": {"type": "autumn", "variant": 8, "pos": [183, 18]}, "184;18": {"type": "autumn", "variant": 8, "pos": [184, 18]}, "185;18": {"type": "autumn", "variant": 8, "pos": [185, 18]}, "186;18": {"type": "autumn", "variant": 1, "pos": [186, 18]}, "187;18": {"type": "autumn", "variant": 2, "pos": [187, 18]}, "187;19": {"type": "autumn", "variant": 4, "pos": [187, 19]}, "186;19": {"type": "autumn", "variant": 5, "pos": [186, 19]}, "185;19": {"type": "autumn", "variant": 5, "pos": [185, 19]}, "184;19": {"type": "autumn", "variant": 5, "pos": [184, 19]}, "183;19": {"type": "autumn", "variant": 5, "pos": [183, 19]}, "174;13": {"type": "autumn", "variant": 3, "pos": [174, 13]}, "174;16": {"type": "autumn", "variant": 3, "pos": [174, 16]}, "174;17": {"type": "autumn", "variant": 3, "pos": [174, 17]}, "174;15": {"type": "autumn", "variant": 3, "pos": [174, 15]}, "174;14": {"type": "autumn", "variant": 3, "pos": [174, 14]}, "180;13": {"type": "autumn", "variant": 7, "pos": [180, 13]}, "180;14": {"type": "autumn", "variant": 7, "pos": [180, 14]}, "181;13": {"type": "autumn", "variant": 2, "pos": [181, 13]}, "181;14": {"type": "autumn", "variant": 8, "pos": [181, 14]}, "181;15": {"type": "autumn", "variant": 8, "pos": [181, 15]}, "182;14": {"type": "autumn", "variant": 2, "pos": [182, 14]}, "182;15": {"type": "autumn", "variant": 8, "pos": [182, 15]}, "182;16": {"type": "autumn", "variant": 8, "pos": [182, 16]}, "183;15": {"type": "autumn", "variant": 2, "pos": [183, 15]}, "183;16": {"type": "autumn", "variant": 8, "pos": [183, 16]}, "183;17": {"type": "autumn", "variant": 8, "pos": [183, 17]}, "184;16": {"type": "autumn", "variant": 2, "pos": [184, 16]}, "184;17": {"type": "autumn", "variant": 8, "pos": [184, 17]}, "185;17": {"type": "autumn", "variant": 2, "pos": [185, 17]}, "190;16": {"type": "autumn", "variant": 11, "pos": [190, 16]}, "194;14": {"type": "autumn", "variant": 10, "pos": [194, 14]}, "198;12": {"type": "autumn", "variant": 10, "pos": [198, 12]}, "202;10": {"type": "autumn", "variant": 0, "pos": [202, 10]}, "203;10": {"type": "autumn", "variant": 1, "pos": [203, 10]}, "204;10": {"type": "autumn", "variant": 2, "pos": [204, 10]}, "208;10": {"type": "autumn", "variant": 1, "pos": [208, 10]}, "209;10": {"type": "autumn", "variant": 2, "pos": [209, 10]}, "207;10": {"type": "autumn", "variant": 0, "pos": [207, 10]}, "212;10": {"type": "autumn", "variant": 0, "pos": [212, 10]}, "213;10": {"type": "autumn", "variant": 1, "pos": [213, 10]}, "214;10": {"type": "autumn", "variant": 1, "pos": [214, 10]}, "214;11": {"type": "autumn", "variant": 5, "pos": [214, 11]}, "213;11": {"type": "autumn", "variant": 5, "pos": [213, 11]}, "212;11": {"type": "autumn", "variant": 6, "pos": [212, 11]}, "207;11": {"type": "autumn", "variant": 6, "pos": [207, 11]}, "208;11": {"type": "autumn", "variant": 5, "pos": [208, 11]}, "209;11": {"type": "autumn", "variant": 4, "pos": [209, 11]}, "202;11": {"type": "autumn", "variant": 6, "pos": [202, 11]}, "203;11": {"type": "autumn", "variant": 5, "pos": [203, 11]}, "204;11": {"type": "autumn", "variant": 4, "pos": [204, 11]}, "48;0": {"type": "autumn", "variant": 12, "pos": [48, 0]}, "48;-1": {"type": "decor/firehole", "variant": 0, "pos": [48, -1]}, "17;12": {"type": "decor/firehole", "variant": 0, "pos": [17, 12]}, "22;10": {"type": "decor/firehole", "variant": 0, "pos": [22, 10]}, "27;8": {"type": "decor/firehole", "variant": 0, "pos": [27, 8]}, "27;9": {"type": "autumn", "variant": 12, "pos": [27, 9]}, "22;11": {"type": "autumn", "variant": 12, "pos": [22, 11]}, "17;13": {"type": "autumn", "variant": 12, "pos": [17, 13]}, "82;6": {"type": "decor/tree", "variant": 4, "pos": [82, 6]}, "94;6": {"type": "decor/tree", "variant": 4, "pos": [94, 6]}, "81;7": {"type": "decor/tree", "variant": 3, "pos": [81, 7]}, "80;7": {"type": "decor/tree", "variant": 3, "pos": [80, 7]}, "81;1": {"type": "decor/tree", "variant": 3, "pos": [81, 1]}, "2;5": {"type": "decor/tree", "variant": 3, "pos": [2, 5]}, "87;12": {"type": "autumn", "variant": 12, "pos": [87, 12]}, "93;12": {"type": "autumn", "variant": 12, "pos": [93, 12]}, "98;12": {"type": "autumn", "variant": 12, "pos": [98, 12]}, "85;12": {"type": "autumn", "variant": 12, "pos": [85, 12]}, "91;12": {"type": "autumn", "variant": 12, "pos": [91, 12]}, "96;12": {"type": "autumn", "variant": 12, "pos": [96, 12]}, "96;11": {"type": "decor/firehole", "variant": 0, "pos": [96, 11]}, "98;11": {"type": "decor/firehole", "variant": 0, "pos": [98, 11]}, "91;11": {"type": "decor/firehole", "variant": 0, "pos": [91, 11]}, "93;11": {"type": "decor/firehole", "variant": 0, "pos": [93, 11]}, "85;11": {"type": "decor/firehole", "variant": 0, "pos": [85, 11]}, "87;11": {"type": "decor/firehole", "variant": 0, "pos": [87, 11]}, "106;7": {"type": "decor/firehole", "variant": 0, "pos": [106, 7]}, "125;6": {"type": "decor/firehole", "variant": 0, "pos": [125, 6]}, "126;6": {"type": "decor/firehole", "variant": 0, "pos": [126, 6]}, "131;9": {"type": "decor/firehole", "variant": 0, "pos": [131, 9]}, "130;9": {"type": "decor/firehole", "variant": 0, "pos": [130, 9]}, "136;12": {"type": "decor/firehole", "variant": 0, "pos": [136, 12]}, "135;12": {"type": "decor/firehole", "variant": 0, "pos": [135, 12]}, "125;7": {"type": "autumn", "variant": 0, "pos": [125, 7]}, "126;7": {"type": "autumn", "variant": 2, "pos": [126, 7]}, "126;8": {"type": "autumn", "variant": 4, "pos": [126, 8]}, "125;8": {"type": "autumn", "variant": 6, "pos": [125, 8]}, "130;10": {"type": "autumn", "variant": 0, "pos": [130, 10]}, "131;10": {"type": "autumn", "variant": 2, "pos": [131, 10]}, "131;11": {"type": "autumn", "variant": 4, "pos": [131, 11]}, "130;11": {"type": "autumn", "variant": 6, "pos": [130, 11]}, "135;13": {"type": "autumn", "variant": 0, "pos": [135, 13]}, "136;13": {"type": "autumn", "variant": 2, "pos": [136, 13]}, "135;14": {"type": "autumn", "variant": 6, "pos": [135, 14]}, "136;14": {"type": "autumn", "variant": 4, "pos": [136, 14]}, "145;7": {"type": "decor/firehole", "variant": 0, "pos": [145, 7]}, "147;7": {"type": "decor/firehole", "variant": 0, "pos": [147, 7]}, "151;7": {"type": "decor/firehole", "variant": 0, "pos": [151, 7]}, "153;7": {"type": "decor/firehole", "variant": 0, "pos": [153, 7]}, "176;17": {"type": "decor/firehole", "variant": 0, "pos": [176, 17]}, "178;17": {"type": "decor/firehole", "variant": 0, "pos": [178, 17]}, "192;17": {"type": "decor/firehole", "variant": 0, "pos": [192, 17]}, "196;15": {"type": "decor/firehole", "variant": 0, "pos": [196, 15]}, "200;13": {"type": "decor/firehole", "variant": 0, "pos": [200, 13]}, "192;18": {"type": "autumn", "variant": 12, "pos": [192, 18]}, "196;16": {"type": "autumn", "variant": 12, "pos": [196, 16]}, "200;14": {"type": "autumn", "variant": 12, "pos": [200, 14]}, "24;5": {"type": "reward/food", "variant": 1, "pos": [24, 5]}, "51;-6": {"type": "reward/food", "variant": 1, "pos": [51, -6]}, "57;-8": {"type": "reward/food", "variant": 1, "pos": [57, -8]}, "78;-8": {"type": "reward/food", "variant": 1, "pos": [78, -8]}, "74;-6": {"type": "reward/food", "variant": 1, "pos": [74, -6]}, "81;-4": {"type": "reward/food", "variant": 0, "pos": [81, -4]}, "81;-3": {"type": "reward/food", "variant": 0, "pos": [81, -3]}, "81;-2": {"type": "reward/food", "variant": 0, "pos": [81, -2]}, "81;-1": {"type": "reward/food", "variant": 0, "pos": [81, -1]}, "81;-5": {"type": "reward/food", "variant": 0, "pos": [81, -5]}, "85;4": {"type": "reward/food", "variant": 0, "pos": [85, 4]}, "86;4": {"type": "reward/food", "variant": 0, "pos": [86, 4]}, "87;4": {"type": "reward/food", "variant": 0, "pos": [87, 4]}, "91;4": {"type": "reward/food", "variant": 0, "pos": [91, 4]}, "92;4": {"type": "reward/food", "variant": 0, "pos": [92, 4]}, "93;4": {"type": "reward/food", "variant": 0, "pos": [93, 4]}, "96;4": {"type": "reward/food", "variant": 0, "pos": [96, 4]}, "97;4": {"type": "reward/food", "variant": 0, "pos": [97, 4]}, "98;4": {"type": "reward/food", "variant": 0, "pos": [98, 4]}, "108;0": {"type": "autumn", "variant": 6, "pos": [108, 0]}, "109;0": {"type": "autumn", "variant": 4, "pos": [109, 0]}, "105;2": {"type": "reward/food", "variant": 0, "pos": [105, 2]}, "105;1": {"type": "reward/food", "variant": 0, "pos": [105, 1]}, "107;-2": {"type": "reward/food", "variant": 0, "pos": [107, -2]}, "107;-1": {"type": "reward/food", "variant": 0, "pos": [107, -1]}, "120;-6": {"type": "reward/food", "variant": 0, "pos": [120, -6]}, "121;-6": {"type": "reward/food", "variant": 0, "pos": [121, -6]}, "128;-2": {"type": "reward/food", "variant": 0, "pos": [128, -2]}, "128;-1": {"type": "reward/food", "variant": 0, "pos": [128, -1]}, "122;-6": {"type": "reward/food", "variant": 0, "pos": [122, -6]}, "133;2": {"type": "reward/food", "variant": 0, "pos": [133, 2]}, "133;1": {"type": "reward/food", "variant": 0, "pos": [133, 1]}, "149;5": {"type": "reward/food", "variant": 1, "pos": [149, 5]}, "154;5": {"type": "reward/food", "variant": 1, "pos": [154, 5]}, "159;6": {"type": "reward/food", "variant": 0, "pos": [159, 6]}, "159;7": {"type": "reward/food", "variant": 0, "pos": [159, 7]}, "159;8": {"type": "reward/food", "variant": 0, "pos": [159, 8]}, "159;9": {"type": "reward/food", "variant": 0, "pos": [159, 9]}, "159;10": {"type": "reward/food", "variant": 0, "pos": [159, 10]}, "163;16": {"type": "reward/food", "variant": 0, "pos": [163, 16]}, "163;15": {"type": "reward/food", "variant": 0, "pos": [163, 15]}, "163;14": {"type": "reward/food", "variant": 0, "pos": [163, 14]}, "163;13": {"type": "reward/food", "variant": 0, "pos": [163, 13]}, "163;12": {"type": "reward/food", "variant": 0, "pos": [163, 12]}, "176;8": {"type": "reward/food", "variant": 0, "pos": [176, 8]}, "177;8": {"type": "reward/food", "variant": 0, "pos": [177, 8]}, "178;8": {"type": "reward/food", "variant": 0, "pos": [178, 8]}, "175;8": {"type": "reward/food", "variant": 0, "pos": [175, 8]}, "179;8": {"type": "reward/food", "variant": 0, "pos": [179, 8]}, "190;15": {"type": "reward/food", "variant": 1, "pos": [190, 15]}, "194;13": {"type": "reward/food", "variant": 1, "pos": [194, 13]}, "198;11": {"type": "reward/food", "variant": 1, "pos": [198, 11]}, "212;9": {"type": "reward/food", "variant": 1, "pos": [212, 9]}, "213;9": {"type": "reward/food", "variant": 1, "pos": [213, 9]}, "216;6": {"type": "reward/food", "variant": 0, "pos": [216, 6]}, "217;6": {"type": "reward/food", "variant": 0, "pos": [217, 6]}, "218;6": {"type": "reward/food", "variant": 0, "pos": [218, 6]}, "10;10": {"type": "autumn", "variant": 1, "pos": [10, 10]}, "11;10": {"type": "autumn", "variant": 1, "pos": [11, 10]}, "11;11": {"type": "autumn", "variant": 5, "pos": [11, 11]}, "10;11": {"type": "autumn", "variant": 5, "pos": [10, 11]}, "16;14": {"type": "autumn", "variant": 12, "pos": [16, 14]}, "18;14": {"type": "autumn", "variant": 12, "pos": [18, 14]}, "21;12": {"type": "autumn", "variant": 12, "pos": [21, 12]}, "23;12": {"type": "autumn", "variant": 12, "pos": [23, 12]}, "34;4": {"type": "autumn", "variant": 19, "pos": [34, 4]}, "34;5": {"type": "autumn", "variant": 17, "pos": [34, 5]}, "32;9": {"type": "autumn", "variant": 12, "pos": [32, 9]}, "36;9": {"type": "autumn", "variant": 12, "pos": [36, 9]}, "38;5": {"type": "autumn", "variant": 17, "pos": [38, 5]}, "38;4": {"type": "autumn", "variant": 19, "pos": [38, 4]}, "40;9": {"type": "autumn", "variant": 12, "pos": [40, 9]}, "42;4": {"type": "autumn", "variant": 19, "pos": [42, 4]}, "42;5": {"type": "autumn", "variant": 17, "pos": [42, 5]}, "44;9": {"type": "autumn", "variant": 12, "pos": [44, 9]}, "43;1": {"type": "autumn", "variant": 12, "pos": [43, 1]}, "42;-2": {"type": "autumn", "variant": 12, "pos": [42, -2]}, "45;-5": {"type": "autumn", "variant": 0, "pos": [45, -5]}, "45;-4": {"type": "autumn", "variant": 7, "pos": [45, -4]}, "45;-3": {"type": "autumn", "variant": 6, "pos": [45, -3]}, "46;-3": {"type": "autumn", "variant": 4, "pos": [46, -3]}, "46;-4": {"type": "autumn", "variant": 3, "pos": [46, -4]}, "46;-5": {"type": "autumn", "variant": 2, "pos": [46, -5]}, "55;-3": {"type": "autumn", "variant": 12, "pos": [55, -3]}, "53;-3": {"type": "autumn", "variant": 12, "pos": [53, -3]}, "59;-3": {"type": "autumn", "variant": 12, "pos": [59, -3]}, "61;-3": {"type": "autumn", "variant": 12, "pos": [61, -3]}, "47;-1": {"type": "autumn", "variant": 12, "pos": [47, -1]}, "49;-1": {"type": "autumn", "variant": 12, "pos": [49, -1]}, "65;-3": {"type": "autumn", "variant": 12, "pos": [65, -3]}, "67;-3": {"type": "autumn", "variant": 12, "pos": [67, -3]}, "71;-3": {"type": "autumn", "variant": 12, "pos": [71, -3]}, "73;-3": {"type": "autumn", "variant": 12, "pos": [73, -3]}, "78;12": {"type": "autumn", "variant": 12, "pos": [78, 12]}, "86;14": {"type": "autumn", "variant": 12, "pos": [86, 14]}, "92;14": {"type": "autumn", "variant": 12, "pos": [92, 14]}, "97;14": {"type": "autumn", "variant": 12, "pos": [97, 14]}, "72;-1": {"type": "autumn", "variant": 12, "pos": [72, -1]}, "66;-1": {"type": "autumn", "variant": 12, "pos": [66, -1]}, "60;-1": {"type": "autumn", "variant": 12, "pos": [60, -1]}, "54;-1": {"type": "autumn", "variant": 12, "pos": [54, -1]}, "99;8": {"type": "autumn", "variant": 0, "pos": [99, 8]}, "99;9": {"type": "autumn", "variant": 6, "pos": [99, 9]}, "100;9": {"type": "autumn", "variant": 5, "pos": [100, 9]}, "101;9": {"type": "autumn", "variant": 4, "pos": [101, 9]}, "101;8": {"type": "autumn", "variant": 2, "pos": [101, 8]}, "100;8": {"type": "autumn", "variant": 1, "pos": [100, 8]}, "103;3": {"type": "autumn", "variant": 6, "pos": [103, 3]}, "104;3": {"type": "autumn", "variant": 4, "pos": [104, 3]}, "103;-5": {"type": "autumn", "variant": 7, "pos": [103, -5]}, "104;-5": {"type": "autumn", "variant": 3, "pos": [104, -5]}, "104;-6": {"type": "autumn", "variant": 3, "pos": [104, -6]}, "104;-7": {"type": "autumn", "variant": 3, "pos": [104, -7]}, "103;-7": {"type": "autumn", "variant": 8, "pos": [103, -7]}, "103;-6": {"type": "autumn", "variant": 7, "pos": [103, -6]}, "104;-8": {"type": "autumn", "variant": 3, "pos": [104, -8]}, "104;-9": {"type": "autumn", "variant": 3, "pos": [104, -9]}, "104;-10": {"type": "autumn", "variant": 2, "pos": [104, -10]}, "103;-10": {"type": "autumn", "variant": 0, "pos": [103, -10]}, "103;-9": {"type": "autumn", "variant": 7, "pos": [103, -9]}, "103;-8": {"type": "autumn", "variant": 8, "pos": [103, -8]}, "108;-6": {"type": "autumn", "variant": 6, "pos": [108, -6]}, "109;-6": {"type": "autumn", "variant": 4, "pos": [109, -6]}, "108;-9": {"type": "autumn", "variant": 0, "pos": [108, -9]}, "108;-8": {"type": "autumn", "variant": 7, "pos": [108, -8]}, "108;-7": {"type": "autumn", "variant": 7, "pos": [108, -7]}, "109;-7": {"type": "autumn", "variant": 3, "pos": [109, -7]}, "109;-8": {"type": "autumn", "variant": 3, "pos": [109, -8]}, "109;-9": {"type": "autumn", "variant": 2, "pos": [109, -9]}, "102;-8": {"type": "autumn", "variant": 0, "pos": [102, -8]}, "102;-7": {"type": "autumn", "variant": 6, "pos": [102, -7]}, "99;-8": {"type": "autumn", "variant": 2, "pos": [99, -8]}, "99;-7": {"type": "autumn", "variant": 4, "pos": [99, -7]}, "98;-7": {"type": "autumn", "variant": 5, "pos": [98, -7]}, "97;-7": {"type": "autumn", "variant": 5, "pos": [97, -7]}, "96;-7": {"type": "autumn", "variant": 5, "pos": [96, -7]}, "96;-8": {"type": "autumn", "variant": 1, "pos": [96, -8]}, "97;-8": {"type": "autumn", "variant": 1, "pos": [97, -8]}, "98;-8": {"type": "autumn", "variant": 1, "pos": [98, -8]}, "95;-8": {"type": "autumn", "variant": 0, "pos": [95, -8]}, "95;-7": {"type": "autumn", "variant": 6, "pos": [95, -7]}, "98;-9": {"type": "reward/food", "variant": 1, "pos": [98, -9]}, "97;-9": {"type": "reward/food", "variant": 1, "pos": [97, -9]}, "96;-9": {"type": "reward/food", "variant": 1, "pos": [96, -9]}, "105;-5": {"type": "reward/food", "variant": 0, "pos": [105, -5]}, "105;-6": {"type": "reward/food", "variant": 0, "pos": [105, -6]}, "107;-8": {"type": "reward/food", "variant": 0, "pos": [107, -8]}, "107;-9": {"type": "reward/food", "variant": 0, "pos": [107, -9]}, "111;1": {"type": "autumn", "variant": 12, "pos": [111, 1]}, "110;2": {"type": "autumn", "variant": 12, "pos": [110, 2]}, "112;2": {"type": "autumn", "variant": 12, "pos": [112, 2]}, "119;-2": {"type": "autumn", "variant": 2, "pos": [119, -2]}, "119;-1": {"type": "autumn", "variant": 4, "pos": [119, -1]}, "116;1": {"type": "autumn", "variant": 12, "pos": [116, 1]}, "121;1": {"type": "autumn", "variant": 12, "pos": [121, 1]}, "120;2": {"type": "autumn", "variant": 12, "pos": [120, 2]}, "122;2": {"type": "autumn", "variant": 12, "pos": [122, 2]}, "123;-2": {"type": "autumn", "variant": 12, "pos": [123, -2]}, "128;5": {"type": "autumn", "variant": 12, "pos": [128, 5]}, "133;8": {"type": "autumn", "variant": 12, "pos": [133, 8]}, "138;11": {"type": "autumn", "variant": 12, "pos": [138, 11]}, "139;8": {"type": "autumn", "variant": 12, "pos": [139, 8]}, "140;5": {"type": "autumn", "variant": 12, "pos": [140, 5]}, "174;12": {"type": "autumn", "variant": 19, "pos": [174, 12]}, "180;12": {"type": "autumn", "variant": 19, "pos": [180, 12]}, "177;15": {"type": "autumn", "variant": 12, "pos": [177, 15]}, "189;16": {"type": "autumn", "variant": 9, "pos": [189, 16]}, "193;14": {"type": "autumn", "variant": 9, "pos": [193, 14]}, "195;14": {"type": "autumn", "variant": 11, "pos": [195, 14]}, "197;12": {"type": "autumn", "variant": 9, "pos": [197, 12]}, "199;12": {"type": "autumn", "variant": 11, "pos": [199, 12]}, "205;14": {"type": "autumn", "variant": 12, "pos": [205, 14]}, "210;14": {"type": "autumn", "variant": 12, "pos": [210, 14]}, "211;16": {"type": "autumn", "variant": 12, "pos": [211, 16]}, "206;16": {"type": "autumn", "variant": 12, "pos": [206, 16]}, "205;13": {"type": "decor/firehole", "variant": 0, "pos": [205, 13]}, "206;15": {"type": "decor/firehole", "variant": 0, "pos": [206, 15]}, "210;13": {"type": "decor/firehole", "variant": 0, "pos": [210, 13]}, "211;15": {"type": "decor/firehole", "variant": 0, "pos": [211, 15]}, "177;14": {"type": "decor/firehole", "variant": 0, "pos": [177, 14]}, "120;1": {"type": "decor/firehole", "variant": 0, "pos": [120, 1]}, "121;0": {"type": "decor/firehole", "variant": 0, "pos": [121, 0]}, "122;1": {"type": "decor/firehole", "variant": 0, "pos": [122, 1]}, "116;0": {"type": "decor/firehole", "variant": 0, "pos": [116, 0]}, "112;1": {"type": "decor/firehole", "variant": 0, "pos": [112, 1]}, "111;0": {"type": "decor/firehole", "variant": 0, "pos": [111, 0]}, "110;1": {"type": "decor/firehole", "variant": 0, "pos": [110, 1]}, "97;13": {"type": "decor/firehole", "variant": 0, "pos": [97, 13]}, "92;13": {"type": "decor/firehole", "variant": 0, "pos": [92, 13]}, "86;13": {"type": "decor/firehole", "variant": 0, "pos": [86, 13]}, "78;11": {"type": "decor/firehole", "variant": 0, "pos": [78, 11]}, "73;-4": {"type": "decor/firehole", "variant": 0, "pos": [73, -4]}, "71;-4": {"type": "decor/firehole", "variant": 0, "pos": [71, -4]}, "72;-2": {"type": "decor/firehole", "variant": 0, "pos": [72, -2]}, "65;-4": {"type": "decor/firehole", "variant": 0, "pos": [65, -4]}, "67;-4": {"type": "decor/firehole", "variant": 0, "pos": [67, -4]}, "66;-2": {"type": "decor/firehole", "variant": 0, "pos": [66, -2]}, "59;-4": {"type": "decor/firehole", "variant": 0, "pos": [59, -4]}, "61;-4": {"type": "decor/firehole", "variant": 0, "pos": [61, -4]}, "60;-2": {"type": "decor/firehole", "variant": 0, "pos": [60, -2]}, "53;-4": {"type": "decor/firehole", "variant": 0, "pos": [53, -4]}, "55;-4": {"type": "decor/firehole", "variant": 0, "pos": [55, -4]}, "54;-2": {"type": "decor/firehole", "variant": 0, "pos": [54, -2]}, "47;-2": {"type": "decor/firehole", "variant": 0, "pos": [47, -2]}, "49;-2": {"type": "decor/firehole", "variant": 0, "pos": [49, -2]}, "32;8": {"type": "decor/firehole", "variant": 0, "pos": [32, 8]}, "36;8": {"type": "decor/firehole", "variant": 0, "pos": [36, 8]}, "40;8": {"type": "decor/firehole", "variant": 0, "pos": [40, 8]}, "44;8": {"type": "decor/firehole", "variant": 0, "pos": [44, 8]}, "21;11": {"type": "decor/firehole", "variant": 0, "pos": [21, 11]}, "23;11": {"type": "decor/firehole", "variant": 0, "pos": [23, 11]}, "16;13": {"type": "decor/firehole", "variant": 0, "pos": [16, 13]}, "18;13": {"type": "decor/firehole", "variant": 0, "pos": [18, 13]}, "161;18": {"type": "autumn", "variant": 12, "pos": [161, 18]}, "159;15": {"type": "autumn", "variant": 12, "pos": [159, 15]}, "157;12": {"type": "autumn", "variant": 12, "pos": [157, 12]}, "152;12": {"type": "autumn", "variant": 12, "pos": [152, 12]}, "146;12": {"type": "autumn", "variant": 12, "pos": [146, 12]}, "146;11": {"type": "decor/firehole", "variant": 0, "pos": [146, 11]}, "152;11": {"type": "decor/firehole", "variant": 0, "pos": [152, 11]}, "157;11": {"type": "decor/firehole", "variant": 0, "pos": [157, 11]}, "161;17": {"type": "decor/firehole", "variant": 0, "pos": [161, 17]}, "171;14": {"type": "reward/food", "variant": 1, "pos": [171, 14]}, "173;12": {"type": "reward/food", "variant": 1, "pos": [173, 12]}, "169;16": {"type": "reward/food", "variant": 1, "pos": [169, 16]}, "126;-4": {"type": "reward/food", "variant": 0, "pos": [126, -4]}, "127;-3": {"type": "reward/food", "variant": 0, "pos": [127, -3]}, "131;-1": {"type": "reward/food", "variant": 0, "pos": [131, -1]}, "132;0": {"type": "reward/food", "variant": 0, "pos": [132, 0]}, "136;2": {"type": "reward/food", "variant": 0, "pos": [136, 2]}, "137;3": {"type": "reward/food", "variant": 0, "pos": [137, 3]}, "138;4": {"type": "reward/food", "variant": 0, "pos": [138, 4]}, "138;5": {"type": "reward/food", "variant": 0, "pos": [138, 5]}, "135;2": {"type": "reward/food", "variant": 0, "pos": [135, 2]}, "130;-1": {"type": "reward/food", "variant": 0, "pos": [130, -1]}, "125;-4": {"type": "reward/food", "variant": 0, "pos": [125, -4]}, "115;-6": {"type": "reward/food", "variant": 0, "pos": [115, -6]}, "116;-6": {"type": "reward/food", "variant": 0, "pos": [116, -6]}, "117;-6": {"type": "reward/food", "variant": 0, "pos": [117, -6]}, "111;-11": {"type": "reward/food", "variant": 0, "pos": [111, -11]}, "112;-10": {"type": "reward/food", "variant": 0, "pos": [112, -10]}, "113;-9": {"type": "reward/food", "variant": 0, "pos": [113, -9]}, "102;-9": {"type": "reward/food", "variant": 1, "pos": [102, -9]}, "108;3": {"type": "reward/food", "variant": 1, "pos": [108, 3]}, "123;-3": {"type": "reward/food", "variant": 1, "pos": [123, -3]}, "128;4": {"type": "reward/food", "variant": 1, "pos": [128, 4]}, "133;7": {"type": "reward/food", "variant": 1, "pos": [133, 7]}, "138;10": {"type": "reward/food", "variant": 1, "pos": [138, 10]}, "140;4": {"type": "reward/food", "variant": 1, "pos": [140, 4]}, "84;7": {"type": "reward/food", "variant": 1, "pos": [84, 7]}, "100;7": {"type": "reward/food", "variant": 1, "pos": [100, 7]}, "64;-6": {"type": "reward/food", "variant": 1, "pos": [64, -6]}, "31;0": {"type": "reward/food", "variant": 0, "pos": [31, 0]}, "32;0": {"type": "reward/food", "variant": 0, "pos": [32, 0]}, "33;0": {"type": "reward/food", "variant": 0, "pos": [33, 0]}, "35;0": {"type": "reward/food", "variant": 0, "pos": [35, 0]}, "36;0": {"type": "reward/food", "variant": 0, "pos": [36, 0]}, "37;0": {"type": "reward/food", "variant": 0, "pos": [37, 0]}, "39;0": {"type": "reward/food", "variant": 0, "pos": [39, 0]}, "41;0": {"type": "reward/food", "variant": 0, "pos": [41, 0]}, "40;0": {"type": "reward/food", "variant": 0, "pos": [40, 0]}, "43;-4": {"type": "reward/food", "variant": 0, "pos": [43, -4]}, "43;-3": {"type": "reward/food", "variant": 0, "pos": [43, -3]}, "43;-8": {"type": "reward/food", "variant": 0, "pos": [43, -8]}, "44;-8": {"type": "reward/food", "variant": 0, "pos": [44, -8]}, "53;-9": {"type": "reward/food", "variant": 0, "pos": [53, -9]}, "54;-10": {"type": "reward/food", "variant": 0, "pos": [54, -10]}, "55;-11": {"type": "reward/food", "variant": 0, "pos": [55, -11]}, "59;-11": {"type": "reward/food", "variant": 0, "pos": [59, -11]}, "61;-11": {"type": "reward/food", "variant": 0, "pos": [61, -11]}, "60;-11": {"type": "reward/food", "variant": 0, "pos": [60, -11]}, "66;-11": {"type": "reward/food", "variant": 0, "pos": [66, -11]}, "65;-11": {"type": "reward/food", "variant": 0, "pos": [65, -11]}, "67;-11": {"type": "reward/food", "variant": 0, "pos": [67, -11]}, "71;-11": {"type": "reward/food", "variant": 0, "pos": [71, -11]}, "72;-11": {"type": "reward/food", "variant": 0, "pos": [72, -11]}, "73;-11": {"type": "reward/food", "variant": 0, "pos": [73, -11]}}, "tile_size": 16, "offgrid": [{"type": "spawners", "variant": 0, "pos": [88.4, 137.6]}, {"type": "decor/tree", "variant": 4, "pos": [3497.4, 128.4]}, {"type": "decor/tree", "variant": 4, "pos": [3241.4, 128.4]}, {"type": "decor/tree", "variant": 4, "pos": [3320.4, 128.0]}, {"type": "spawners", "variant": 2, "pos": [999.2, -97.8]}, {"type": "spawners", "variant": 2, "pos": [1105.8, -130.8]}, {"type": "spawners", "variant": 2, "pos": [1826.2, -50.8]}, {"type": "spawners", "variant": 2, "pos": [1877.2, -50.0]}, {"type": "spawners", "variant": 2, "pos": [2657.2, 270.0]}, {"type": "spawners", "variant": 2, "pos": [1274.6, 110.0]}, {"type": "spawners", "variant": 2, "pos": [1525.4, -145.8]}, {"type": "spawners", "variant": 2, "pos": [3152.6, 174.0]}, {"type": "spawners", "variant": 2, "pos": [3313.4, 142.4]}, {"type": "checkpoint", "variant": 0, "pos": [730.5, -120.5]}, {"type": "checkpoint", "variant": 0, "pos": [1424.0, 88.0]}, {"type": "checkpoint", "variant": 0, "pos": [2128.0, 81.5]}, {"type": "checkpoint", "variant": 0, "pos": [3030.0, 214.0]}]}