{"tilemap": {"0;10": {"type": "ice", "variant": 7, "pos": [0, 10]}, "1;10": {"type": "ice", "variant": 8, "pos": [1, 10]}, "2;10": {"type": "ice", "variant": 8, "pos": [2, 10]}, "3;10": {"type": "ice", "variant": 1, "pos": [3, 10]}, "4;10": {"type": "ice", "variant": 1, "pos": [4, 10]}, "5;10": {"type": "ice", "variant": 1, "pos": [5, 10]}, "6;10": {"type": "ice", "variant": 1, "pos": [6, 10]}, "7;10": {"type": "ice", "variant": 1, "pos": [7, 10]}, "8;10": {"type": "ice", "variant": 1, "pos": [8, 10]}, "9;10": {"type": "ice", "variant": 2, "pos": [9, 10]}, "12;10": {"type": "ice", "variant": 0, "pos": [12, 10]}, "13;10": {"type": "ice", "variant": 1, "pos": [13, 10]}, "13;11": {"type": "ice", "variant": 5, "pos": [13, 11]}, "12;11": {"type": "ice", "variant": 6, "pos": [12, 11]}, "9;11": {"type": "ice", "variant": 4, "pos": [9, 11]}, "8;11": {"type": "ice", "variant": 5, "pos": [8, 11]}, "7;11": {"type": "ice", "variant": 5, "pos": [7, 11]}, "6;11": {"type": "ice", "variant": 5, "pos": [6, 11]}, "5;11": {"type": "ice", "variant": 5, "pos": [5, 11]}, "4;11": {"type": "ice", "variant": 5, "pos": [4, 11]}, "3;11": {"type": "ice", "variant": 5, "pos": [3, 11]}, "2;11": {"type": "ice", "variant": 5, "pos": [2, 11]}, "1;11": {"type": "ice", "variant": 5, "pos": [1, 11]}, "0;11": {"type": "ice", "variant": 6, "pos": [0, 11]}, "14;10": {"type": "ice", "variant": 1, "pos": [14, 10]}, "14;11": {"type": "ice", "variant": 5, "pos": [14, 11]}, "15;10": {"type": "ice", "variant": 1, "pos": [15, 10]}, "15;11": {"type": "ice", "variant": 5, "pos": [15, 11]}, "21;11": {"type": "ice", "variant": 6, "pos": [21, 11]}, "22;11": {"type": "ice", "variant": 4, "pos": [22, 11]}, "21;10": {"type": "ice", "variant": 0, "pos": [21, 10]}, "22;10": {"type": "ice", "variant": 2, "pos": [22, 10]}, "34;8": {"type": "ice", "variant": 0, "pos": [34, 8]}, "34;9": {"type": "ice", "variant": 7, "pos": [34, 9]}, "34;10": {"type": "ice", "variant": 7, "pos": [34, 10]}, "34;11": {"type": "ice", "variant": 6, "pos": [34, 11]}, "35;8": {"type": "ice", "variant": 2, "pos": [35, 8]}, "35;9": {"type": "ice", "variant": 8, "pos": [35, 9]}, "35;10": {"type": "ice", "variant": 8, "pos": [35, 10]}, "35;11": {"type": "ice", "variant": 5, "pos": [35, 11]}, "36;9": {"type": "ice", "variant": 2, "pos": [36, 9]}, "36;10": {"type": "ice", "variant": 8, "pos": [36, 10]}, "36;11": {"type": "ice", "variant": 5, "pos": [36, 11]}, "37;10": {"type": "ice", "variant": 2, "pos": [37, 10]}, "37;11": {"type": "ice", "variant": 4, "pos": [37, 11]}, "40;9": {"type": "ice", "variant": 0, "pos": [40, 9]}, "41;9": {"type": "ice", "variant": 2, "pos": [41, 9]}, "41;10": {"type": "ice", "variant": 3, "pos": [41, 10]}, "40;10": {"type": "ice", "variant": 7, "pos": [40, 10]}, "77;-5": {"type": "ice", "variant": 1, "pos": [77, -5]}, "80;-5": {"type": "ice", "variant": 2, "pos": [80, -5]}, "170;10": {"type": "ice", "variant": 8, "pos": [170, 10]}, "171;10": {"type": "ice", "variant": 8, "pos": [171, 10]}, "172;10": {"type": "ice", "variant": 8, "pos": [172, 10]}, "172;11": {"type": "ice", "variant": 5, "pos": [172, 11]}, "171;11": {"type": "ice", "variant": 5, "pos": [171, 11]}, "170;11": {"type": "ice", "variant": 5, "pos": [170, 11]}, "173;10": {"type": "ice", "variant": 2, "pos": [173, 10]}, "173;11": {"type": "ice", "variant": 4, "pos": [173, 11]}, "170;9": {"type": "ice", "variant": 8, "pos": [170, 9]}, "170;8": {"type": "ice", "variant": 8, "pos": [170, 8]}, "170;7": {"type": "ice", "variant": 8, "pos": [170, 7]}, "171;7": {"type": "ice", "variant": 3, "pos": [171, 7]}, "170;6": {"type": "ice", "variant": 1, "pos": [170, 6]}, "171;6": {"type": "ice", "variant": 2, "pos": [171, 6]}, "171;8": {"type": "ice", "variant": 8, "pos": [171, 8]}, "171;9": {"type": "ice", "variant": 8, "pos": [171, 9]}, "172;8": {"type": "ice", "variant": 2, "pos": [172, 8]}, "172;9": {"type": "ice", "variant": 3, "pos": [172, 9]}, "175;6": {"type": "ice", "variant": 9, "pos": [175, 6]}, "176;6": {"type": "ice", "variant": 10, "pos": [176, 6]}, "177;6": {"type": "ice", "variant": 10, "pos": [177, 6]}, "178;6": {"type": "ice", "variant": 11, "pos": [178, 6]}, "180;11": {"type": "ice", "variant": 6, "pos": [180, 11]}, "180;10": {"type": "ice", "variant": 0, "pos": [180, 10]}, "181;10": {"type": "ice", "variant": 2, "pos": [181, 10]}, "181;11": {"type": "ice", "variant": 4, "pos": [181, 11]}, "183;6": {"type": "ice", "variant": 9, "pos": [183, 6]}, "184;6": {"type": "ice", "variant": 10, "pos": [184, 6]}, "185;6": {"type": "ice", "variant": 10, "pos": [185, 6]}, "186;6": {"type": "ice", "variant": 11, "pos": [186, 6]}, "188;11": {"type": "ice", "variant": 6, "pos": [188, 11]}, "189;10": {"type": "ice", "variant": 2, "pos": [189, 10]}, "189;11": {"type": "ice", "variant": 4, "pos": [189, 11]}, "191;6": {"type": "ice", "variant": 9, "pos": [191, 6]}, "192;6": {"type": "ice", "variant": 10, "pos": [192, 6]}, "193;6": {"type": "ice", "variant": 10, "pos": [193, 6]}, "194;6": {"type": "ice", "variant": 11, "pos": [194, 6]}, "199;6": {"type": "ice", "variant": 0, "pos": [199, 6]}, "199;7": {"type": "ice", "variant": 6, "pos": [199, 7]}, "200;7": {"type": "ice", "variant": 4, "pos": [200, 7]}, "200;6": {"type": "ice", "variant": 2, "pos": [200, 6]}, "204;6": {"type": "ice", "variant": 0, "pos": [204, 6]}, "204;7": {"type": "ice", "variant": 7, "pos": [204, 7]}, "204;8": {"type": "ice", "variant": 7, "pos": [204, 8]}, "205;8": {"type": "ice", "variant": 3, "pos": [205, 8]}, "205;9": {"type": "ice", "variant": 3, "pos": [205, 9]}, "204;9": {"type": "ice", "variant": 7, "pos": [204, 9]}, "204;11": {"type": "ice", "variant": 6, "pos": [204, 11]}, "205;11": {"type": "ice", "variant": 4, "pos": [205, 11]}, "205;10": {"type": "ice", "variant": 3, "pos": [205, 10]}, "204;10": {"type": "ice", "variant": 7, "pos": [204, 10]}, "215;11": {"type": "ice", "variant": 6, "pos": [215, 11]}, "216;11": {"type": "ice", "variant": 5, "pos": [216, 11]}, "217;11": {"type": "ice", "variant": 5, "pos": [217, 11]}, "217;10": {"type": "ice", "variant": 1, "pos": [217, 10]}, "216;10": {"type": "ice", "variant": 1, "pos": [216, 10]}, "215;10": {"type": "ice", "variant": 0, "pos": [215, 10]}, "218;10": {"type": "ice", "variant": 1, "pos": [218, 10]}, "218;11": {"type": "ice", "variant": 5, "pos": [218, 11]}, "219;11": {"type": "ice", "variant": 5, "pos": [219, 11]}, "220;11": {"type": "ice", "variant": 5, "pos": [220, 11]}, "221;11": {"type": "ice", "variant": 5, "pos": [221, 11]}, "222;11": {"type": "ice", "variant": 5, "pos": [222, 11]}, "222;10": {"type": "ice", "variant": 1, "pos": [222, 10]}, "221;10": {"type": "ice", "variant": 1, "pos": [221, 10]}, "220;10": {"type": "ice", "variant": 1, "pos": [220, 10]}, "219;10": {"type": "ice", "variant": 1, "pos": [219, 10]}, "196;10": {"type": "ice", "variant": 0, "pos": [196, 10]}, "197;10": {"type": "ice", "variant": 2, "pos": [197, 10]}, "196;11": {"type": "ice", "variant": 6, "pos": [196, 11]}, "197;11": {"type": "ice", "variant": 4, "pos": [197, 11]}, "0;9": {"type": "ice", "variant": 7, "pos": [0, 9]}, "0;8": {"type": "ice", "variant": 7, "pos": [0, 8]}, "0;7": {"type": "ice", "variant": 7, "pos": [0, 7]}, "0;6": {"type": "ice", "variant": 0, "pos": [0, 6]}, "1;6": {"type": "ice", "variant": 1, "pos": [1, 6]}, "1;7": {"type": "ice", "variant": 8, "pos": [1, 7]}, "1;8": {"type": "ice", "variant": 8, "pos": [1, 8]}, "1;9": {"type": "ice", "variant": 8, "pos": [1, 9]}, "2;6": {"type": "ice", "variant": 2, "pos": [2, 6]}, "2;7": {"type": "ice", "variant": 3, "pos": [2, 7]}, "2;8": {"type": "ice", "variant": 3, "pos": [2, 8]}, "2;9": {"type": "ice", "variant": 3, "pos": [2, 9]}, "40;11": {"type": "ice", "variant": 6, "pos": [40, 11]}, "41;11": {"type": "ice", "variant": 4, "pos": [41, 11]}, "78;-5": {"type": "ice", "variant": 1, "pos": [78, -5]}, "79;-5": {"type": "ice", "variant": 1, "pos": [79, -5]}, "80;-4": {"type": "ice", "variant": 3, "pos": [80, -4]}, "80;-3": {"type": "ice", "variant": 4, "pos": [80, -3]}, "79;-3": {"type": "ice", "variant": 5, "pos": [79, -3]}, "78;-3": {"type": "ice", "variant": 5, "pos": [78, -3]}, "77;-3": {"type": "ice", "variant": 5, "pos": [77, -3]}, "77;-4": {"type": "ice", "variant": 8, "pos": [77, -4]}, "78;-4": {"type": "ice", "variant": 8, "pos": [78, -4]}, "79;-4": {"type": "ice", "variant": 8, "pos": [79, -4]}, "160;-2": {"type": "ice", "variant": 2, "pos": [160, -2]}, "162;-5": {"type": "ice", "variant": 16, "pos": [162, -5]}, "207;-2": {"type": "ice", "variant": 0, "pos": [207, -2]}, "208;-2": {"type": "ice", "variant": 1, "pos": [208, -2]}, "223;10": {"type": "ice", "variant": 1, "pos": [223, 10]}, "224;10": {"type": "ice", "variant": 1, "pos": [224, 10]}, "225;10": {"type": "ice", "variant": 1, "pos": [225, 10]}, "226;10": {"type": "ice", "variant": 1, "pos": [226, 10]}, "226;11": {"type": "ice", "variant": 5, "pos": [226, 11]}, "225;11": {"type": "ice", "variant": 5, "pos": [225, 11]}, "224;11": {"type": "ice", "variant": 5, "pos": [224, 11]}, "223;11": {"type": "ice", "variant": 5, "pos": [223, 11]}, "160;-1": {"type": "ice", "variant": 4, "pos": [160, -1]}, "162;-4": {"type": "ice", "variant": 18, "pos": [162, -4]}, "165;-3": {"type": "ice", "variant": 16, "pos": [165, -3]}, "7;8": {"type": "decor/tree", "variant": 6, "pos": [7, 8]}, "12;8": {"type": "decor/tree", "variant": 6, "pos": [12, 8]}, "14;8": {"type": "decor/tree", "variant": 6, "pos": [14, 8]}, "16;8": {"type": "decor/tree", "variant": 6, "pos": [16, 8]}, "16;10": {"type": "ice", "variant": 1, "pos": [16, 10]}, "17;10": {"type": "ice", "variant": 2, "pos": [17, 10]}, "17;11": {"type": "ice", "variant": 4, "pos": [17, 11]}, "16;11": {"type": "ice", "variant": 5, "pos": [16, 11]}, "21;7": {"type": "ice", "variant": 11, "pos": [21, 7]}, "20;7": {"type": "ice", "variant": 10, "pos": [20, 7]}, "21;-5": {"type": "ice", "variant": 11, "pos": [21, -5]}, "31;-6": {"type": "ice", "variant": 0, "pos": [31, -6]}, "31;-5": {"type": "ice", "variant": 7, "pos": [31, -5]}, "32;-6": {"type": "ice", "variant": 1, "pos": [32, -6]}, "33;-6": {"type": "ice", "variant": 1, "pos": [33, -6]}, "34;-6": {"type": "ice", "variant": 1, "pos": [34, -6]}, "35;-6": {"type": "ice", "variant": 1, "pos": [35, -6]}, "36;-6": {"type": "ice", "variant": 2, "pos": [36, -6]}, "36;-5": {"type": "ice", "variant": 4, "pos": [36, -5]}, "35;-5": {"type": "ice", "variant": 5, "pos": [35, -5]}, "34;-5": {"type": "ice", "variant": 5, "pos": [34, -5]}, "33;-5": {"type": "ice", "variant": 5, "pos": [33, -5]}, "32;-5": {"type": "ice", "variant": 8, "pos": [32, -5]}, "31;-4": {"type": "ice", "variant": 8, "pos": [31, -4]}, "31;-3": {"type": "ice", "variant": 8, "pos": [31, -3]}, "31;-2": {"type": "ice", "variant": 8, "pos": [31, -2]}, "31;-1": {"type": "ice", "variant": 8, "pos": [31, -1]}, "31;0": {"type": "ice", "variant": 8, "pos": [31, 0]}, "32;0": {"type": "ice", "variant": 8, "pos": [32, 0]}, "32;-1": {"type": "ice", "variant": 3, "pos": [32, -1]}, "32;-2": {"type": "ice", "variant": 3, "pos": [32, -2]}, "32;-3": {"type": "ice", "variant": 3, "pos": [32, -3]}, "32;-4": {"type": "ice", "variant": 3, "pos": [32, -4]}, "33;0": {"type": "ice", "variant": 1, "pos": [33, 0]}, "34;0": {"type": "ice", "variant": 2, "pos": [34, 0]}, "34;1": {"type": "ice", "variant": 4, "pos": [34, 1]}, "33;1": {"type": "ice", "variant": 5, "pos": [33, 1]}, "32;1": {"type": "ice", "variant": 5, "pos": [32, 1]}, "31;1": {"type": "ice", "variant": 5, "pos": [31, 1]}, "39;-10": {"type": "ice", "variant": 7, "pos": [39, -10]}, "39;-9": {"type": "ice", "variant": 7, "pos": [39, -9]}, "39;-8": {"type": "ice", "variant": 7, "pos": [39, -8]}, "39;-7": {"type": "ice", "variant": 7, "pos": [39, -7]}, "39;-6": {"type": "ice", "variant": 7, "pos": [39, -6]}, "39;-5": {"type": "ice", "variant": 7, "pos": [39, -5]}, "39;-4": {"type": "ice", "variant": 7, "pos": [39, -4]}, "40;-10": {"type": "ice", "variant": 3, "pos": [40, -10]}, "40;-9": {"type": "ice", "variant": 3, "pos": [40, -9]}, "40;-8": {"type": "ice", "variant": 3, "pos": [40, -8]}, "40;-7": {"type": "ice", "variant": 3, "pos": [40, -7]}, "40;-6": {"type": "ice", "variant": 8, "pos": [40, -6]}, "40;-5": {"type": "ice", "variant": 8, "pos": [40, -5]}, "40;-4": {"type": "ice", "variant": 3, "pos": [40, -4]}, "39;-3": {"type": "ice", "variant": 7, "pos": [39, -3]}, "39;-2": {"type": "ice", "variant": 7, "pos": [39, -2]}, "40;-2": {"type": "ice", "variant": 3, "pos": [40, -2]}, "40;-3": {"type": "ice", "variant": 3, "pos": [40, -3]}, "39;-1": {"type": "ice", "variant": 7, "pos": [39, -1]}, "39;0": {"type": "ice", "variant": 8, "pos": [39, 0]}, "38;0": {"type": "ice", "variant": 1, "pos": [38, 0]}, "37;0": {"type": "ice", "variant": 0, "pos": [37, 0]}, "37;1": {"type": "ice", "variant": 6, "pos": [37, 1]}, "38;1": {"type": "ice", "variant": 5, "pos": [38, 1]}, "39;1": {"type": "ice", "variant": 5, "pos": [39, 1]}, "40;1": {"type": "ice", "variant": 4, "pos": [40, 1]}, "40;0": {"type": "ice", "variant": 3, "pos": [40, 0]}, "40;-1": {"type": "ice", "variant": 3, "pos": [40, -1]}, "30;0": {"type": "ice", "variant": 8, "pos": [30, 0]}, "29;0": {"type": "ice", "variant": 7, "pos": [29, 0]}, "29;1": {"type": "ice", "variant": 6, "pos": [29, 1]}, "30;1": {"type": "ice", "variant": 5, "pos": [30, 1]}, "29;-2": {"type": "ice", "variant": 7, "pos": [29, -2]}, "29;-1": {"type": "ice", "variant": 7, "pos": [29, -1]}, "29;-3": {"type": "ice", "variant": 7, "pos": [29, -3]}, "30;-3": {"type": "ice", "variant": 8, "pos": [30, -3]}, "29;-4": {"type": "ice", "variant": 0, "pos": [29, -4]}, "30;-4": {"type": "ice", "variant": 1, "pos": [30, -4]}, "26;-11": {"type": "ice", "variant": 9, "pos": [26, -11]}, "27;-11": {"type": "ice", "variant": 10, "pos": [27, -11]}, "28;-11": {"type": "ice", "variant": 10, "pos": [28, -11]}, "29;-11": {"type": "ice", "variant": 11, "pos": [29, -11]}, "39;-13": {"type": "ice", "variant": 0, "pos": [39, -13]}, "39;-12": {"type": "ice", "variant": 7, "pos": [39, -12]}, "39;-11": {"type": "ice", "variant": 7, "pos": [39, -11]}, "40;-11": {"type": "ice", "variant": 3, "pos": [40, -11]}, "40;-12": {"type": "ice", "variant": 3, "pos": [40, -12]}, "40;-13": {"type": "ice", "variant": 2, "pos": [40, -13]}, "30;-1": {"type": "ice", "variant": 8, "pos": [30, -1]}, "30;-2": {"type": "ice", "variant": 8, "pos": [30, -2]}, "49;6": {"type": "ice", "variant": 16, "pos": [49, 6]}, "49;7": {"type": "ice", "variant": 17, "pos": [49, 7]}, "48;2": {"type": "ice", "variant": 11, "pos": [48, 2]}, "41;-6": {"type": "ice", "variant": 1, "pos": [41, -6]}, "42;-6": {"type": "ice", "variant": 1, "pos": [42, -6]}, "43;-6": {"type": "ice", "variant": 2, "pos": [43, -6]}, "43;-5": {"type": "ice", "variant": 4, "pos": [43, -5]}, "42;-5": {"type": "ice", "variant": 5, "pos": [42, -5]}, "41;-5": {"type": "ice", "variant": 5, "pos": [41, -5]}, "46;-12": {"type": "ice", "variant": 0, "pos": [46, -12]}, "47;-12": {"type": "ice", "variant": 1, "pos": [47, -12]}, "48;-12": {"type": "ice", "variant": 1, "pos": [48, -12]}, "49;-12": {"type": "ice", "variant": 1, "pos": [49, -12]}, "50;-12": {"type": "ice", "variant": 1, "pos": [50, -12]}, "51;-12": {"type": "ice", "variant": 1, "pos": [51, -12]}, "52;-12": {"type": "ice", "variant": 2, "pos": [52, -12]}, "57;-10": {"type": "ice", "variant": 0, "pos": [57, -10]}, "58;-10": {"type": "ice", "variant": 1, "pos": [58, -10]}, "59;-10": {"type": "ice", "variant": 2, "pos": [59, -10]}, "64;-8": {"type": "ice", "variant": 0, "pos": [64, -8]}, "65;-8": {"type": "ice", "variant": 1, "pos": [65, -8]}, "66;-8": {"type": "ice", "variant": 2, "pos": [66, -8]}, "64;0": {"type": "ice", "variant": 2, "pos": [64, 0]}, "63;0": {"type": "ice", "variant": 1, "pos": [63, 0]}, "62;0": {"type": "ice", "variant": 1, "pos": [62, 0]}, "61;0": {"type": "ice", "variant": 1, "pos": [61, 0]}, "60;0": {"type": "ice", "variant": 1, "pos": [60, 0]}, "59;0": {"type": "ice", "variant": 1, "pos": [59, 0]}, "58;0": {"type": "ice", "variant": 1, "pos": [58, 0]}, "57;0": {"type": "ice", "variant": 0, "pos": [57, 0]}, "57;1": {"type": "ice", "variant": 6, "pos": [57, 1]}, "58;1": {"type": "ice", "variant": 5, "pos": [58, 1]}, "59;1": {"type": "ice", "variant": 5, "pos": [59, 1]}, "60;1": {"type": "ice", "variant": 5, "pos": [60, 1]}, "61;1": {"type": "ice", "variant": 5, "pos": [61, 1]}, "62;1": {"type": "ice", "variant": 5, "pos": [62, 1]}, "63;1": {"type": "ice", "variant": 5, "pos": [63, 1]}, "64;1": {"type": "ice", "variant": 4, "pos": [64, 1]}, "65;3": {"type": "ice", "variant": 0, "pos": [65, 3]}, "66;3": {"type": "ice", "variant": 1, "pos": [66, 3]}, "67;3": {"type": "ice", "variant": 1, "pos": [67, 3]}, "68;3": {"type": "ice", "variant": 2, "pos": [68, 3]}, "68;4": {"type": "ice", "variant": 4, "pos": [68, 4]}, "67;4": {"type": "ice", "variant": 5, "pos": [67, 4]}, "66;4": {"type": "ice", "variant": 5, "pos": [66, 4]}, "65;4": {"type": "ice", "variant": 6, "pos": [65, 4]}, "70;-5": {"type": "ice", "variant": 0, "pos": [70, -5]}, "71;-5": {"type": "ice", "variant": 2, "pos": [71, -5]}, "70;-4": {"type": "ice", "variant": 7, "pos": [70, -4]}, "71;-4": {"type": "ice", "variant": 3, "pos": [71, -4]}, "71;-3": {"type": "ice", "variant": 4, "pos": [71, -3]}, "70;-3": {"type": "ice", "variant": 6, "pos": [70, -3]}, "64;-7": {"type": "ice", "variant": 7, "pos": [64, -7]}, "65;-7": {"type": "ice", "variant": 8, "pos": [65, -7]}, "66;-7": {"type": "ice", "variant": 3, "pos": [66, -7]}, "57;-9": {"type": "ice", "variant": 7, "pos": [57, -9]}, "58;-9": {"type": "ice", "variant": 8, "pos": [58, -9]}, "59;-9": {"type": "ice", "variant": 3, "pos": [59, -9]}, "58;-8": {"type": "ice", "variant": 5, "pos": [58, -8]}, "57;-8": {"type": "ice", "variant": 6, "pos": [57, -8]}, "59;-8": {"type": "ice", "variant": 4, "pos": [59, -8]}, "64;-6": {"type": "ice", "variant": 6, "pos": [64, -6]}, "65;-6": {"type": "ice", "variant": 5, "pos": [65, -6]}, "66;-6": {"type": "ice", "variant": 4, "pos": [66, -6]}, "46;-11": {"type": "ice", "variant": 6, "pos": [46, -11]}, "47;-11": {"type": "ice", "variant": 5, "pos": [47, -11]}, "48;-11": {"type": "ice", "variant": 5, "pos": [48, -11]}, "49;-11": {"type": "ice", "variant": 5, "pos": [49, -11]}, "50;-11": {"type": "ice", "variant": 5, "pos": [50, -11]}, "51;-11": {"type": "ice", "variant": 5, "pos": [51, -11]}, "52;-11": {"type": "ice", "variant": 4, "pos": [52, -11]}, "76;-5": {"type": "ice", "variant": 0, "pos": [76, -5]}, "76;-4": {"type": "ice", "variant": 7, "pos": [76, -4]}, "76;-3": {"type": "ice", "variant": 6, "pos": [76, -3]}, "84;-5": {"type": "ice", "variant": 0, "pos": [84, -5]}, "84;-4": {"type": "ice", "variant": 7, "pos": [84, -4]}, "85;-4": {"type": "ice", "variant": 3, "pos": [85, -4]}, "85;-5": {"type": "ice", "variant": 2, "pos": [85, -5]}, "89;-8": {"type": "ice", "variant": 7, "pos": [89, -8]}, "89;-7": {"type": "ice", "variant": 7, "pos": [89, -7]}, "89;-6": {"type": "ice", "variant": 7, "pos": [89, -6]}, "89;-5": {"type": "ice", "variant": 7, "pos": [89, -5]}, "89;-4": {"type": "ice", "variant": 7, "pos": [89, -4]}, "89;-9": {"type": "ice", "variant": 0, "pos": [89, -9]}, "90;-9": {"type": "ice", "variant": 2, "pos": [90, -9]}, "90;-8": {"type": "ice", "variant": 3, "pos": [90, -8]}, "90;-7": {"type": "ice", "variant": 3, "pos": [90, -7]}, "92;-6": {"type": "ice", "variant": 11, "pos": [92, -6]}, "91;-6": {"type": "ice", "variant": 10, "pos": [91, -6]}, "90;-6": {"type": "ice", "variant": 8, "pos": [90, -6]}, "90;-5": {"type": "ice", "variant": 3, "pos": [90, -5]}, "90;-4": {"type": "ice", "variant": 3, "pos": [90, -4]}, "90;-3": {"type": "ice", "variant": 8, "pos": [90, -3]}, "91;-3": {"type": "ice", "variant": 10, "pos": [91, -3]}, "92;-3": {"type": "ice", "variant": 10, "pos": [92, -3]}, "90;-2": {"type": "ice", "variant": 3, "pos": [90, -2]}, "89;-2": {"type": "ice", "variant": 7, "pos": [89, -2]}, "89;-3": {"type": "ice", "variant": 7, "pos": [89, -3]}, "89;-1": {"type": "ice", "variant": 7, "pos": [89, -1]}, "89;0": {"type": "ice", "variant": 8, "pos": [89, 0]}, "88;0": {"type": "ice", "variant": 0, "pos": [88, 0]}, "88;1": {"type": "ice", "variant": 6, "pos": [88, 1]}, "89;1": {"type": "ice", "variant": 5, "pos": [89, 1]}, "90;1": {"type": "ice", "variant": 4, "pos": [90, 1]}, "90;0": {"type": "ice", "variant": 3, "pos": [90, 0]}, "90;-1": {"type": "ice", "variant": 3, "pos": [90, -1]}, "85;-1": {"type": "ice", "variant": 3, "pos": [85, -1]}, "84;-1": {"type": "ice", "variant": 7, "pos": [84, -1]}, "84;-3": {"type": "ice", "variant": 7, "pos": [84, -3]}, "84;-2": {"type": "ice", "variant": 7, "pos": [84, -2]}, "85;-3": {"type": "ice", "variant": 3, "pos": [85, -3]}, "85;-2": {"type": "ice", "variant": 3, "pos": [85, -2]}, "84;0": {"type": "ice", "variant": 7, "pos": [84, 0]}, "84;1": {"type": "ice", "variant": 7, "pos": [84, 1]}, "85;1": {"type": "ice", "variant": 3, "pos": [85, 1]}, "85;0": {"type": "ice", "variant": 3, "pos": [85, 0]}, "85;2": {"type": "ice", "variant": 3, "pos": [85, 2]}, "85;3": {"type": "ice", "variant": 3, "pos": [85, 3]}, "85;4": {"type": "ice", "variant": 3, "pos": [85, 4]}, "85;5": {"type": "ice", "variant": 8, "pos": [85, 5]}, "85;6": {"type": "ice", "variant": 5, "pos": [85, 6]}, "86;6": {"type": "ice", "variant": 4, "pos": [86, 6]}, "86;5": {"type": "ice", "variant": 2, "pos": [86, 5]}, "84;2": {"type": "ice", "variant": 7, "pos": [84, 2]}, "84;3": {"type": "ice", "variant": 7, "pos": [84, 3]}, "84;4": {"type": "ice", "variant": 7, "pos": [84, 4]}, "84;5": {"type": "ice", "variant": 7, "pos": [84, 5]}, "84;6": {"type": "ice", "variant": 6, "pos": [84, 6]}, "90;5": {"type": "ice", "variant": 0, "pos": [90, 5]}, "91;5": {"type": "ice", "variant": 1, "pos": [91, 5]}, "92;5": {"type": "ice", "variant": 2, "pos": [92, 5]}, "92;6": {"type": "ice", "variant": 4, "pos": [92, 6]}, "91;6": {"type": "ice", "variant": 5, "pos": [91, 6]}, "90;6": {"type": "ice", "variant": 6, "pos": [90, 6]}, "95;2": {"type": "ice", "variant": 2, "pos": [95, 2]}, "94;2": {"type": "ice", "variant": 0, "pos": [94, 2]}, "94;3": {"type": "ice", "variant": 6, "pos": [94, 3]}, "95;3": {"type": "ice", "variant": 4, "pos": [95, 3]}, "95;-1": {"type": "ice", "variant": 0, "pos": [95, -1]}, "96;-1": {"type": "ice", "variant": 2, "pos": [96, -1]}, "99;-5": {"type": "ice", "variant": 10, "pos": [99, -5]}, "100;-4": {"type": "ice", "variant": 7, "pos": [100, -4]}, "100;-5": {"type": "ice", "variant": 1, "pos": [100, -5]}, "101;-5": {"type": "ice", "variant": 1, "pos": [101, -5]}, "102;-5": {"type": "ice", "variant": 1, "pos": [102, -5]}, "103;-5": {"type": "ice", "variant": 10, "pos": [103, -5]}, "102;-4": {"type": "ice", "variant": 3, "pos": [102, -4]}, "101;-4": {"type": "ice", "variant": 8, "pos": [101, -4]}, "100;-3": {"type": "ice", "variant": 7, "pos": [100, -3]}, "100;-2": {"type": "ice", "variant": 7, "pos": [100, -2]}, "100;-1": {"type": "ice", "variant": 6, "pos": [100, -1]}, "101;-2": {"type": "ice", "variant": 8, "pos": [101, -2]}, "101;-3": {"type": "ice", "variant": 8, "pos": [101, -3]}, "102;-3": {"type": "ice", "variant": 3, "pos": [102, -3]}, "102;-2": {"type": "ice", "variant": 3, "pos": [102, -2]}, "102;-1": {"type": "ice", "variant": 4, "pos": [102, -1]}, "101;-1": {"type": "ice", "variant": 5, "pos": [101, -1]}, "112;-1": {"type": "ice", "variant": 0, "pos": [112, -1]}, "112;0": {"type": "ice", "variant": 7, "pos": [112, 0]}, "112;1": {"type": "ice", "variant": 8, "pos": [112, 1]}, "113;1": {"type": "ice", "variant": 3, "pos": [113, 1]}, "113;0": {"type": "ice", "variant": 3, "pos": [113, 0]}, "113;-1": {"type": "ice", "variant": 2, "pos": [113, -1]}, "116;-3": {"type": "ice", "variant": 0, "pos": [116, -3]}, "116;-2": {"type": "ice", "variant": 7, "pos": [116, -2]}, "117;-2": {"type": "ice", "variant": 8, "pos": [117, -2]}, "118;-2": {"type": "ice", "variant": 5, "pos": [118, -2]}, "119;-2": {"type": "ice", "variant": 5, "pos": [119, -2]}, "119;-3": {"type": "ice", "variant": 8, "pos": [119, -3]}, "118;-3": {"type": "ice", "variant": 1, "pos": [118, -3]}, "117;-3": {"type": "ice", "variant": 1, "pos": [117, -3]}, "120;-2": {"type": "ice", "variant": 4, "pos": [120, -2]}, "120;-3": {"type": "ice", "variant": 3, "pos": [120, -3]}, "120;-4": {"type": "ice", "variant": 8, "pos": [120, -4]}, "120;-5": {"type": "ice", "variant": 8, "pos": [120, -5]}, "120;-6": {"type": "ice", "variant": 1, "pos": [120, -6]}, "121;-6": {"type": "ice", "variant": 8, "pos": [121, -6]}, "121;-7": {"type": "ice", "variant": 7, "pos": [121, -7]}, "121;-8": {"type": "ice", "variant": 7, "pos": [121, -8]}, "121;-9": {"type": "ice", "variant": 0, "pos": [121, -9]}, "119;-6": {"type": "ice", "variant": 0, "pos": [119, -6]}, "119;-5": {"type": "ice", "variant": 7, "pos": [119, -5]}, "119;-4": {"type": "ice", "variant": 7, "pos": [119, -4]}, "122;-9": {"type": "ice", "variant": 2, "pos": [122, -9]}, "122;-8": {"type": "ice", "variant": 3, "pos": [122, -8]}, "122;-7": {"type": "ice", "variant": 3, "pos": [122, -7]}, "122;-6": {"type": "ice", "variant": 8, "pos": [122, -6]}, "122;-5": {"type": "ice", "variant": 8, "pos": [122, -5]}, "121;-5": {"type": "ice", "variant": 8, "pos": [121, -5]}, "121;-4": {"type": "ice", "variant": 5, "pos": [121, -4]}, "122;-4": {"type": "ice", "variant": 5, "pos": [122, -4]}, "123;-6": {"type": "ice", "variant": 1, "pos": [123, -6]}, "124;-6": {"type": "ice", "variant": 1, "pos": [124, -6]}, "124;-5": {"type": "ice", "variant": 8, "pos": [124, -5]}, "123;-5": {"type": "ice", "variant": 8, "pos": [123, -5]}, "123;-4": {"type": "ice", "variant": 5, "pos": [123, -4]}, "124;-4": {"type": "ice", "variant": 5, "pos": [124, -4]}, "125;-4": {"type": "ice", "variant": 5, "pos": [125, -4]}, "126;-4": {"type": "ice", "variant": 5, "pos": [126, -4]}, "127;-4": {"type": "ice", "variant": 5, "pos": [127, -4]}, "125;-6": {"type": "ice", "variant": 1, "pos": [125, -6]}, "126;-5": {"type": "ice", "variant": 8, "pos": [126, -5]}, "125;-5": {"type": "ice", "variant": 8, "pos": [125, -5]}, "126;-6": {"type": "ice", "variant": 1, "pos": [126, -6]}, "125;-9": {"type": "ice", "variant": 6, "pos": [125, -9]}, "126;-9": {"type": "ice", "variant": 4, "pos": [126, -9]}, "126;-10": {"type": "ice", "variant": 3, "pos": [126, -10]}, "126;-11": {"type": "ice", "variant": 3, "pos": [126, -11]}, "126;-12": {"type": "ice", "variant": 3, "pos": [126, -12]}, "126;-13": {"type": "ice", "variant": 3, "pos": [126, -13]}, "125;-13": {"type": "ice", "variant": 7, "pos": [125, -13]}, "125;-12": {"type": "ice", "variant": 7, "pos": [125, -12]}, "125;-11": {"type": "ice", "variant": 7, "pos": [125, -11]}, "125;-10": {"type": "ice", "variant": 7, "pos": [125, -10]}, "127;-6": {"type": "ice", "variant": 1, "pos": [127, -6]}, "127;-5": {"type": "ice", "variant": 8, "pos": [127, -5]}, "128;-4": {"type": "ice", "variant": 5, "pos": [128, -4]}, "129;-4": {"type": "ice", "variant": 5, "pos": [129, -4]}, "129;-5": {"type": "ice", "variant": 8, "pos": [129, -5]}, "129;-6": {"type": "ice", "variant": 1, "pos": [129, -6]}, "128;-6": {"type": "ice", "variant": 1, "pos": [128, -6]}, "128;-5": {"type": "ice", "variant": 8, "pos": [128, -5]}, "130;-4": {"type": "ice", "variant": 5, "pos": [130, -4]}, "130;-5": {"type": "ice", "variant": 8, "pos": [130, -5]}, "130;-6": {"type": "ice", "variant": 8, "pos": [130, -6]}, "130;-7": {"type": "ice", "variant": 7, "pos": [130, -7]}, "130;-8": {"type": "ice", "variant": 7, "pos": [130, -8]}, "130;-9": {"type": "ice", "variant": 7, "pos": [130, -9]}, "130;-10": {"type": "ice", "variant": 7, "pos": [130, -10]}, "131;-10": {"type": "ice", "variant": 3, "pos": [131, -10]}, "131;-9": {"type": "ice", "variant": 3, "pos": [131, -9]}, "131;-8": {"type": "ice", "variant": 3, "pos": [131, -8]}, "131;-7": {"type": "ice", "variant": 3, "pos": [131, -7]}, "131;-6": {"type": "ice", "variant": 8, "pos": [131, -6]}, "131;-5": {"type": "ice", "variant": 8, "pos": [131, -5]}, "131;-4": {"type": "ice", "variant": 5, "pos": [131, -4]}, "130;-11": {"type": "ice", "variant": 0, "pos": [130, -11]}, "131;-11": {"type": "ice", "variant": 2, "pos": [131, -11]}, "126;-14": {"type": "ice", "variant": 2, "pos": [126, -14]}, "125;-14": {"type": "ice", "variant": 0, "pos": [125, -14]}, "132;-6": {"type": "ice", "variant": 1, "pos": [132, -6]}, "133;-6": {"type": "ice", "variant": 1, "pos": [133, -6]}, "134;-6": {"type": "ice", "variant": 1, "pos": [134, -6]}, "135;-6": {"type": "ice", "variant": 1, "pos": [135, -6]}, "136;-6": {"type": "ice", "variant": 1, "pos": [136, -6]}, "137;-6": {"type": "ice", "variant": 1, "pos": [137, -6]}, "137;-5": {"type": "ice", "variant": 8, "pos": [137, -5]}, "136;-5": {"type": "ice", "variant": 8, "pos": [136, -5]}, "135;-5": {"type": "ice", "variant": 8, "pos": [135, -5]}, "134;-5": {"type": "ice", "variant": 8, "pos": [134, -5]}, "133;-5": {"type": "ice", "variant": 8, "pos": [133, -5]}, "132;-5": {"type": "ice", "variant": 8, "pos": [132, -5]}, "136;-4": {"type": "ice", "variant": 5, "pos": [136, -4]}, "132;-4": {"type": "ice", "variant": 5, "pos": [132, -4]}, "133;-4": {"type": "ice", "variant": 5, "pos": [133, -4]}, "134;-4": {"type": "ice", "variant": 5, "pos": [134, -4]}, "135;-4": {"type": "ice", "variant": 5, "pos": [135, -4]}, "137;-4": {"type": "ice", "variant": 5, "pos": [137, -4]}, "135;-9": {"type": "ice", "variant": 6, "pos": [135, -9]}, "135;-10": {"type": "ice", "variant": 7, "pos": [135, -10]}, "135;-11": {"type": "ice", "variant": 7, "pos": [135, -11]}, "135;-12": {"type": "ice", "variant": 7, "pos": [135, -12]}, "135;-13": {"type": "ice", "variant": 7, "pos": [135, -13]}, "135;-14": {"type": "ice", "variant": 7, "pos": [135, -14]}, "135;-15": {"type": "ice", "variant": 7, "pos": [135, -15]}, "135;-16": {"type": "ice", "variant": 0, "pos": [135, -16]}, "136;-16": {"type": "ice", "variant": 2, "pos": [136, -16]}, "136;-15": {"type": "ice", "variant": 3, "pos": [136, -15]}, "136;-14": {"type": "ice", "variant": 3, "pos": [136, -14]}, "136;-13": {"type": "ice", "variant": 3, "pos": [136, -13]}, "136;-12": {"type": "ice", "variant": 3, "pos": [136, -12]}, "136;-11": {"type": "ice", "variant": 3, "pos": [136, -11]}, "136;-10": {"type": "ice", "variant": 3, "pos": [136, -10]}, "136;-9": {"type": "ice", "variant": 4, "pos": [136, -9]}, "138;-6": {"type": "ice", "variant": 1, "pos": [138, -6]}, "138;-5": {"type": "ice", "variant": 8, "pos": [138, -5]}, "138;-4": {"type": "ice", "variant": 5, "pos": [138, -4]}, "139;-4": {"type": "ice", "variant": 5, "pos": [139, -4]}, "140;-4": {"type": "ice", "variant": 5, "pos": [140, -4]}, "141;-4": {"type": "ice", "variant": 4, "pos": [141, -4]}, "139;-6": {"type": "ice", "variant": 1, "pos": [139, -6]}, "140;-6": {"type": "ice", "variant": 8, "pos": [140, -6]}, "141;-6": {"type": "ice", "variant": 3, "pos": [141, -6]}, "141;-5": {"type": "ice", "variant": 3, "pos": [141, -5]}, "140;-5": {"type": "ice", "variant": 8, "pos": [140, -5]}, "139;-5": {"type": "ice", "variant": 8, "pos": [139, -5]}, "140;-7": {"type": "ice", "variant": 7, "pos": [140, -7]}, "140;-8": {"type": "ice", "variant": 7, "pos": [140, -8]}, "140;-9": {"type": "ice", "variant": 7, "pos": [140, -9]}, "140;-10": {"type": "ice", "variant": 7, "pos": [140, -10]}, "140;-11": {"type": "ice", "variant": 0, "pos": [140, -11]}, "141;-11": {"type": "ice", "variant": 1, "pos": [141, -11]}, "141;-10": {"type": "ice", "variant": 8, "pos": [141, -10]}, "141;-9": {"type": "ice", "variant": 3, "pos": [141, -9]}, "141;-8": {"type": "ice", "variant": 3, "pos": [141, -8]}, "141;-7": {"type": "ice", "variant": 3, "pos": [141, -7]}, "142;-11": {"type": "ice", "variant": 1, "pos": [142, -11]}, "143;-11": {"type": "ice", "variant": 2, "pos": [143, -11]}, "146;-11": {"type": "ice", "variant": 7, "pos": [146, -11]}, "146;-10": {"type": "ice", "variant": 7, "pos": [146, -10]}, "143;-10": {"type": "ice", "variant": 4, "pos": [143, -10]}, "142;-10": {"type": "ice", "variant": 5, "pos": [142, -10]}, "146;-16": {"type": "ice", "variant": 0, "pos": [146, -16]}, "146;-15": {"type": "ice", "variant": 7, "pos": [146, -15]}, "146;-14": {"type": "ice", "variant": 7, "pos": [146, -14]}, "146;-13": {"type": "ice", "variant": 7, "pos": [146, -13]}, "146;-12": {"type": "ice", "variant": 7, "pos": [146, -12]}, "146;-9": {"type": "ice", "variant": 7, "pos": [146, -9]}, "147;-16": {"type": "ice", "variant": 2, "pos": [147, -16]}, "147;-15": {"type": "ice", "variant": 3, "pos": [147, -15]}, "147;-14": {"type": "ice", "variant": 3, "pos": [147, -14]}, "147;-13": {"type": "ice", "variant": 3, "pos": [147, -13]}, "147;-12": {"type": "ice", "variant": 3, "pos": [147, -12]}, "147;-11": {"type": "ice", "variant": 3, "pos": [147, -11]}, "147;-10": {"type": "ice", "variant": 3, "pos": [147, -10]}, "147;-9": {"type": "ice", "variant": 3, "pos": [147, -9]}, "147;-8": {"type": "ice", "variant": 3, "pos": [147, -8]}, "147;-7": {"type": "ice", "variant": 3, "pos": [147, -7]}, "147;-6": {"type": "ice", "variant": 3, "pos": [147, -6]}, "147;-5": {"type": "ice", "variant": 3, "pos": [147, -5]}, "146;-8": {"type": "ice", "variant": 7, "pos": [146, -8]}, "146;-7": {"type": "ice", "variant": 7, "pos": [146, -7]}, "146;-6": {"type": "ice", "variant": 8, "pos": [146, -6]}, "146;-5": {"type": "ice", "variant": 8, "pos": [146, -5]}, "146;-4": {"type": "ice", "variant": 5, "pos": [146, -4]}, "147;-4": {"type": "ice", "variant": 4, "pos": [147, -4]}, "145;-6": {"type": "ice", "variant": 1, "pos": [145, -6]}, "144;-6": {"type": "ice", "variant": 0, "pos": [144, -6]}, "144;-5": {"type": "ice", "variant": 7, "pos": [144, -5]}, "145;-5": {"type": "ice", "variant": 8, "pos": [145, -5]}, "145;-4": {"type": "ice", "variant": 5, "pos": [145, -4]}, "144;-4": {"type": "ice", "variant": 6, "pos": [144, -4]}, "142;2": {"type": "ice", "variant": 6, "pos": [142, 2]}, "142;1": {"type": "ice", "variant": 0, "pos": [142, 1]}, "143;1": {"type": "ice", "variant": 1, "pos": [143, 1]}, "144;1": {"type": "ice", "variant": 1, "pos": [144, 1]}, "145;1": {"type": "ice", "variant": 1, "pos": [145, 1]}, "146;1": {"type": "ice", "variant": 1, "pos": [146, 1]}, "143;2": {"type": "ice", "variant": 5, "pos": [143, 2]}, "144;2": {"type": "ice", "variant": 5, "pos": [144, 2]}, "145;2": {"type": "ice", "variant": 5, "pos": [145, 2]}, "146;2": {"type": "ice", "variant": 5, "pos": [146, 2]}, "147;2": {"type": "ice", "variant": 5, "pos": [147, 2]}, "148;2": {"type": "ice", "variant": 5, "pos": [148, 2]}, "149;2": {"type": "ice", "variant": 4, "pos": [149, 2]}, "149;1": {"type": "ice", "variant": 2, "pos": [149, 1]}, "148;1": {"type": "ice", "variant": 1, "pos": [148, 1]}, "147;1": {"type": "ice", "variant": 1, "pos": [147, 1]}, "153;1": {"type": "ice", "variant": 0, "pos": [153, 1]}, "153;2": {"type": "ice", "variant": 6, "pos": [153, 2]}, "154;2": {"type": "ice", "variant": 5, "pos": [154, 2]}, "155;2": {"type": "ice", "variant": 5, "pos": [155, 2]}, "155;1": {"type": "ice", "variant": 1, "pos": [155, 1]}, "154;1": {"type": "ice", "variant": 1, "pos": [154, 1]}, "158;-2": {"type": "ice", "variant": 0, "pos": [158, -2]}, "158;-1": {"type": "ice", "variant": 6, "pos": [158, -1]}, "159;-1": {"type": "ice", "variant": 5, "pos": [159, -1]}, "159;-2": {"type": "ice", "variant": 1, "pos": [159, -2]}, "165;-2": {"type": "ice", "variant": 18, "pos": [165, -2]}, "168;11": {"type": "ice", "variant": 6, "pos": [168, 11]}, "168;10": {"type": "ice", "variant": 7, "pos": [168, 10]}, "168;9": {"type": "ice", "variant": 7, "pos": [168, 9]}, "168;8": {"type": "ice", "variant": 7, "pos": [168, 8]}, "168;7": {"type": "ice", "variant": 7, "pos": [168, 7]}, "168;6": {"type": "ice", "variant": 7, "pos": [168, 6]}, "168;5": {"type": "ice", "variant": 8, "pos": [168, 5]}, "168;4": {"type": "ice", "variant": 8, "pos": [168, 4]}, "168;3": {"type": "ice", "variant": 7, "pos": [168, 3]}, "168;2": {"type": "ice", "variant": 0, "pos": [168, 2]}, "169;2": {"type": "ice", "variant": 2, "pos": [169, 2]}, "169;3": {"type": "ice", "variant": 3, "pos": [169, 3]}, "169;4": {"type": "ice", "variant": 3, "pos": [169, 4]}, "169;5": {"type": "ice", "variant": 3, "pos": [169, 5]}, "169;6": {"type": "ice", "variant": 8, "pos": [169, 6]}, "169;7": {"type": "ice", "variant": 8, "pos": [169, 7]}, "169;8": {"type": "ice", "variant": 8, "pos": [169, 8]}, "169;9": {"type": "ice", "variant": 8, "pos": [169, 9]}, "169;10": {"type": "ice", "variant": 8, "pos": [169, 10]}, "169;11": {"type": "ice", "variant": 5, "pos": [169, 11]}, "188;10": {"type": "ice", "variant": 0, "pos": [188, 10]}, "211;10": {"type": "ice", "variant": 16, "pos": [211, 10]}, "211;11": {"type": "ice", "variant": 18, "pos": [211, 11]}, "215;7": {"type": "ice", "variant": 6, "pos": [215, 7]}, "215;6": {"type": "ice", "variant": 7, "pos": [215, 6]}, "215;5": {"type": "ice", "variant": 7, "pos": [215, 5]}, "215;4": {"type": "ice", "variant": 7, "pos": [215, 4]}, "215;3": {"type": "ice", "variant": 0, "pos": [215, 3]}, "216;3": {"type": "ice", "variant": 2, "pos": [216, 3]}, "216;4": {"type": "ice", "variant": 3, "pos": [216, 4]}, "216;5": {"type": "ice", "variant": 3, "pos": [216, 5]}, "216;6": {"type": "ice", "variant": 3, "pos": [216, 6]}, "216;7": {"type": "ice", "variant": 4, "pos": [216, 7]}, "209;-2": {"type": "ice", "variant": 2, "pos": [209, -2]}, "209;-1": {"type": "ice", "variant": 4, "pos": [209, -1]}, "208;-1": {"type": "ice", "variant": 5, "pos": [208, -1]}, "207;-1": {"type": "ice", "variant": 6, "pos": [207, -1]}, "205;7": {"type": "ice", "variant": 3, "pos": [205, 7]}, "205;6": {"type": "ice", "variant": 2, "pos": [205, 6]}, "201;3": {"type": "ice", "variant": 9, "pos": [201, 3]}, "202;3": {"type": "ice", "variant": 10, "pos": [202, 3]}, "49;8": {"type": "ice", "variant": 18, "pos": [49, 8]}, "21;4": {"type": "ice", "variant": 9, "pos": [21, 4]}, "22;4": {"type": "ice", "variant": 11, "pos": [22, 4]}, "21;1": {"type": "ice", "variant": 11, "pos": [21, 1]}, "20;1": {"type": "ice", "variant": 9, "pos": [20, 1]}, "22;-2": {"type": "ice", "variant": 11, "pos": [22, -2]}, "21;-2": {"type": "ice", "variant": 9, "pos": [21, -2]}, "20;-5": {"type": "ice", "variant": 9, "pos": [20, -5]}, "21;-8": {"type": "ice", "variant": 9, "pos": [21, -8]}, "22;-8": {"type": "ice", "variant": 11, "pos": [22, -8]}, "21;-11": {"type": "ice", "variant": 11, "pos": [21, -11]}, "20;-11": {"type": "ice", "variant": 9, "pos": [20, -11]}, "19;7": {"type": "ice", "variant": 9, "pos": [19, 7]}, "47;2": {"type": "ice", "variant": 9, "pos": [47, 2]}, "52;4": {"type": "ice", "variant": 10, "pos": [52, 4]}, "51;4": {"type": "ice", "variant": 9, "pos": [51, 4]}, "50;-1": {"type": "ice", "variant": 9, "pos": [50, -1]}, "51;-1": {"type": "ice", "variant": 11, "pos": [51, -1]}, "49;-4": {"type": "ice", "variant": 11, "pos": [49, -4]}, "48;-4": {"type": "ice", "variant": 10, "pos": [48, -4]}, "46;-7": {"type": "ice", "variant": 11, "pos": [46, -7]}, "45;-7": {"type": "ice", "variant": 9, "pos": [45, -7]}, "47;-4": {"type": "ice", "variant": 9, "pos": [47, -4]}, "42;-9": {"type": "ice", "variant": 12, "pos": [42, -9]}, "43;-12": {"type": "ice", "variant": 12, "pos": [43, -12]}, "71;1": {"type": "ice", "variant": 12, "pos": [71, 1]}, "74;-1": {"type": "ice", "variant": 12, "pos": [74, -1]}, "76;3": {"type": "ice", "variant": 12, "pos": [76, 3]}, "95;0": {"type": "ice", "variant": 6, "pos": [95, 0]}, "96;0": {"type": "ice", "variant": 4, "pos": [96, 0]}, "93;-3": {"type": "ice", "variant": 11, "pos": [93, -3]}, "97;-5": {"type": "ice", "variant": 9, "pos": [97, -5]}, "98;-5": {"type": "ice", "variant": 10, "pos": [98, -5]}, "105;-5": {"type": "ice", "variant": 11, "pos": [105, -5]}, "104;-5": {"type": "ice", "variant": 10, "pos": [104, -5]}, "108;-2": {"type": "ice", "variant": 0, "pos": [108, -2]}, "108;-1": {"type": "ice", "variant": 7, "pos": [108, -1]}, "109;-2": {"type": "ice", "variant": 2, "pos": [109, -2]}, "109;-1": {"type": "ice", "variant": 3, "pos": [109, -1]}, "108;0": {"type": "ice", "variant": 8, "pos": [108, 0]}, "109;0": {"type": "ice", "variant": 3, "pos": [109, 0]}, "156;1": {"type": "ice", "variant": 2, "pos": [156, 1]}, "156;2": {"type": "ice", "variant": 4, "pos": [156, 2]}, "199;0": {"type": "ice", "variant": 9, "pos": [199, 0]}, "200;0": {"type": "ice", "variant": 11, "pos": [200, 0]}, "201;-3": {"type": "ice", "variant": 9, "pos": [201, -3]}, "202;-3": {"type": "ice", "variant": 10, "pos": [202, -3]}, "203;-3": {"type": "ice", "variant": 11, "pos": [203, -3]}, "203;3": {"type": "ice", "variant": 11, "pos": [203, 3]}, "47;-13": {"type": "decor/fence", "variant": 11, "pos": [47, -13]}, "46;-13": {"type": "decor/fence", "variant": 9, "pos": [46, -13]}, "57;-1": {"type": "decor/fence", "variant": 9, "pos": [57, -1]}, "58;-1": {"type": "decor/fence", "variant": 10, "pos": [58, -1]}, "59;-1": {"type": "decor/fence", "variant": 11, "pos": [59, -1]}, "61;-1": {"type": "decor/fence", "variant": 9, "pos": [61, -1]}, "62;-1": {"type": "decor/fence", "variant": 10, "pos": [62, -1]}, "63;-1": {"type": "decor/fence", "variant": 11, "pos": [63, -1]}, "77;-6": {"type": "decor/fence", "variant": 9, "pos": [77, -6]}, "78;-6": {"type": "decor/fence", "variant": 10, "pos": [78, -6]}, "79;-6": {"type": "decor/fence", "variant": 11, "pos": [79, -6]}, "126;-7": {"type": "decor/fence", "variant": 11, "pos": [126, -7]}, "124;-7": {"type": "decor/fence", "variant": 9, "pos": [124, -7]}, "125;-7": {"type": "decor/fence", "variant": 10, "pos": [125, -7]}, "27;-13": {"type": "decor/tree", "variant": 6, "pos": [27, -13]}, "43;2": {"type": "ice", "variant": 10, "pos": [43, 2]}, "42;2": {"type": "ice", "variant": 9, "pos": [42, 2]}, "44;2": {"type": "ice", "variant": 11, "pos": [44, 2]}, "44;9": {"type": "ice", "variant": 9, "pos": [44, 9]}, "45;9": {"type": "ice", "variant": 10, "pos": [45, 9]}, "46;9": {"type": "ice", "variant": 10, "pos": [46, 9]}, "53;4": {"type": "ice", "variant": 11, "pos": [53, 4]}, "87;8": {"type": "ice", "variant": 0, "pos": [87, 8]}, "88;8": {"type": "ice", "variant": 1, "pos": [88, 8]}, "89;8": {"type": "ice", "variant": 2, "pos": [89, 8]}, "89;9": {"type": "ice", "variant": 4, "pos": [89, 9]}, "88;9": {"type": "ice", "variant": 5, "pos": [88, 9]}, "87;9": {"type": "ice", "variant": 6, "pos": [87, 9]}, "22;1": {"type": "reward/food", "variant": 0, "pos": [22, 1]}, "22;0": {"type": "reward/food", "variant": 0, "pos": [22, 0]}, "20;-2": {"type": "reward/food", "variant": 0, "pos": [20, -2]}, "20;-3": {"type": "reward/food", "variant": 0, "pos": [20, -3]}, "22;-5": {"type": "reward/food", "variant": 0, "pos": [22, -5]}, "22;-6": {"type": "reward/food", "variant": 0, "pos": [22, -6]}, "20;-8": {"type": "reward/food", "variant": 0, "pos": [20, -8]}, "20;-9": {"type": "reward/food", "variant": 0, "pos": [20, -9]}, "22;-11": {"type": "reward/food", "variant": 0, "pos": [22, -11]}, "22;-12": {"type": "reward/food", "variant": 0, "pos": [22, -12]}, "26;-12": {"type": "reward/food", "variant": 1, "pos": [26, -12]}, "30;-5": {"type": "reward/food", "variant": 1, "pos": [30, -5]}, "42;-10": {"type": "reward/food", "variant": 1, "pos": [42, -10]}, "43;-13": {"type": "reward/food", "variant": 1, "pos": [43, -13]}, "48;-5": {"type": "reward/food", "variant": 1, "pos": [48, -5]}, "49;5": {"type": "reward/food", "variant": 1, "pos": [49, 5]}, "64;-9": {"type": "reward/food", "variant": 1, "pos": [64, -9]}, "71;0": {"type": "reward/food", "variant": 1, "pos": [71, 0]}, "74;-2": {"type": "reward/food", "variant": 1, "pos": [74, -2]}, "81;-9": {"type": "reward/food", "variant": 0, "pos": [81, -9]}, "82;-9": {"type": "reward/food", "variant": 0, "pos": [82, -9]}, "83;-9": {"type": "reward/food", "variant": 0, "pos": [83, -9]}, "88;-8": {"type": "reward/food", "variant": 0, "pos": [88, -8]}, "88;-7": {"type": "reward/food", "variant": 0, "pos": [88, -7]}, "88;-6": {"type": "reward/food", "variant": 0, "pos": [88, -6]}, "88;-4": {"type": "reward/food", "variant": 0, "pos": [88, -4]}, "88;-5": {"type": "reward/food", "variant": 0, "pos": [88, -5]}, "88;-3": {"type": "reward/food", "variant": 0, "pos": [88, -3]}, "88;-2": {"type": "reward/food", "variant": 0, "pos": [88, -2]}, "86;0": {"type": "reward/food", "variant": 0, "pos": [86, 0]}, "86;1": {"type": "reward/food", "variant": 0, "pos": [86, 1]}, "86;2": {"type": "reward/food", "variant": 0, "pos": [86, 2]}, "86;3": {"type": "reward/food", "variant": 0, "pos": [86, 3]}, "95;-2": {"type": "reward/food", "variant": 1, "pos": [95, -2]}, "92;-7": {"type": "reward/food", "variant": 1, "pos": [92, -7]}, "105;-6": {"type": "reward/food", "variant": 1, "pos": [105, -6]}, "114;-5": {"type": "reward/food", "variant": 0, "pos": [114, -5]}, "115;-5": {"type": "reward/food", "variant": 0, "pos": [115, -5]}, "110;-5": {"type": "reward/food", "variant": 0, "pos": [110, -5]}, "111;-5": {"type": "reward/food", "variant": 0, "pos": [111, -5]}, "124;-13": {"type": "reward/food", "variant": 0, "pos": [124, -13]}, "124;-12": {"type": "reward/food", "variant": 0, "pos": [124, -12]}, "124;-11": {"type": "reward/food", "variant": 0, "pos": [124, -11]}, "124;-10": {"type": "reward/food", "variant": 0, "pos": [124, -10]}, "124;-9": {"type": "reward/food", "variant": 0, "pos": [124, -9]}, "129;-9": {"type": "reward/food", "variant": 0, "pos": [129, -9]}, "129;-10": {"type": "reward/food", "variant": 0, "pos": [129, -10]}, "129;-11": {"type": "reward/food", "variant": 0, "pos": [129, -11]}, "127;-11": {"type": "reward/food", "variant": 0, "pos": [127, -11]}, "127;-12": {"type": "reward/food", "variant": 0, "pos": [127, -12]}, "127;-13": {"type": "reward/food", "variant": 0, "pos": [127, -13]}, "134;-13": {"type": "reward/food", "variant": 0, "pos": [134, -13]}, "134;-12": {"type": "reward/food", "variant": 0, "pos": [134, -12]}, "134;-11": {"type": "reward/food", "variant": 0, "pos": [134, -11]}, "132;-11": {"type": "reward/food", "variant": 0, "pos": [132, -11]}, "132;-9": {"type": "reward/food", "variant": 0, "pos": [132, -9]}, "132;-10": {"type": "reward/food", "variant": 0, "pos": [132, -10]}, "137;-11": {"type": "reward/food", "variant": 0, "pos": [137, -11]}, "137;-12": {"type": "reward/food", "variant": 0, "pos": [137, -12]}, "137;-13": {"type": "reward/food", "variant": 0, "pos": [137, -13]}, "139;-11": {"type": "reward/food", "variant": 0, "pos": [139, -11]}, "139;-10": {"type": "reward/food", "variant": 0, "pos": [139, -10]}, "139;-9": {"type": "reward/food", "variant": 0, "pos": [139, -9]}, "145;-13": {"type": "reward/food", "variant": 0, "pos": [145, -13]}, "145;-12": {"type": "reward/food", "variant": 0, "pos": [145, -12]}, "145;-11": {"type": "reward/food", "variant": 0, "pos": [145, -11]}, "145;-10": {"type": "reward/food", "variant": 0, "pos": [145, -10]}, "145;-9": {"type": "reward/food", "variant": 0, "pos": [145, -9]}, "145;-8": {"type": "reward/food", "variant": 0, "pos": [145, -8]}, "145;-14": {"type": "reward/food", "variant": 0, "pos": [145, -14]}, "142;-6": {"type": "reward/food", "variant": 0, "pos": [142, -6]}, "142;-5": {"type": "reward/food", "variant": 0, "pos": [142, -5]}, "142;-4": {"type": "reward/food", "variant": 0, "pos": [142, -4]}, "142;-7": {"type": "reward/food", "variant": 0, "pos": [142, -7]}, "150;-3": {"type": "reward/food", "variant": 0, "pos": [150, -3]}, "151;-3": {"type": "reward/food", "variant": 0, "pos": [151, -3]}, "152;-3": {"type": "reward/food", "variant": 0, "pos": [152, -3]}, "162;-6": {"type": "reward/food", "variant": 1, "pos": [162, -6]}, "169;-4": {"type": "reward/food", "variant": 0, "pos": [169, -4]}, "169;-3": {"type": "reward/food", "variant": 0, "pos": [169, -3]}, "169;-2": {"type": "reward/food", "variant": 0, "pos": [169, -2]}, "169;-1": {"type": "reward/food", "variant": 0, "pos": [169, -1]}, "176;12": {"type": "ice", "variant": 0, "pos": [176, 12]}, "177;12": {"type": "ice", "variant": 2, "pos": [177, 12]}, "177;13": {"type": "ice", "variant": 4, "pos": [177, 13]}, "176;13": {"type": "ice", "variant": 6, "pos": [176, 13]}, "184;12": {"type": "ice", "variant": 0, "pos": [184, 12]}, "185;13": {"type": "ice", "variant": 4, "pos": [185, 13]}, "184;13": {"type": "ice", "variant": 6, "pos": [184, 13]}, "185;12": {"type": "ice", "variant": 2, "pos": [185, 12]}, "192;12": {"type": "ice", "variant": 0, "pos": [192, 12]}, "193;12": {"type": "ice", "variant": 2, "pos": [193, 12]}, "193;13": {"type": "ice", "variant": 4, "pos": [193, 13]}, "192;13": {"type": "ice", "variant": 6, "pos": [192, 13]}, "202;12": {"type": "ice", "variant": 2, "pos": [202, 12]}, "201;12": {"type": "ice", "variant": 0, "pos": [201, 12]}, "201;13": {"type": "ice", "variant": 6, "pos": [201, 13]}, "202;13": {"type": "ice", "variant": 4, "pos": [202, 13]}, "201;11": {"type": "reward/food", "variant": 1, "pos": [201, 11]}, "196;9": {"type": "reward/food", "variant": 1, "pos": [196, 9]}, "192;11": {"type": "reward/food", "variant": 1, "pos": [192, 11]}, "199;-1": {"type": "reward/food", "variant": 1, "pos": [199, -1]}, "224;8": {"type": "finishline", "variant": 0, "pos": [224, 8]}, "225;8": {"type": "finishline", "variant": 1, "pos": [225, 8]}, "224;9": {"type": "finishline", "variant": 2, "pos": [224, 9]}, "225;9": {"type": "finishline", "variant": 3, "pos": [225, 9]}, "24;-2": {"type": "ice", "variant": 12, "pos": [24, -2]}, "25;-8": {"type": "ice", "variant": 12, "pos": [25, -8]}, "24;-3": {"type": "decor/firehole", "variant": 0, "pos": [24, -3]}, "25;-9": {"type": "decor/firehole", "variant": 0, "pos": [25, -9]}, "23;6": {"type": "decor/firehole", "variant": 0, "pos": [23, 6]}, "23;7": {"type": "ice", "variant": 12, "pos": [23, 7]}, "47;9": {"type": "ice", "variant": 11, "pos": [47, 9]}, "52;3": {"type": "decor/firehole", "variant": 0, "pos": [52, 3]}, "82;-1": {"type": "decor/firehole", "variant": 0, "pos": [82, -1]}, "82;0": {"type": "ice", "variant": 12, "pos": [82, 0]}, "108;1": {"type": "ice", "variant": 8, "pos": [108, 1]}, "109;1": {"type": "ice", "variant": 8, "pos": [109, 1]}, "110;1": {"type": "ice", "variant": 1, "pos": [110, 1]}, "111;1": {"type": "ice", "variant": 1, "pos": [111, 1]}, "113;2": {"type": "ice", "variant": 8, "pos": [113, 2]}, "114;2": {"type": "ice", "variant": 1, "pos": [114, 2]}, "115;2": {"type": "ice", "variant": 1, "pos": [115, 2]}, "116;-1": {"type": "ice", "variant": 7, "pos": [116, -1]}, "116;0": {"type": "ice", "variant": 7, "pos": [116, 0]}, "116;1": {"type": "ice", "variant": 7, "pos": [116, 1]}, "116;2": {"type": "ice", "variant": 8, "pos": [116, 2]}, "116;3": {"type": "ice", "variant": 5, "pos": [116, 3]}, "115;3": {"type": "ice", "variant": 5, "pos": [115, 3]}, "114;3": {"type": "ice", "variant": 5, "pos": [114, 3]}, "113;3": {"type": "ice", "variant": 5, "pos": [113, 3]}, "112;3": {"type": "ice", "variant": 5, "pos": [112, 3]}, "112;2": {"type": "ice", "variant": 8, "pos": [112, 2]}, "111;3": {"type": "ice", "variant": 5, "pos": [111, 3]}, "110;3": {"type": "ice", "variant": 5, "pos": [110, 3]}, "109;3": {"type": "ice", "variant": 5, "pos": [109, 3]}, "108;3": {"type": "ice", "variant": 5, "pos": [108, 3]}, "108;2": {"type": "ice", "variant": 8, "pos": [108, 2]}, "109;2": {"type": "ice", "variant": 8, "pos": [109, 2]}, "110;2": {"type": "ice", "variant": 8, "pos": [110, 2]}, "111;2": {"type": "ice", "variant": 8, "pos": [111, 2]}, "107;0": {"type": "ice", "variant": 1, "pos": [107, 0]}, "106;0": {"type": "ice", "variant": 0, "pos": [106, 0]}, "106;1": {"type": "ice", "variant": 7, "pos": [106, 1]}, "106;2": {"type": "ice", "variant": 7, "pos": [106, 2]}, "106;3": {"type": "ice", "variant": 6, "pos": [106, 3]}, "107;3": {"type": "ice", "variant": 5, "pos": [107, 3]}, "107;2": {"type": "ice", "variant": 8, "pos": [107, 2]}, "107;1": {"type": "ice", "variant": 8, "pos": [107, 1]}, "117;-1": {"type": "ice", "variant": 3, "pos": [117, -1]}, "117;0": {"type": "ice", "variant": 3, "pos": [117, 0]}, "117;1": {"type": "ice", "variant": 3, "pos": [117, 1]}, "117;2": {"type": "ice", "variant": 3, "pos": [117, 2]}, "117;3": {"type": "ice", "variant": 4, "pos": [117, 3]}, "151;4": {"type": "decor/firehole", "variant": 0, "pos": [151, 4]}, "150;5": {"type": "ice", "variant": 0, "pos": [150, 5]}, "151;5": {"type": "ice", "variant": 1, "pos": [151, 5]}, "152;5": {"type": "ice", "variant": 2, "pos": [152, 5]}, "152;6": {"type": "ice", "variant": 4, "pos": [152, 6]}, "151;6": {"type": "ice", "variant": 5, "pos": [151, 6]}, "150;6": {"type": "ice", "variant": 6, "pos": [150, 6]}, "163;1": {"type": "ice", "variant": 0, "pos": [163, 1]}, "164;1": {"type": "ice", "variant": 2, "pos": [164, 1]}, "164;2": {"type": "ice", "variant": 4, "pos": [164, 2]}, "163;2": {"type": "ice", "variant": 6, "pos": [163, 2]}, "167;4": {"type": "ice", "variant": 1, "pos": [167, 4]}, "166;4": {"type": "ice", "variant": 0, "pos": [166, 4]}, "166;5": {"type": "ice", "variant": 6, "pos": [166, 5]}, "167;5": {"type": "ice", "variant": 5, "pos": [167, 5]}, "179;3": {"type": "reward/food", "variant": 0, "pos": [179, 3]}, "182;3": {"type": "reward/food", "variant": 0, "pos": [182, 3]}, "180;2": {"type": "reward/food", "variant": 0, "pos": [180, 2]}, "181;2": {"type": "reward/food", "variant": 0, "pos": [181, 2]}, "187;3": {"type": "reward/food", "variant": 0, "pos": [187, 3]}, "188;2": {"type": "reward/food", "variant": 0, "pos": [188, 2]}, "189;2": {"type": "reward/food", "variant": 0, "pos": [189, 2]}, "190;3": {"type": "reward/food", "variant": 0, "pos": [190, 3]}, "195;3": {"type": "reward/food", "variant": 0, "pos": [195, 3]}, "196;2": {"type": "reward/food", "variant": 0, "pos": [196, 2]}, "197;2": {"type": "reward/food", "variant": 0, "pos": [197, 2]}, "198;3": {"type": "reward/food", "variant": 0, "pos": [198, 3]}, "204;-6": {"type": "reward/food", "variant": 0, "pos": [204, -6]}, "205;-6": {"type": "reward/food", "variant": 0, "pos": [205, -6]}, "206;-6": {"type": "reward/food", "variant": 0, "pos": [206, -6]}, "213;-4": {"type": "reward/food", "variant": 0, "pos": [213, -4]}, "214;-3": {"type": "reward/food", "variant": 0, "pos": [214, -3]}, "215;-2": {"type": "reward/food", "variant": 0, "pos": [215, -2]}, "212;-5": {"type": "reward/food", "variant": 0, "pos": [212, -5]}, "211;9": {"type": "decor/firehole", "variant": 0, "pos": [211, 9]}, "212;6": {"type": "decor/firehole", "variant": 0, "pos": [212, 6]}, "210;3": {"type": "decor/firehole", "variant": 0, "pos": [210, 3]}, "213;4": {"type": "decor/firehole", "variant": 0, "pos": [213, 4]}, "210;4": {"type": "ice", "variant": 12, "pos": [210, 4]}, "212;7": {"type": "ice", "variant": 12, "pos": [212, 7]}, "213;5": {"type": "ice", "variant": 12, "pos": [213, 5]}, "205;0": {"type": "ice", "variant": 12, "pos": [205, 0]}, "205;-1": {"type": "decor/firehole", "variant": 0, "pos": [205, -1]}, "231;10": {"type": "ice", "variant": 1, "pos": [231, 10]}, "236;10": {"type": "ice", "variant": 2, "pos": [236, 10]}, "235;10": {"type": "ice", "variant": 1, "pos": [235, 10]}, "234;10": {"type": "ice", "variant": 1, "pos": [234, 10]}, "233;10": {"type": "ice", "variant": 1, "pos": [233, 10]}, "232;10": {"type": "ice", "variant": 1, "pos": [232, 10]}, "230;10": {"type": "ice", "variant": 1, "pos": [230, 10]}, "229;10": {"type": "ice", "variant": 1, "pos": [229, 10]}, "228;10": {"type": "ice", "variant": 1, "pos": [228, 10]}, "227;10": {"type": "ice", "variant": 1, "pos": [227, 10]}, "236;11": {"type": "ice", "variant": 4, "pos": [236, 11]}, "235;11": {"type": "ice", "variant": 5, "pos": [235, 11]}, "234;11": {"type": "ice", "variant": 5, "pos": [234, 11]}, "233;11": {"type": "ice", "variant": 5, "pos": [233, 11]}, "232;11": {"type": "ice", "variant": 5, "pos": [232, 11]}, "231;11": {"type": "ice", "variant": 5, "pos": [231, 11]}, "230;11": {"type": "ice", "variant": 5, "pos": [230, 11]}, "229;11": {"type": "ice", "variant": 5, "pos": [229, 11]}, "228;11": {"type": "ice", "variant": 5, "pos": [228, 11]}, "227;11": {"type": "ice", "variant": 5, "pos": [227, 11]}}, "tile_size": 16, "offgrid": [{"type": "spawners", "variant": 0, "pos": [88.4, 137.6]}, {"type": "decor/tree", "variant": 6, "pos": [520.6, -127.4]}, {"type": "decor/tree", "variant": 6, "pos": [539.4, -127.6]}, {"type": "decor/tree", "variant": 6, "pos": [624.2, -239.2]}, {"type": "decor/tree", "variant": 6, "pos": [792.2, -224.0]}, {"type": "decor/tree", "variant": 6, "pos": [775.6, -223.8]}, {"type": "decor/tree", "variant": 6, "pos": [922.0, -32.0]}, {"type": "decor/tree", "variant": 6, "pos": [1120.4, -111.6]}, {"type": "decor/tree", "variant": 6, "pos": [1424.4, -175.6]}, {"type": "decor/tree", "variant": 6, "pos": [1567.0, -112.0]}, {"type": "decor/tree", "variant": 6, "pos": [1585.2, -111.8]}, {"type": "decor/tree", "variant": 6, "pos": [1603.2, -112.0]}, {"type": "decor/tree", "variant": 6, "pos": [1634.8, -111.6]}, {"type": "decor/tree", "variant": 6, "pos": [1652.2, -111.8]}, {"type": "decor/tree", "variant": 6, "pos": [2028.4, -127.8]}, {"type": "decor/tree", "variant": 6, "pos": [2322.6, -15.799999999999997]}, {"type": "decor/tree", "variant": 6, "pos": [2535.6, -63.400000000000006]}, {"type": "decor/tree", "variant": 6, "pos": [2815.6, 64.4]}, {"type": "decor/tree", "variant": 6, "pos": [3320.2, -63.400000000000006]}, {"type": "decor/tree", "variant": 6, "pos": [3501.8, 128.0]}, {"type": "decor/tree", "variant": 6, "pos": [3523.2, 128.8]}, {"type": "decor/tree", "variant": 5, "pos": [3554.8, 144.2]}, {"type": "decor/tree", "variant": 5, "pos": [3486.2, 144.2]}, {"type": "decor/tree", "variant": 5, "pos": [3239.6, 32.2]}, {"type": "decor/tree", "variant": 5, "pos": [3224.4, 32.2]}, {"type": "decor/tree", "variant": 5, "pos": [3093.4, 80.4]}, {"type": "decor/tree", "variant": 5, "pos": [2721.8, 80.4]}, {"type": "decor/tree", "variant": 5, "pos": [2731.2, 80.19999999999999]}, {"type": "decor/tree", "variant": 5, "pos": [2488.6, 0.5999999999999943]}, {"type": "decor/tree", "variant": 5, "pos": [2478.0, 0.0]}, {"type": "decor/tree", "variant": 5, "pos": [2453.4, 0.19999999999998863]}, {"type": "decor/tree", "variant": 5, "pos": [2120.8, -111.6]}, {"type": "decor/tree", "variant": 5, "pos": [2136.8, -111.19999999999999]}, {"type": "decor/tree", "variant": 5, "pos": [2152.0, -111.6]}, {"type": "decor/tree", "variant": 5, "pos": [2051.4, -111.6]}, {"type": "decor/tree", "variant": 5, "pos": [1467.6, 64.19999999999999]}, {"type": "decor/tree", "variant": 5, "pos": [1015.6, -15.400000000000006]}, {"type": "decor/tree", "variant": 5, "pos": [1070.2, 32.19999999999999]}, {"type": "decor/tree", "variant": 5, "pos": [1079.2, 32.19999999999999]}, {"type": "spawners", "variant": 2, "pos": [319.4, 94.4]}, {"type": "spawners", "variant": 2, "pos": [525.6, -17.599999999999994]}, {"type": "spawners", "variant": 2, "pos": [646.0, 126.6]}, {"type": "spawners", "variant": 2, "pos": [763.8, 14.400000000000006]}, {"type": "spawners", "variant": 2, "pos": [960.4, -17.19999999999999]}, {"type": "spawners", "variant": 2, "pos": [925.4, -177.6]}, {"type": "spawners", "variant": 2, "pos": [1222.0, -97.6]}, {"type": "spawners", "variant": 2, "pos": [1468.2, -65.8]}, {"type": "spawners", "variant": 2, "pos": [1559.6, -97.6]}, {"type": "spawners", "variant": 2, "pos": [1629.2, -97.4]}, {"type": "spawners", "variant": 2, "pos": [1876.6, -65.8]}, {"type": "spawners", "variant": 2, "pos": [1970.4, -113.6]}, {"type": "spawners", "variant": 2, "pos": [2238.2, -193.6]}, {"type": "spawners", "variant": 2, "pos": [2362.2, -1.8000000000000114]}, {"type": "spawners", "variant": 2, "pos": [2802.2, 78.4]}, {"type": "spawners", "variant": 2, "pos": [3059.8, 78.0]}, {"type": "spawners", "variant": 2, "pos": [3240.0, -65.2]}, {"type": "decor/firehole", "variant": 0, "pos": [728.2, 128.0]}, {"type": "decor/firehole", "variant": 0, "pos": [1706.4, -15.799999999999997]}, {"type": "decor/firehole", "variant": 0, "pos": [1768.4, 0.7999999999999972]}, {"type": "decor/firehole", "variant": 0, "pos": [1832.4, 16.200000000000003]}, {"type": "decor/firehole", "variant": 0, "pos": [2616.6, 0.4000000000000057]}, {"type": "decor/firehole", "variant": 0, "pos": [2665.6, 48.0]}, {"type": "decor/firehole", "variant": 0, "pos": [3017.0, 144.6]}, {"type": "decor/firehole", "variant": 0, "pos": [2888.4, 144.6]}, {"type": "checkpoint", "variant": 0, "pos": [826.0, -230.0]}, {"type": "checkpoint", "variant": 0, "pos": [1798.0, -54.5]}, {"type": "checkpoint", "variant": 0, "pos": [2692.5, -6.5]}, {"type": "building", "variant": 0, "pos": [3667.5, 82.0]}]}