{"tilemap": {"0;10": {"type": "ice", "variant": 7, "pos": [0, 10]}, "1;10": {"type": "ice", "variant": 8, "pos": [1, 10]}, "2;10": {"type": "ice", "variant": 8, "pos": [2, 10]}, "3;10": {"type": "ice", "variant": 1, "pos": [3, 10]}, "4;10": {"type": "ice", "variant": 1, "pos": [4, 10]}, "5;10": {"type": "ice", "variant": 1, "pos": [5, 10]}, "6;10": {"type": "ice", "variant": 1, "pos": [6, 10]}, "7;10": {"type": "ice", "variant": 1, "pos": [7, 10]}, "8;10": {"type": "ice", "variant": 1, "pos": [8, 10]}, "9;10": {"type": "ice", "variant": 1, "pos": [9, 10]}, "12;10": {"type": "ice", "variant": 1, "pos": [12, 10]}, "13;10": {"type": "ice", "variant": 1, "pos": [13, 10]}, "13;11": {"type": "ice", "variant": 5, "pos": [13, 11]}, "12;11": {"type": "ice", "variant": 5, "pos": [12, 11]}, "9;11": {"type": "ice", "variant": 5, "pos": [9, 11]}, "8;11": {"type": "ice", "variant": 5, "pos": [8, 11]}, "7;11": {"type": "ice", "variant": 5, "pos": [7, 11]}, "6;11": {"type": "ice", "variant": 5, "pos": [6, 11]}, "5;11": {"type": "ice", "variant": 5, "pos": [5, 11]}, "4;11": {"type": "ice", "variant": 5, "pos": [4, 11]}, "3;11": {"type": "ice", "variant": 5, "pos": [3, 11]}, "2;11": {"type": "ice", "variant": 5, "pos": [2, 11]}, "1;11": {"type": "ice", "variant": 5, "pos": [1, 11]}, "0;11": {"type": "ice", "variant": 6, "pos": [0, 11]}, "14;10": {"type": "ice", "variant": 1, "pos": [14, 10]}, "14;11": {"type": "ice", "variant": 5, "pos": [14, 11]}, "15;10": {"type": "ice", "variant": 1, "pos": [15, 10]}, "15;11": {"type": "ice", "variant": 5, "pos": [15, 11]}, "170;10": {"type": "ice", "variant": 8, "pos": [170, 10]}, "171;10": {"type": "ice", "variant": 8, "pos": [171, 10]}, "172;10": {"type": "ice", "variant": 8, "pos": [172, 10]}, "172;11": {"type": "ice", "variant": 5, "pos": [172, 11]}, "171;11": {"type": "ice", "variant": 5, "pos": [171, 11]}, "170;11": {"type": "ice", "variant": 5, "pos": [170, 11]}, "173;10": {"type": "ice", "variant": 2, "pos": [173, 10]}, "173;11": {"type": "ice", "variant": 4, "pos": [173, 11]}, "170;9": {"type": "ice", "variant": 8, "pos": [170, 9]}, "170;8": {"type": "ice", "variant": 8, "pos": [170, 8]}, "170;7": {"type": "ice", "variant": 8, "pos": [170, 7]}, "171;7": {"type": "ice", "variant": 3, "pos": [171, 7]}, "170;6": {"type": "ice", "variant": 1, "pos": [170, 6]}, "171;6": {"type": "ice", "variant": 2, "pos": [171, 6]}, "171;8": {"type": "ice", "variant": 8, "pos": [171, 8]}, "171;9": {"type": "ice", "variant": 8, "pos": [171, 9]}, "172;8": {"type": "ice", "variant": 2, "pos": [172, 8]}, "172;9": {"type": "ice", "variant": 3, "pos": [172, 9]}, "180;11": {"type": "ice", "variant": 6, "pos": [180, 11]}, "180;10": {"type": "ice", "variant": 0, "pos": [180, 10]}, "181;10": {"type": "ice", "variant": 2, "pos": [181, 10]}, "181;11": {"type": "ice", "variant": 4, "pos": [181, 11]}, "188;11": {"type": "ice", "variant": 6, "pos": [188, 11]}, "189;10": {"type": "ice", "variant": 2, "pos": [189, 10]}, "189;11": {"type": "ice", "variant": 4, "pos": [189, 11]}, "204;11": {"type": "ice", "variant": 6, "pos": [204, 11]}, "205;11": {"type": "ice", "variant": 4, "pos": [205, 11]}, "205;10": {"type": "ice", "variant": 2, "pos": [205, 10]}, "204;10": {"type": "ice", "variant": 0, "pos": [204, 10]}, "196;10": {"type": "ice", "variant": 0, "pos": [196, 10]}, "197;10": {"type": "ice", "variant": 2, "pos": [197, 10]}, "196;11": {"type": "ice", "variant": 6, "pos": [196, 11]}, "197;11": {"type": "ice", "variant": 4, "pos": [197, 11]}, "0;9": {"type": "ice", "variant": 7, "pos": [0, 9]}, "0;8": {"type": "ice", "variant": 7, "pos": [0, 8]}, "0;7": {"type": "ice", "variant": 7, "pos": [0, 7]}, "0;6": {"type": "ice", "variant": 0, "pos": [0, 6]}, "1;6": {"type": "ice", "variant": 1, "pos": [1, 6]}, "1;7": {"type": "ice", "variant": 8, "pos": [1, 7]}, "1;8": {"type": "ice", "variant": 8, "pos": [1, 8]}, "1;9": {"type": "ice", "variant": 8, "pos": [1, 9]}, "2;6": {"type": "ice", "variant": 2, "pos": [2, 6]}, "2;7": {"type": "ice", "variant": 3, "pos": [2, 7]}, "2;8": {"type": "ice", "variant": 3, "pos": [2, 8]}, "2;9": {"type": "ice", "variant": 3, "pos": [2, 9]}, "12;8": {"type": "decor/tree", "variant": 6, "pos": [12, 8]}, "14;8": {"type": "decor/tree", "variant": 6, "pos": [14, 8]}, "16;8": {"type": "decor/tree", "variant": 6, "pos": [16, 8]}, "16;10": {"type": "ice", "variant": 1, "pos": [16, 10]}, "17;10": {"type": "ice", "variant": 2, "pos": [17, 10]}, "17;11": {"type": "ice", "variant": 4, "pos": [17, 11]}, "16;11": {"type": "ice", "variant": 5, "pos": [16, 11]}, "116;-3": {"type": "ice", "variant": 3, "pos": [116, -3]}, "116;-2": {"type": "ice", "variant": 3, "pos": [116, -2]}, "120;-4": {"type": "ice", "variant": 5, "pos": [120, -4]}, "120;-5": {"type": "ice", "variant": 8, "pos": [120, -5]}, "120;-6": {"type": "ice", "variant": 1, "pos": [120, -6]}, "121;-6": {"type": "ice", "variant": 8, "pos": [121, -6]}, "121;-7": {"type": "ice", "variant": 7, "pos": [121, -7]}, "121;-8": {"type": "ice", "variant": 7, "pos": [121, -8]}, "121;-9": {"type": "ice", "variant": 0, "pos": [121, -9]}, "119;-6": {"type": "ice", "variant": 1, "pos": [119, -6]}, "119;-5": {"type": "ice", "variant": 8, "pos": [119, -5]}, "119;-4": {"type": "ice", "variant": 5, "pos": [119, -4]}, "122;-9": {"type": "ice", "variant": 2, "pos": [122, -9]}, "122;-8": {"type": "ice", "variant": 3, "pos": [122, -8]}, "122;-7": {"type": "ice", "variant": 3, "pos": [122, -7]}, "122;-6": {"type": "ice", "variant": 8, "pos": [122, -6]}, "122;-5": {"type": "ice", "variant": 8, "pos": [122, -5]}, "121;-5": {"type": "ice", "variant": 8, "pos": [121, -5]}, "121;-4": {"type": "ice", "variant": 5, "pos": [121, -4]}, "122;-4": {"type": "ice", "variant": 5, "pos": [122, -4]}, "123;-6": {"type": "ice", "variant": 1, "pos": [123, -6]}, "124;-6": {"type": "ice", "variant": 1, "pos": [124, -6]}, "124;-5": {"type": "ice", "variant": 8, "pos": [124, -5]}, "123;-5": {"type": "ice", "variant": 8, "pos": [123, -5]}, "123;-4": {"type": "ice", "variant": 5, "pos": [123, -4]}, "124;-4": {"type": "ice", "variant": 5, "pos": [124, -4]}, "125;-4": {"type": "ice", "variant": 5, "pos": [125, -4]}, "126;-4": {"type": "ice", "variant": 5, "pos": [126, -4]}, "127;-4": {"type": "ice", "variant": 5, "pos": [127, -4]}, "125;-6": {"type": "ice", "variant": 1, "pos": [125, -6]}, "126;-5": {"type": "ice", "variant": 8, "pos": [126, -5]}, "125;-5": {"type": "ice", "variant": 8, "pos": [125, -5]}, "126;-6": {"type": "ice", "variant": 1, "pos": [126, -6]}, "125;-9": {"type": "ice", "variant": 6, "pos": [125, -9]}, "126;-9": {"type": "ice", "variant": 4, "pos": [126, -9]}, "126;-10": {"type": "ice", "variant": 3, "pos": [126, -10]}, "126;-11": {"type": "ice", "variant": 3, "pos": [126, -11]}, "126;-12": {"type": "decor/fireswing", "variant": 0, "pos": [126, -12]}, "126;-13": {"type": "ice", "variant": 3, "pos": [126, -13]}, "125;-13": {"type": "ice", "variant": 7, "pos": [125, -13]}, "125;-12": {"type": "ice", "variant": 7, "pos": [125, -12]}, "125;-11": {"type": "ice", "variant": 7, "pos": [125, -11]}, "125;-10": {"type": "ice", "variant": 7, "pos": [125, -10]}, "127;-6": {"type": "ice", "variant": 1, "pos": [127, -6]}, "127;-5": {"type": "ice", "variant": 8, "pos": [127, -5]}, "128;-4": {"type": "ice", "variant": 5, "pos": [128, -4]}, "129;-4": {"type": "ice", "variant": 5, "pos": [129, -4]}, "129;-5": {"type": "ice", "variant": 8, "pos": [129, -5]}, "129;-6": {"type": "ice", "variant": 1, "pos": [129, -6]}, "128;-6": {"type": "ice", "variant": 1, "pos": [128, -6]}, "128;-5": {"type": "ice", "variant": 8, "pos": [128, -5]}, "130;-4": {"type": "ice", "variant": 5, "pos": [130, -4]}, "130;-5": {"type": "ice", "variant": 8, "pos": [130, -5]}, "130;-6": {"type": "ice", "variant": 8, "pos": [130, -6]}, "130;-7": {"type": "ice", "variant": 7, "pos": [130, -7]}, "130;-8": {"type": "ice", "variant": 7, "pos": [130, -8]}, "130;-9": {"type": "ice", "variant": 7, "pos": [130, -9]}, "130;-10": {"type": "ice", "variant": 7, "pos": [130, -10]}, "131;-10": {"type": "ice", "variant": 3, "pos": [131, -10]}, "131;-9": {"type": "ice", "variant": 3, "pos": [131, -9]}, "131;-8": {"type": "ice", "variant": 3, "pos": [131, -8]}, "131;-7": {"type": "ice", "variant": 3, "pos": [131, -7]}, "131;-6": {"type": "ice", "variant": 8, "pos": [131, -6]}, "131;-5": {"type": "ice", "variant": 8, "pos": [131, -5]}, "131;-4": {"type": "ice", "variant": 5, "pos": [131, -4]}, "130;-11": {"type": "ice", "variant": 0, "pos": [130, -11]}, "131;-11": {"type": "ice", "variant": 2, "pos": [131, -11]}, "126;-14": {"type": "ice", "variant": 3, "pos": [126, -14]}, "125;-14": {"type": "ice", "variant": 7, "pos": [125, -14]}, "132;-6": {"type": "ice", "variant": 1, "pos": [132, -6]}, "133;-6": {"type": "ice", "variant": 1, "pos": [133, -6]}, "134;-6": {"type": "ice", "variant": 1, "pos": [134, -6]}, "135;-6": {"type": "ice", "variant": 1, "pos": [135, -6]}, "136;-6": {"type": "ice", "variant": 1, "pos": [136, -6]}, "137;-6": {"type": "ice", "variant": 1, "pos": [137, -6]}, "137;-5": {"type": "ice", "variant": 8, "pos": [137, -5]}, "136;-5": {"type": "ice", "variant": 8, "pos": [136, -5]}, "135;-5": {"type": "ice", "variant": 8, "pos": [135, -5]}, "134;-5": {"type": "ice", "variant": 8, "pos": [134, -5]}, "133;-5": {"type": "ice", "variant": 8, "pos": [133, -5]}, "132;-5": {"type": "ice", "variant": 8, "pos": [132, -5]}, "136;-4": {"type": "ice", "variant": 5, "pos": [136, -4]}, "132;-4": {"type": "ice", "variant": 5, "pos": [132, -4]}, "133;-4": {"type": "ice", "variant": 5, "pos": [133, -4]}, "134;-4": {"type": "ice", "variant": 5, "pos": [134, -4]}, "135;-4": {"type": "ice", "variant": 5, "pos": [135, -4]}, "137;-4": {"type": "ice", "variant": 5, "pos": [137, -4]}, "135;-9": {"type": "ice", "variant": 6, "pos": [135, -9]}, "135;-10": {"type": "ice", "variant": 7, "pos": [135, -10]}, "135;-11": {"type": "ice", "variant": 7, "pos": [135, -11]}, "135;-12": {"type": "decor/fireswing", "variant": 0, "pos": [135, -12]}, "135;-13": {"type": "ice", "variant": 7, "pos": [135, -13]}, "135;-14": {"type": "ice", "variant": 7, "pos": [135, -14]}, "135;-15": {"type": "ice", "variant": 7, "pos": [135, -15]}, "135;-16": {"type": "ice", "variant": 0, "pos": [135, -16]}, "136;-16": {"type": "ice", "variant": 2, "pos": [136, -16]}, "136;-15": {"type": "ice", "variant": 3, "pos": [136, -15]}, "136;-14": {"type": "ice", "variant": 3, "pos": [136, -14]}, "136;-13": {"type": "ice", "variant": 3, "pos": [136, -13]}, "136;-12": {"type": "ice", "variant": 3, "pos": [136, -12]}, "136;-11": {"type": "ice", "variant": 3, "pos": [136, -11]}, "136;-10": {"type": "ice", "variant": 3, "pos": [136, -10]}, "136;-9": {"type": "ice", "variant": 4, "pos": [136, -9]}, "138;-6": {"type": "ice", "variant": 1, "pos": [138, -6]}, "138;-5": {"type": "ice", "variant": 8, "pos": [138, -5]}, "138;-4": {"type": "ice", "variant": 5, "pos": [138, -4]}, "139;-4": {"type": "ice", "variant": 5, "pos": [139, -4]}, "140;-4": {"type": "ice", "variant": 5, "pos": [140, -4]}, "141;-4": {"type": "ice", "variant": 4, "pos": [141, -4]}, "139;-6": {"type": "ice", "variant": 1, "pos": [139, -6]}, "140;-6": {"type": "ice", "variant": 8, "pos": [140, -6]}, "141;-6": {"type": "ice", "variant": 3, "pos": [141, -6]}, "141;-5": {"type": "ice", "variant": 3, "pos": [141, -5]}, "140;-5": {"type": "ice", "variant": 8, "pos": [140, -5]}, "139;-5": {"type": "ice", "variant": 8, "pos": [139, -5]}, "140;-7": {"type": "ice", "variant": 7, "pos": [140, -7]}, "140;-8": {"type": "ice", "variant": 7, "pos": [140, -8]}, "140;-9": {"type": "ice", "variant": 7, "pos": [140, -9]}, "140;-10": {"type": "ice", "variant": 7, "pos": [140, -10]}, "140;-11": {"type": "ice", "variant": 0, "pos": [140, -11]}, "141;-11": {"type": "ice", "variant": 1, "pos": [141, -11]}, "141;-10": {"type": "ice", "variant": 8, "pos": [141, -10]}, "141;-9": {"type": "ice", "variant": 3, "pos": [141, -9]}, "141;-8": {"type": "ice", "variant": 3, "pos": [141, -8]}, "141;-7": {"type": "ice", "variant": 3, "pos": [141, -7]}, "142;-11": {"type": "ice", "variant": 1, "pos": [142, -11]}, "143;-11": {"type": "ice", "variant": 2, "pos": [143, -11]}, "146;-11": {"type": "ice", "variant": 7, "pos": [146, -11]}, "146;-10": {"type": "ice", "variant": 7, "pos": [146, -10]}, "143;-10": {"type": "ice", "variant": 4, "pos": [143, -10]}, "142;-10": {"type": "ice", "variant": 5, "pos": [142, -10]}, "146;-16": {"type": "ice", "variant": 0, "pos": [146, -16]}, "146;-15": {"type": "ice", "variant": 7, "pos": [146, -15]}, "146;-14": {"type": "ice", "variant": 7, "pos": [146, -14]}, "146;-13": {"type": "ice", "variant": 7, "pos": [146, -13]}, "146;-12": {"type": "decor/fireswing", "variant": 0, "pos": [146, -12]}, "146;-9": {"type": "ice", "variant": 7, "pos": [146, -9]}, "147;-16": {"type": "ice", "variant": 2, "pos": [147, -16]}, "147;-15": {"type": "ice", "variant": 3, "pos": [147, -15]}, "147;-14": {"type": "ice", "variant": 3, "pos": [147, -14]}, "147;-13": {"type": "ice", "variant": 3, "pos": [147, -13]}, "147;-12": {"type": "ice", "variant": 3, "pos": [147, -12]}, "147;-11": {"type": "ice", "variant": 3, "pos": [147, -11]}, "147;-10": {"type": "ice", "variant": 3, "pos": [147, -10]}, "147;-9": {"type": "ice", "variant": 3, "pos": [147, -9]}, "147;-8": {"type": "ice", "variant": 3, "pos": [147, -8]}, "147;-7": {"type": "ice", "variant": 3, "pos": [147, -7]}, "147;-6": {"type": "ice", "variant": 3, "pos": [147, -6]}, "147;-5": {"type": "ice", "variant": 3, "pos": [147, -5]}, "146;-8": {"type": "ice", "variant": 7, "pos": [146, -8]}, "146;-7": {"type": "ice", "variant": 7, "pos": [146, -7]}, "146;-6": {"type": "ice", "variant": 8, "pos": [146, -6]}, "146;-5": {"type": "ice", "variant": 8, "pos": [146, -5]}, "146;-4": {"type": "ice", "variant": 5, "pos": [146, -4]}, "147;-4": {"type": "ice", "variant": 4, "pos": [147, -4]}, "145;-6": {"type": "ice", "variant": 1, "pos": [145, -6]}, "144;-6": {"type": "ice", "variant": 0, "pos": [144, -6]}, "144;-5": {"type": "ice", "variant": 7, "pos": [144, -5]}, "145;-5": {"type": "ice", "variant": 8, "pos": [145, -5]}, "145;-4": {"type": "ice", "variant": 5, "pos": [145, -4]}, "144;-4": {"type": "ice", "variant": 6, "pos": [144, -4]}, "142;2": {"type": "ice", "variant": 6, "pos": [142, 2]}, "142;1": {"type": "ice", "variant": 0, "pos": [142, 1]}, "143;1": {"type": "ice", "variant": 1, "pos": [143, 1]}, "146;1": {"type": "ice", "variant": 1, "pos": [146, 1]}, "143;2": {"type": "ice", "variant": 5, "pos": [143, 2]}, "146;2": {"type": "ice", "variant": 5, "pos": [146, 2]}, "147;2": {"type": "ice", "variant": 5, "pos": [147, 2]}, "148;2": {"type": "ice", "variant": 5, "pos": [148, 2]}, "149;2": {"type": "ice", "variant": 4, "pos": [149, 2]}, "149;1": {"type": "ice", "variant": 2, "pos": [149, 1]}, "148;1": {"type": "ice", "variant": 1, "pos": [148, 1]}, "147;1": {"type": "ice", "variant": 1, "pos": [147, 1]}, "168;11": {"type": "ice", "variant": 6, "pos": [168, 11]}, "168;10": {"type": "ice", "variant": 7, "pos": [168, 10]}, "168;9": {"type": "ice", "variant": 7, "pos": [168, 9]}, "168;8": {"type": "ice", "variant": 7, "pos": [168, 8]}, "168;7": {"type": "ice", "variant": 7, "pos": [168, 7]}, "168;6": {"type": "ice", "variant": 7, "pos": [168, 6]}, "168;5": {"type": "ice", "variant": 8, "pos": [168, 5]}, "168;4": {"type": "ice", "variant": 8, "pos": [168, 4]}, "168;3": {"type": "ice", "variant": 7, "pos": [168, 3]}, "168;2": {"type": "ice", "variant": 0, "pos": [168, 2]}, "169;2": {"type": "ice", "variant": 2, "pos": [169, 2]}, "169;3": {"type": "ice", "variant": 3, "pos": [169, 3]}, "169;4": {"type": "ice", "variant": 3, "pos": [169, 4]}, "169;5": {"type": "ice", "variant": 3, "pos": [169, 5]}, "169;6": {"type": "ice", "variant": 8, "pos": [169, 6]}, "169;7": {"type": "ice", "variant": 8, "pos": [169, 7]}, "169;8": {"type": "ice", "variant": 8, "pos": [169, 8]}, "169;9": {"type": "ice", "variant": 8, "pos": [169, 9]}, "169;10": {"type": "ice", "variant": 8, "pos": [169, 10]}, "169;11": {"type": "ice", "variant": 5, "pos": [169, 11]}, "188;10": {"type": "ice", "variant": 0, "pos": [188, 10]}, "126;-7": {"type": "decor/fence", "variant": 11, "pos": [126, -7]}, "124;-7": {"type": "decor/fence", "variant": 9, "pos": [124, -7]}, "125;-7": {"type": "decor/fence", "variant": 10, "pos": [125, -7]}, "124;-13": {"type": "reward/food", "variant": 0, "pos": [124, -13]}, "124;-12": {"type": "reward/food", "variant": 0, "pos": [124, -12]}, "124;-11": {"type": "reward/food", "variant": 0, "pos": [124, -11]}, "124;-10": {"type": "reward/food", "variant": 0, "pos": [124, -10]}, "124;-9": {"type": "reward/food", "variant": 0, "pos": [124, -9]}, "129;-9": {"type": "reward/food", "variant": 0, "pos": [129, -9]}, "129;-10": {"type": "reward/food", "variant": 0, "pos": [129, -10]}, "129;-11": {"type": "reward/food", "variant": 0, "pos": [129, -11]}, "127;-11": {"type": "reward/food", "variant": 0, "pos": [127, -11]}, "127;-12": {"type": "reward/food", "variant": 0, "pos": [127, -12]}, "127;-13": {"type": "reward/food", "variant": 0, "pos": [127, -13]}, "134;-13": {"type": "reward/food", "variant": 0, "pos": [134, -13]}, "134;-12": {"type": "reward/food", "variant": 0, "pos": [134, -12]}, "134;-11": {"type": "reward/food", "variant": 0, "pos": [134, -11]}, "132;-11": {"type": "reward/food", "variant": 0, "pos": [132, -11]}, "132;-9": {"type": "reward/food", "variant": 0, "pos": [132, -9]}, "132;-10": {"type": "reward/food", "variant": 0, "pos": [132, -10]}, "137;-11": {"type": "reward/food", "variant": 0, "pos": [137, -11]}, "137;-12": {"type": "reward/food", "variant": 0, "pos": [137, -12]}, "137;-13": {"type": "reward/food", "variant": 0, "pos": [137, -13]}, "139;-11": {"type": "reward/food", "variant": 0, "pos": [139, -11]}, "139;-10": {"type": "reward/food", "variant": 0, "pos": [139, -10]}, "139;-9": {"type": "reward/food", "variant": 0, "pos": [139, -9]}, "145;-13": {"type": "reward/food", "variant": 0, "pos": [145, -13]}, "145;-12": {"type": "reward/food", "variant": 0, "pos": [145, -12]}, "145;-11": {"type": "reward/food", "variant": 0, "pos": [145, -11]}, "145;-10": {"type": "reward/food", "variant": 0, "pos": [145, -10]}, "145;-9": {"type": "reward/food", "variant": 0, "pos": [145, -9]}, "145;-8": {"type": "reward/food", "variant": 0, "pos": [145, -8]}, "145;-14": {"type": "reward/food", "variant": 0, "pos": [145, -14]}, "142;-6": {"type": "reward/food", "variant": 0, "pos": [142, -6]}, "142;-5": {"type": "reward/food", "variant": 0, "pos": [142, -5]}, "142;-4": {"type": "reward/food", "variant": 0, "pos": [142, -4]}, "142;-7": {"type": "reward/food", "variant": 0, "pos": [142, -7]}, "150;-3": {"type": "reward/food", "variant": 0, "pos": [150, -3]}, "151;-3": {"type": "reward/food", "variant": 0, "pos": [151, -3]}, "152;-3": {"type": "reward/food", "variant": 0, "pos": [152, -3]}, "169;-4": {"type": "reward/food", "variant": 0, "pos": [169, -4]}, "169;-3": {"type": "reward/food", "variant": 0, "pos": [169, -3]}, "169;-2": {"type": "reward/food", "variant": 0, "pos": [169, -2]}, "169;-1": {"type": "reward/food", "variant": 0, "pos": [169, -1]}, "151;4": {"type": "decor/firehole", "variant": 0, "pos": [151, 4]}, "150;5": {"type": "ice", "variant": 0, "pos": [150, 5]}, "151;5": {"type": "ice", "variant": 1, "pos": [151, 5]}, "152;5": {"type": "ice", "variant": 2, "pos": [152, 5]}, "152;6": {"type": "ice", "variant": 4, "pos": [152, 6]}, "151;6": {"type": "ice", "variant": 5, "pos": [151, 6]}, "150;6": {"type": "ice", "variant": 6, "pos": [150, 6]}, "167;4": {"type": "ice", "variant": 1, "pos": [167, 4]}, "166;4": {"type": "ice", "variant": 0, "pos": [166, 4]}, "166;5": {"type": "ice", "variant": 6, "pos": [166, 5]}, "167;5": {"type": "ice", "variant": 5, "pos": [167, 5]}, "179;3": {"type": "reward/food", "variant": 0, "pos": [179, 3]}, "182;3": {"type": "reward/food", "variant": 0, "pos": [182, 3]}, "180;2": {"type": "reward/food", "variant": 0, "pos": [180, 2]}, "181;2": {"type": "reward/food", "variant": 0, "pos": [181, 2]}, "187;3": {"type": "reward/food", "variant": 0, "pos": [187, 3]}, "188;2": {"type": "reward/food", "variant": 0, "pos": [188, 2]}, "189;2": {"type": "reward/food", "variant": 0, "pos": [189, 2]}, "190;3": {"type": "reward/food", "variant": 0, "pos": [190, 3]}, "195;3": {"type": "reward/food", "variant": 0, "pos": [195, 3]}, "196;2": {"type": "reward/food", "variant": 0, "pos": [196, 2]}, "197;2": {"type": "reward/food", "variant": 0, "pos": [197, 2]}, "198;3": {"type": "reward/food", "variant": 0, "pos": [198, 3]}, "24;10": {"type": "movingtile", "variant": 4, "pos": [24, 10]}, "25;10": {"type": "movingtile", "variant": 4, "pos": [25, 10]}, "26;10": {"type": "movingtile", "variant": 4, "pos": [26, 10]}, "27;10": {"type": "movingtile", "variant": 4, "pos": [27, 10]}, "10;10": {"type": "ice", "variant": 1, "pos": [10, 10]}, "11;10": {"type": "ice", "variant": 1, "pos": [11, 10]}, "11;11": {"type": "ice", "variant": 5, "pos": [11, 11]}, "10;11": {"type": "ice", "variant": 5, "pos": [10, 11]}, "10;8": {"type": "decor/tree", "variant": 6, "pos": [10, 8]}, "8;8": {"type": "decor/tree", "variant": 6, "pos": [8, 8]}, "38;10": {"type": "movingtile", "variant": 5, "pos": [38, 10]}, "37;10": {"type": "movingtile", "variant": 5, "pos": [37, 10]}, "39;10": {"type": "movingtile", "variant": 5, "pos": [39, 10]}, "40;10": {"type": "movingtile", "variant": 5, "pos": [40, 10]}, "52;10": {"type": "movingtile", "variant": 6, "pos": [52, 10]}, "54;10": {"type": "movingtile", "variant": 6, "pos": [54, 10]}, "53;10": {"type": "movingtile", "variant": 6, "pos": [53, 10]}, "55;10": {"type": "movingtile", "variant": 6, "pos": [55, 10]}, "66;10": {"type": "movingtile", "variant": 4, "pos": [66, 10]}, "67;10": {"type": "movingtile", "variant": 4, "pos": [67, 10]}, "68;10": {"type": "movingtile", "variant": 4, "pos": [68, 10]}, "69;10": {"type": "movingtile", "variant": 4, "pos": [69, 10]}, "78;10": {"type": "ice", "variant": 1, "pos": [78, 10]}, "77;11": {"type": "ice", "variant": 5, "pos": [77, 11]}, "80;11": {"type": "ice", "variant": 4, "pos": [80, 11]}, "80;10": {"type": "ice", "variant": 3, "pos": [80, 10]}, "79;10": {"type": "ice", "variant": 8, "pos": [79, 10]}, "77;10": {"type": "ice", "variant": 1, "pos": [77, 10]}, "78;11": {"type": "ice", "variant": 5, "pos": [78, 11]}, "79;11": {"type": "ice", "variant": 5, "pos": [79, 11]}, "76;10": {"type": "ice", "variant": 0, "pos": [76, 10]}, "76;11": {"type": "ice", "variant": 6, "pos": [76, 11]}, "45;7": {"type": "ice", "variant": 0, "pos": [45, 7]}, "46;7": {"type": "ice", "variant": 1, "pos": [46, 7]}, "47;7": {"type": "ice", "variant": 2, "pos": [47, 7]}, "80;9": {"type": "ice", "variant": 3, "pos": [80, 9]}, "80;8": {"type": "ice", "variant": 3, "pos": [80, 8]}, "80;7": {"type": "ice", "variant": 3, "pos": [80, 7]}, "80;6": {"type": "ice", "variant": 3, "pos": [80, 6]}, "80;5": {"type": "ice", "variant": 3, "pos": [80, 5]}, "79;5": {"type": "ice", "variant": 7, "pos": [79, 5]}, "79;6": {"type": "ice", "variant": 7, "pos": [79, 6]}, "79;7": {"type": "ice", "variant": 8, "pos": [79, 7]}, "79;8": {"type": "ice", "variant": 8, "pos": [79, 8]}, "79;9": {"type": "ice", "variant": 7, "pos": [79, 9]}, "78;7": {"type": "ice", "variant": 0, "pos": [78, 7]}, "79;4": {"type": "ice", "variant": 0, "pos": [79, 4]}, "80;4": {"type": "ice", "variant": 2, "pos": [80, 4]}, "76;0": {"type": "ice", "variant": 3, "pos": [76, 0]}, "75;0": {"type": "ice", "variant": 8, "pos": [75, 0]}, "75;-1": {"type": "ice", "variant": 1, "pos": [75, -1]}, "76;-1": {"type": "ice", "variant": 2, "pos": [76, -1]}, "74;0": {"type": "ice", "variant": 8, "pos": [74, 0]}, "74;-1": {"type": "ice", "variant": 8, "pos": [74, -1]}, "73;-1": {"type": "ice", "variant": 7, "pos": [73, -1]}, "73;0": {"type": "ice", "variant": 7, "pos": [73, 0]}, "74;-2": {"type": "ice", "variant": 3, "pos": [74, -2]}, "74;-3": {"type": "ice", "variant": 8, "pos": [74, -3]}, "74;-4": {"type": "ice", "variant": 8, "pos": [74, -4]}, "74;-5": {"type": "ice", "variant": 3, "pos": [74, -5]}, "74;-6": {"type": "ice", "variant": 3, "pos": [74, -6]}, "74;-7": {"type": "ice", "variant": 3, "pos": [74, -7]}, "73;-7": {"type": "ice", "variant": 7, "pos": [73, -7]}, "73;-6": {"type": "ice", "variant": 7, "pos": [73, -6]}, "73;-5": {"type": "ice", "variant": 7, "pos": [73, -5]}, "73;-4": {"type": "ice", "variant": 7, "pos": [73, -4]}, "73;-3": {"type": "ice", "variant": 7, "pos": [73, -3]}, "73;-2": {"type": "ice", "variant": 7, "pos": [73, -2]}, "75;-4": {"type": "ice", "variant": 2, "pos": [75, -4]}, "73;-8": {"type": "ice", "variant": 0, "pos": [73, -8]}, "74;-8": {"type": "ice", "variant": 2, "pos": [74, -8]}, "80;-5": {"type": "ice", "variant": 7, "pos": [80, -5]}, "80;-4": {"type": "ice", "variant": 7, "pos": [80, -4]}, "81;-4": {"type": "ice", "variant": 8, "pos": [81, -4]}, "82;-4": {"type": "ice", "variant": 5, "pos": [82, -4]}, "82;-5": {"type": "ice", "variant": 8, "pos": [82, -5]}, "81;-5": {"type": "ice", "variant": 8, "pos": [81, -5]}, "83;-5": {"type": "decor/fireswing", "variant": 0, "pos": [83, -5]}, "84;-5": {"type": "ice", "variant": 8, "pos": [84, -5]}, "85;-5": {"type": "ice", "variant": 8, "pos": [85, -5]}, "86;-5": {"type": "ice", "variant": 3, "pos": [86, -5]}, "86;-4": {"type": "ice", "variant": 3, "pos": [86, -4]}, "85;-4": {"type": "ice", "variant": 8, "pos": [85, -4]}, "84;-4": {"type": "ice", "variant": 5, "pos": [84, -4]}, "83;-4": {"type": "ice", "variant": 5, "pos": [83, -4]}, "85;-3": {"type": "ice", "variant": 7, "pos": [85, -3]}, "85;-2": {"type": "ice", "variant": 7, "pos": [85, -2]}, "85;-1": {"type": "ice", "variant": 7, "pos": [85, -1]}, "85;0": {"type": "ice", "variant": 6, "pos": [85, 0]}, "86;0": {"type": "ice", "variant": 5, "pos": [86, 0]}, "87;0": {"type": "ice", "variant": 5, "pos": [87, 0]}, "88;0": {"type": "ice", "variant": 5, "pos": [88, 0]}, "89;0": {"type": "ice", "variant": 5, "pos": [89, 0]}, "90;0": {"type": "ice", "variant": 5, "pos": [90, 0]}, "91;0": {"type": "ice", "variant": 5, "pos": [91, 0]}, "86;-3": {"type": "ice", "variant": 3, "pos": [86, -3]}, "86;-2": {"type": "ice", "variant": 3, "pos": [86, -2]}, "86;-1": {"type": "ice", "variant": 8, "pos": [86, -1]}, "87;-1": {"type": "ice", "variant": 1, "pos": [87, -1]}, "88;-1": {"type": "ice", "variant": 1, "pos": [88, -1]}, "89;-1": {"type": "ice", "variant": 1, "pos": [89, -1]}, "90;-1": {"type": "ice", "variant": 8, "pos": [90, -1]}, "90;-2": {"type": "ice", "variant": 17, "pos": [90, -2]}, "90;-3": {"type": "ice", "variant": 17, "pos": [90, -3]}, "90;-4": {"type": "ice", "variant": 17, "pos": [90, -4]}, "90;-5": {"type": "ice", "variant": 16, "pos": [90, -5]}, "91;-1": {"type": "ice", "variant": 1, "pos": [91, -1]}, "92;-1": {"type": "ice", "variant": 1, "pos": [92, -1]}, "93;-1": {"type": "ice", "variant": 1, "pos": [93, -1]}, "94;-1": {"type": "ice", "variant": 8, "pos": [94, -1]}, "95;-1": {"type": "ice", "variant": 1, "pos": [95, -1]}, "95;0": {"type": "ice", "variant": 5, "pos": [95, 0]}, "94;0": {"type": "ice", "variant": 5, "pos": [94, 0]}, "93;0": {"type": "ice", "variant": 5, "pos": [93, 0]}, "92;0": {"type": "ice", "variant": 5, "pos": [92, 0]}, "94;-2": {"type": "ice", "variant": 17, "pos": [94, -2]}, "94;-3": {"type": "ice", "variant": 17, "pos": [94, -3]}, "94;-4": {"type": "ice", "variant": 17, "pos": [94, -4]}, "94;-5": {"type": "ice", "variant": 16, "pos": [94, -5]}, "96;-1": {"type": "ice", "variant": 1, "pos": [96, -1]}, "97;-1": {"type": "ice", "variant": 1, "pos": [97, -1]}, "98;-1": {"type": "ice", "variant": 8, "pos": [98, -1]}, "98;0": {"type": "ice", "variant": 5, "pos": [98, 0]}, "97;0": {"type": "ice", "variant": 5, "pos": [97, 0]}, "96;0": {"type": "ice", "variant": 5, "pos": [96, 0]}, "98;-2": {"type": "ice", "variant": 7, "pos": [98, -2]}, "98;-3": {"type": "ice", "variant": 0, "pos": [98, -3]}, "99;-3": {"type": "ice", "variant": 1, "pos": [99, -3]}, "100;-3": {"type": "ice", "variant": 1, "pos": [100, -3]}, "101;-3": {"type": "ice", "variant": 1, "pos": [101, -3]}, "102;-3": {"type": "ice", "variant": 1, "pos": [102, -3]}, "103;-3": {"type": "ice", "variant": 2, "pos": [103, -3]}, "103;-2": {"type": "ice", "variant": 3, "pos": [103, -2]}, "102;-2": {"type": "ice", "variant": 8, "pos": [102, -2]}, "101;-2": {"type": "ice", "variant": 8, "pos": [101, -2]}, "100;-2": {"type": "ice", "variant": 8, "pos": [100, -2]}, "100;-1": {"type": "ice", "variant": 8, "pos": [100, -1]}, "99;-1": {"type": "ice", "variant": 8, "pos": [99, -1]}, "101;-1": {"type": "ice", "variant": 8, "pos": [101, -1]}, "102;-1": {"type": "ice", "variant": 8, "pos": [102, -1]}, "103;-1": {"type": "ice", "variant": 8, "pos": [103, -1]}, "99;-2": {"type": "ice", "variant": 8, "pos": [99, -2]}, "99;0": {"type": "ice", "variant": 5, "pos": [99, 0]}, "100;0": {"type": "ice", "variant": 5, "pos": [100, 0]}, "101;0": {"type": "ice", "variant": 5, "pos": [101, 0]}, "102;0": {"type": "ice", "variant": 5, "pos": [102, 0]}, "103;0": {"type": "ice", "variant": 5, "pos": [103, 0]}, "104;-1": {"type": "ice", "variant": 1, "pos": [104, -1]}, "105;-1": {"type": "ice", "variant": 1, "pos": [105, -1]}, "106;-1": {"type": "ice", "variant": 1, "pos": [106, -1]}, "107;-1": {"type": "ice", "variant": 8, "pos": [107, -1]}, "108;-1": {"type": "ice", "variant": 1, "pos": [108, -1]}, "109;-1": {"type": "ice", "variant": 1, "pos": [109, -1]}, "110;-1": {"type": "ice", "variant": 1, "pos": [110, -1]}, "111;-1": {"type": "ice", "variant": 8, "pos": [111, -1]}, "112;-1": {"type": "ice", "variant": 1, "pos": [112, -1]}, "113;-1": {"type": "ice", "variant": 1, "pos": [113, -1]}, "114;-1": {"type": "ice", "variant": 1, "pos": [114, -1]}, "115;-1": {"type": "ice", "variant": 8, "pos": [115, -1]}, "115;0": {"type": "ice", "variant": 5, "pos": [115, 0]}, "114;0": {"type": "ice", "variant": 5, "pos": [114, 0]}, "113;0": {"type": "ice", "variant": 5, "pos": [113, 0]}, "112;0": {"type": "ice", "variant": 5, "pos": [112, 0]}, "111;0": {"type": "ice", "variant": 5, "pos": [111, 0]}, "110;0": {"type": "ice", "variant": 5, "pos": [110, 0]}, "109;0": {"type": "ice", "variant": 5, "pos": [109, 0]}, "108;0": {"type": "ice", "variant": 5, "pos": [108, 0]}, "107;0": {"type": "ice", "variant": 5, "pos": [107, 0]}, "106;0": {"type": "ice", "variant": 5, "pos": [106, 0]}, "105;0": {"type": "ice", "variant": 5, "pos": [105, 0]}, "104;0": {"type": "ice", "variant": 5, "pos": [104, 0]}, "107;-2": {"type": "ice", "variant": 17, "pos": [107, -2]}, "107;-3": {"type": "ice", "variant": 17, "pos": [107, -3]}, "107;-4": {"type": "ice", "variant": 17, "pos": [107, -4]}, "107;-5": {"type": "ice", "variant": 16, "pos": [107, -5]}, "111;-2": {"type": "ice", "variant": 17, "pos": [111, -2]}, "111;-3": {"type": "ice", "variant": 17, "pos": [111, -3]}, "111;-4": {"type": "ice", "variant": 17, "pos": [111, -4]}, "111;-5": {"type": "ice", "variant": 16, "pos": [111, -5]}, "115;-2": {"type": "ice", "variant": 7, "pos": [115, -2]}, "115;-3": {"type": "ice", "variant": 7, "pos": [115, -3]}, "115;-4": {"type": "ice", "variant": 7, "pos": [115, -4]}, "115;-5": {"type": "ice", "variant": 7, "pos": [115, -5]}, "116;-5": {"type": "ice", "variant": 8, "pos": [116, -5]}, "117;-5": {"type": "ice", "variant": 8, "pos": [117, -5]}, "118;-5": {"type": "decor/fireswing", "variant": 0, "pos": [118, -5]}, "118;-4": {"type": "ice", "variant": 5, "pos": [118, -4]}, "117;-4": {"type": "ice", "variant": 5, "pos": [117, -4]}, "116;-4": {"type": "ice", "variant": 8, "pos": [116, -4]}, "116;-1": {"type": "ice", "variant": 3, "pos": [116, -1]}, "116;0": {"type": "ice", "variant": 4, "pos": [116, 0]}, "83;-6": {"type": "ice", "variant": 1, "pos": [83, -6]}, "84;-6": {"type": "ice", "variant": 1, "pos": [84, -6]}, "85;-6": {"type": "ice", "variant": 1, "pos": [85, -6]}, "86;-6": {"type": "ice", "variant": 2, "pos": [86, -6]}, "115;-6": {"type": "ice", "variant": 0, "pos": [115, -6]}, "116;-6": {"type": "ice", "variant": 1, "pos": [116, -6]}, "117;-6": {"type": "ice", "variant": 1, "pos": [117, -6]}, "118;-6": {"type": "ice", "variant": 1, "pos": [118, -6]}, "80;-6": {"type": "ice", "variant": 0, "pos": [80, -6]}, "81;-6": {"type": "ice", "variant": 1, "pos": [81, -6]}, "82;-6": {"type": "ice", "variant": 1, "pos": [82, -6]}, "125;-15": {"type": "ice", "variant": 7, "pos": [125, -15]}, "125;-16": {"type": "ice", "variant": 0, "pos": [125, -16]}, "126;-16": {"type": "ice", "variant": 2, "pos": [126, -16]}, "126;-15": {"type": "ice", "variant": 3, "pos": [126, -15]}, "155;1": {"type": "movingtile", "variant": 6, "pos": [155, 1]}, "156;1": {"type": "movingtile", "variant": 6, "pos": [156, 1]}, "157;1": {"type": "movingtile", "variant": 6, "pos": [157, 1]}, "161;-2": {"type": "movingtile", "variant": 4, "pos": [161, -2]}, "160;-2": {"type": "movingtile", "variant": 4, "pos": [160, -2]}, "159;-2": {"type": "movingtile", "variant": 4, "pos": [159, -2]}, "177;6": {"type": "movingtile", "variant": 4, "pos": [177, 6]}, "178;6": {"type": "movingtile", "variant": 4, "pos": [178, 6]}, "179;6": {"type": "movingtile", "variant": 4, "pos": [179, 6]}, "192;6": {"type": "movingtile", "variant": 5, "pos": [192, 6]}, "191;6": {"type": "movingtile", "variant": 5, "pos": [191, 6]}, "193;6": {"type": "movingtile", "variant": 5, "pos": [193, 6]}, "194;6": {"type": "movingtile", "variant": 5, "pos": [194, 6]}, "180;6": {"type": "movingtile", "variant": 4, "pos": [180, 6]}, "204;6": {"type": "movingtile", "variant": 7, "pos": [204, 6]}, "205;6": {"type": "movingtile", "variant": 7, "pos": [205, 6]}, "206;6": {"type": "movingtile", "variant": 7, "pos": [206, 6]}, "207;6": {"type": "movingtile", "variant": 7, "pos": [207, 6]}, "214;10": {"type": "movingtile", "variant": 6, "pos": [214, 10]}, "215;10": {"type": "movingtile", "variant": 6, "pos": [215, 10]}, "216;10": {"type": "movingtile", "variant": 6, "pos": [216, 10]}, "217;10": {"type": "movingtile", "variant": 6, "pos": [217, 10]}, "224;6": {"type": "movingtile", "variant": 5, "pos": [224, 6]}, "225;6": {"type": "movingtile", "variant": 5, "pos": [225, 6]}, "226;6": {"type": "movingtile", "variant": 5, "pos": [226, 6]}, "227;6": {"type": "movingtile", "variant": 5, "pos": [227, 6]}, "219;3": {"type": "movingtile", "variant": 4, "pos": [219, 3]}, "218;3": {"type": "movingtile", "variant": 4, "pos": [218, 3]}, "229;0": {"type": "movingtile", "variant": 7, "pos": [229, 0]}, "230;0": {"type": "movingtile", "variant": 7, "pos": [230, 0]}, "231;0": {"type": "movingtile", "variant": 7, "pos": [231, 0]}, "243;0": {"type": "movingtile", "variant": 6, "pos": [243, 0]}, "244;0": {"type": "movingtile", "variant": 6, "pos": [244, 0]}, "246;0": {"type": "movingtile", "variant": 6, "pos": [246, 0]}, "245;0": {"type": "movingtile", "variant": 6, "pos": [245, 0]}, "266;0": {"type": "movingtile", "variant": 7, "pos": [266, 0]}, "267;0": {"type": "movingtile", "variant": 7, "pos": [267, 0]}, "265;0": {"type": "movingtile", "variant": 7, "pos": [265, 0]}, "268;0": {"type": "movingtile", "variant": 7, "pos": [268, 0]}, "256;3": {"type": "movingtile", "variant": 4, "pos": [256, 3]}, "257;3": {"type": "movingtile", "variant": 4, "pos": [257, 3]}, "258;3": {"type": "movingtile", "variant": 4, "pos": [258, 3]}, "259;3": {"type": "movingtile", "variant": 4, "pos": [259, 3]}, "272;3": {"type": "movingtile", "variant": 4, "pos": [272, 3]}, "273;3": {"type": "movingtile", "variant": 4, "pos": [273, 3]}, "274;3": {"type": "movingtile", "variant": 4, "pos": [274, 3]}, "275;3": {"type": "movingtile", "variant": 4, "pos": [275, 3]}, "284;0": {"type": "movingtile", "variant": 5, "pos": [284, 0]}, "285;0": {"type": "movingtile", "variant": 5, "pos": [285, 0]}, "286;0": {"type": "movingtile", "variant": 5, "pos": [286, 0]}, "287;0": {"type": "movingtile", "variant": 5, "pos": [287, 0]}, "265;3": {"type": "ice", "variant": 0, "pos": [265, 3]}, "266;3": {"type": "ice", "variant": 2, "pos": [266, 3]}, "266;4": {"type": "ice", "variant": 4, "pos": [266, 4]}, "265;4": {"type": "ice", "variant": 6, "pos": [265, 4]}, "237;6": {"type": "ice", "variant": 0, "pos": [237, 6]}, "238;6": {"type": "ice", "variant": 1, "pos": [238, 6]}, "239;6": {"type": "ice", "variant": 1, "pos": [239, 6]}, "240;6": {"type": "ice", "variant": 2, "pos": [240, 6]}, "239;7": {"type": "ice", "variant": 5, "pos": [239, 7]}, "238;7": {"type": "ice", "variant": 5, "pos": [238, 7]}, "237;7": {"type": "ice", "variant": 6, "pos": [237, 7]}, "240;7": {"type": "ice", "variant": 4, "pos": [240, 7]}, "281;3": {"type": "ice", "variant": 0, "pos": [281, 3]}, "282;3": {"type": "ice", "variant": 2, "pos": [282, 3]}, "282;4": {"type": "ice", "variant": 4, "pos": [282, 4]}, "281;4": {"type": "ice", "variant": 6, "pos": [281, 4]}, "250;3": {"type": "ice", "variant": 2, "pos": [250, 3]}, "250;4": {"type": "ice", "variant": 4, "pos": [250, 4]}, "249;4": {"type": "ice", "variant": 6, "pos": [249, 4]}, "249;3": {"type": "ice", "variant": 0, "pos": [249, 3]}, "251;6": {"type": "ice", "variant": 16, "pos": [251, 6]}, "264;6": {"type": "ice", "variant": 16, "pos": [264, 6]}, "267;6": {"type": "ice", "variant": 16, "pos": [267, 6]}, "280;6": {"type": "ice", "variant": 16, "pos": [280, 6]}, "283;6": {"type": "ice", "variant": 16, "pos": [283, 6]}, "251;7": {"type": "ice", "variant": 18, "pos": [251, 7]}, "264;7": {"type": "ice", "variant": 18, "pos": [264, 7]}, "267;7": {"type": "ice", "variant": 18, "pos": [267, 7]}, "280;7": {"type": "ice", "variant": 18, "pos": [280, 7]}, "283;7": {"type": "ice", "variant": 18, "pos": [283, 7]}, "248;6": {"type": "ice", "variant": 16, "pos": [248, 6]}, "248;7": {"type": "ice", "variant": 18, "pos": [248, 7]}, "295;3": {"type": "movingtile", "variant": 6, "pos": [295, 3]}, "296;3": {"type": "movingtile", "variant": 6, "pos": [296, 3]}, "297;3": {"type": "movingtile", "variant": 6, "pos": [297, 3]}, "298;3": {"type": "movingtile", "variant": 6, "pos": [298, 3]}, "303;3": {"type": "movingtile", "variant": 6, "pos": [303, 3]}, "304;3": {"type": "movingtile", "variant": 6, "pos": [304, 3]}, "305;3": {"type": "movingtile", "variant": 6, "pos": [305, 3]}, "309;3": {"type": "movingtile", "variant": 6, "pos": [309, 3]}, "310;3": {"type": "movingtile", "variant": 6, "pos": [310, 3]}, "314;3": {"type": "movingtile", "variant": 6, "pos": [314, 3]}, "316;6": {"type": "movingtile", "variant": 7, "pos": [316, 6]}, "320;10": {"type": "movingtile", "variant": 5, "pos": [320, 10]}, "328;21": {"type": "ice", "variant": 0, "pos": [328, 21]}, "329;21": {"type": "ice", "variant": 1, "pos": [329, 21]}, "330;21": {"type": "ice", "variant": 1, "pos": [330, 21]}, "331;21": {"type": "ice", "variant": 1, "pos": [331, 21]}, "332;21": {"type": "ice", "variant": 1, "pos": [332, 21]}, "333;21": {"type": "ice", "variant": 1, "pos": [333, 21]}, "334;21": {"type": "ice", "variant": 1, "pos": [334, 21]}, "335;21": {"type": "ice", "variant": 1, "pos": [335, 21]}, "336;21": {"type": "ice", "variant": 1, "pos": [336, 21]}, "337;21": {"type": "ice", "variant": 1, "pos": [337, 21]}, "338;21": {"type": "ice", "variant": 1, "pos": [338, 21]}, "339;21": {"type": "ice", "variant": 1, "pos": [339, 21]}, "339;22": {"type": "ice", "variant": 5, "pos": [339, 22]}, "338;22": {"type": "ice", "variant": 5, "pos": [338, 22]}, "337;22": {"type": "ice", "variant": 5, "pos": [337, 22]}, "336;22": {"type": "ice", "variant": 5, "pos": [336, 22]}, "335;22": {"type": "ice", "variant": 5, "pos": [335, 22]}, "334;22": {"type": "ice", "variant": 5, "pos": [334, 22]}, "333;22": {"type": "ice", "variant": 5, "pos": [333, 22]}, "332;22": {"type": "ice", "variant": 5, "pos": [332, 22]}, "331;22": {"type": "ice", "variant": 5, "pos": [331, 22]}, "330;22": {"type": "ice", "variant": 5, "pos": [330, 22]}, "329;22": {"type": "ice", "variant": 5, "pos": [329, 22]}, "328;22": {"type": "ice", "variant": 6, "pos": [328, 22]}, "340;21": {"type": "ice", "variant": 1, "pos": [340, 21]}, "341;21": {"type": "ice", "variant": 1, "pos": [341, 21]}, "343;21": {"type": "ice", "variant": 1, "pos": [343, 21]}, "344;21": {"type": "ice", "variant": 1, "pos": [344, 21]}, "345;21": {"type": "ice", "variant": 1, "pos": [345, 21]}, "346;21": {"type": "ice", "variant": 1, "pos": [346, 21]}, "347;21": {"type": "ice", "variant": 1, "pos": [347, 21]}, "348;21": {"type": "ice", "variant": 1, "pos": [348, 21]}, "349;21": {"type": "ice", "variant": 1, "pos": [349, 21]}, "348;22": {"type": "ice", "variant": 5, "pos": [348, 22]}, "347;22": {"type": "ice", "variant": 5, "pos": [347, 22]}, "346;22": {"type": "ice", "variant": 5, "pos": [346, 22]}, "345;22": {"type": "ice", "variant": 5, "pos": [345, 22]}, "344;22": {"type": "ice", "variant": 5, "pos": [344, 22]}, "343;22": {"type": "ice", "variant": 5, "pos": [343, 22]}, "342;22": {"type": "ice", "variant": 5, "pos": [342, 22]}, "341;22": {"type": "ice", "variant": 5, "pos": [341, 22]}, "340;22": {"type": "ice", "variant": 5, "pos": [340, 22]}, "342;21": {"type": "ice", "variant": 1, "pos": [342, 21]}, "350;21": {"type": "ice", "variant": 2, "pos": [350, 21]}, "350;22": {"type": "ice", "variant": 4, "pos": [350, 22]}, "349;22": {"type": "ice", "variant": 5, "pos": [349, 22]}, "344;19": {"type": "finishline", "variant": 0, "pos": [344, 19]}, "345;19": {"type": "finishline", "variant": 1, "pos": [345, 19]}, "344;20": {"type": "finishline", "variant": 2, "pos": [344, 20]}, "345;20": {"type": "finishline", "variant": 3, "pos": [345, 20]}, "340;19": {"type": "decor/tree", "variant": 6, "pos": [340, 19]}, "348;19": {"type": "decor/tree", "variant": 6, "pos": [348, 19]}, "338;19": {"type": "decor/tree", "variant": 6, "pos": [338, 19]}, "336;19": {"type": "decor/tree", "variant": 6, "pos": [336, 19]}, "331;19": {"type": "decor/tree", "variant": 6, "pos": [331, 19]}, "329;19": {"type": "decor/tree", "variant": 6, "pos": [329, 19]}, "298;-3": {"type": "reward/food", "variant": 0, "pos": [298, -3]}, "300;-3": {"type": "reward/food", "variant": 0, "pos": [300, -3]}, "299;-3": {"type": "reward/food", "variant": 0, "pos": [299, -3]}, "305;-3": {"type": "reward/food", "variant": 0, "pos": [305, -3]}, "306;-3": {"type": "reward/food", "variant": 0, "pos": [306, -3]}, "307;-3": {"type": "reward/food", "variant": 0, "pos": [307, -3]}, "312;-3": {"type": "reward/food", "variant": 0, "pos": [312, -3]}, "313;-3": {"type": "reward/food", "variant": 0, "pos": [313, -3]}, "314;-3": {"type": "reward/food", "variant": 0, "pos": [314, -3]}, "283;-5": {"type": "reward/food", "variant": 0, "pos": [283, -5]}, "281;-5": {"type": "reward/food", "variant": 0, "pos": [281, -5]}, "282;-5": {"type": "reward/food", "variant": 0, "pos": [282, -5]}, "280;-5": {"type": "reward/food", "variant": 0, "pos": [280, -5]}, "267;-5": {"type": "reward/food", "variant": 0, "pos": [267, -5]}, "266;-5": {"type": "reward/food", "variant": 0, "pos": [266, -5]}, "264;-5": {"type": "reward/food", "variant": 0, "pos": [264, -5]}, "265;-5": {"type": "reward/food", "variant": 0, "pos": [265, -5]}, "250;-5": {"type": "reward/food", "variant": 0, "pos": [250, -5]}, "248;-5": {"type": "reward/food", "variant": 0, "pos": [248, -5]}, "249;-5": {"type": "reward/food", "variant": 0, "pos": [249, -5]}, "251;-5": {"type": "reward/food", "variant": 0, "pos": [251, -5]}, "203;3": {"type": "reward/food", "variant": 0, "pos": [203, 3]}, "204;2": {"type": "reward/food", "variant": 0, "pos": [204, 2]}, "205;2": {"type": "reward/food", "variant": 0, "pos": [205, 2]}, "206;3": {"type": "reward/food", "variant": 0, "pos": [206, 3]}, "127;-10": {"type": "reward/food", "variant": 0, "pos": [127, -10]}, "127;-9": {"type": "reward/food", "variant": 0, "pos": [127, -9]}, "134;-10": {"type": "reward/food", "variant": 0, "pos": [134, -10]}, "137;-10": {"type": "reward/food", "variant": 0, "pos": [137, -10]}, "134;-9": {"type": "reward/food", "variant": 0, "pos": [134, -9]}, "137;-9": {"type": "reward/food", "variant": 0, "pos": [137, -9]}, "104;-9": {"type": "reward/food", "variant": 0, "pos": [104, -9]}, "105;-9": {"type": "reward/food", "variant": 0, "pos": [105, -9]}, "106;-9": {"type": "reward/food", "variant": 0, "pos": [106, -9]}, "108;-9": {"type": "reward/food", "variant": 0, "pos": [108, -9]}, "109;-9": {"type": "reward/food", "variant": 0, "pos": [109, -9]}, "110;-9": {"type": "reward/food", "variant": 0, "pos": [110, -9]}, "112;-11": {"type": "reward/food", "variant": 0, "pos": [112, -11]}, "113;-11": {"type": "reward/food", "variant": 0, "pos": [113, -11]}, "114;-11": {"type": "reward/food", "variant": 0, "pos": [114, -11]}, "97;-9": {"type": "reward/food", "variant": 0, "pos": [97, -9]}, "96;-9": {"type": "reward/food", "variant": 0, "pos": [96, -9]}, "95;-9": {"type": "reward/food", "variant": 0, "pos": [95, -9]}, "93;-9": {"type": "reward/food", "variant": 0, "pos": [93, -9]}, "92;-9": {"type": "reward/food", "variant": 0, "pos": [92, -9]}, "91;-9": {"type": "reward/food", "variant": 0, "pos": [91, -9]}, "89;-11": {"type": "reward/food", "variant": 0, "pos": [89, -11]}, "87;-11": {"type": "reward/food", "variant": 0, "pos": [87, -11]}, "88;-11": {"type": "reward/food", "variant": 0, "pos": [88, -11]}, "121;-10": {"type": "reward/food", "variant": 1, "pos": [121, -10]}, "122;-10": {"type": "reward/food", "variant": 1, "pos": [122, -10]}, "130;-12": {"type": "reward/food", "variant": 1, "pos": [130, -12]}, "131;-12": {"type": "reward/food", "variant": 1, "pos": [131, -12]}, "143;0": {"type": "reward/food", "variant": 1, "pos": [143, 0]}, "145;-7": {"type": "reward/food", "variant": 1, "pos": [145, -7]}, "76;-2": {"type": "reward/food", "variant": 1, "pos": [76, -2]}, "79;-3": {"type": "reward/food", "variant": 0, "pos": [79, -3]}, "79;-4": {"type": "reward/food", "variant": 0, "pos": [79, -4]}, "20;5": {"type": "reward/food", "variant": 0, "pos": [20, 5]}, "21;5": {"type": "reward/food", "variant": 0, "pos": [21, 5]}, "23;5": {"type": "reward/food", "variant": 0, "pos": [23, 5]}, "22;5": {"type": "reward/food", "variant": 0, "pos": [22, 5]}, "30;5": {"type": "reward/food", "variant": 0, "pos": [30, 5]}, "31;5": {"type": "reward/food", "variant": 0, "pos": [31, 5]}, "32;5": {"type": "reward/food", "variant": 0, "pos": [32, 5]}, "33;5": {"type": "reward/food", "variant": 0, "pos": [33, 5]}, "59;5": {"type": "reward/food", "variant": 0, "pos": [59, 5]}, "60;5": {"type": "reward/food", "variant": 0, "pos": [60, 5]}, "61;5": {"type": "reward/food", "variant": 0, "pos": [61, 5]}, "62;5": {"type": "reward/food", "variant": 0, "pos": [62, 5]}, "71;5": {"type": "reward/food", "variant": 0, "pos": [71, 5]}, "72;5": {"type": "reward/food", "variant": 0, "pos": [72, 5]}, "73;5": {"type": "reward/food", "variant": 0, "pos": [73, 5]}, "74;5": {"type": "reward/food", "variant": 0, "pos": [74, 5]}, "45;8": {"type": "ice", "variant": 6, "pos": [45, 8]}, "46;8": {"type": "ice", "variant": 5, "pos": [46, 8]}, "47;8": {"type": "ice", "variant": 4, "pos": [47, 8]}, "42;5": {"type": "reward/food", "variant": 0, "pos": [42, 5]}, "43;5": {"type": "reward/food", "variant": 0, "pos": [43, 5]}, "44;5": {"type": "reward/food", "variant": 0, "pos": [44, 5]}, "48;5": {"type": "reward/food", "variant": 0, "pos": [48, 5]}, "49;5": {"type": "reward/food", "variant": 0, "pos": [49, 5]}, "50;5": {"type": "reward/food", "variant": 0, "pos": [50, 5]}, "46;6": {"type": "reward/food", "variant": 1, "pos": [46, 6]}, "78;8": {"type": "ice", "variant": 6, "pos": [78, 8]}, "80;-3": {"type": "ice", "variant": 7, "pos": [80, -3]}, "80;-2": {"type": "ice", "variant": 7, "pos": [80, -2]}, "81;-2": {"type": "ice", "variant": 3, "pos": [81, -2]}, "81;-3": {"type": "ice", "variant": 3, "pos": [81, -3]}, "76;1": {"type": "ice", "variant": 4, "pos": [76, 1]}, "75;1": {"type": "ice", "variant": 5, "pos": [75, 1]}, "74;1": {"type": "ice", "variant": 5, "pos": [74, 1]}, "73;1": {"type": "ice", "variant": 6, "pos": [73, 1]}, "80;-1": {"type": "ice", "variant": 7, "pos": [80, -1]}, "81;-1": {"type": "ice", "variant": 3, "pos": [81, -1]}, "77;1": {"type": "reward/food", "variant": 0, "pos": [77, 1]}, "77;0": {"type": "reward/food", "variant": 0, "pos": [77, 0]}, "77;-1": {"type": "reward/food", "variant": 0, "pos": [77, -1]}, "79;-2": {"type": "reward/food", "variant": 0, "pos": [79, -2]}, "80;0": {"type": "ice", "variant": 6, "pos": [80, 0]}, "81;0": {"type": "ice", "variant": 4, "pos": [81, 0]}, "75;-3": {"type": "ice", "variant": 4, "pos": [75, -3]}, "232;0": {"type": "movingtile", "variant": 7, "pos": [232, 0]}, "220;3": {"type": "movingtile", "variant": 4, "pos": [220, 3]}, "221;3": {"type": "movingtile", "variant": 4, "pos": [221, 3]}, "28;10": {"type": "movingtile", "variant": 4, "pos": [28, 10]}, "41;10": {"type": "movingtile", "variant": 5, "pos": [41, 10]}, "51;10": {"type": "movingtile", "variant": 6, "pos": [51, 10]}, "65;10": {"type": "movingtile", "variant": 4, "pos": [65, 10]}, "64;10": {"type": "movingtile", "variant": 4, "pos": [64, 10]}, "70;10": {"type": "movingtile", "variant": 4, "pos": [70, 10]}, "144;2": {"type": "ice", "variant": 5, "pos": [144, 2]}, "145;2": {"type": "ice", "variant": 5, "pos": [145, 2]}, "144;1": {"type": "ice", "variant": 1, "pos": [144, 1]}, "145;1": {"type": "ice", "variant": 1, "pos": [145, 1]}, "154;1": {"type": "movingtile", "variant": 6, "pos": [154, 1]}, "158;-2": {"type": "movingtile", "variant": 4, "pos": [158, -2]}, "181;6": {"type": "movingtile", "variant": 4, "pos": [181, 6]}, "195;6": {"type": "movingtile", "variant": 5, "pos": [195, 6]}, "208;6": {"type": "movingtile", "variant": 7, "pos": [208, 6]}, "228;0": {"type": "movingtile", "variant": 7, "pos": [228, 0]}, "217;3": {"type": "movingtile", "variant": 4, "pos": [217, 3]}, "242;0": {"type": "movingtile", "variant": 6, "pos": [242, 0]}, "317;6": {"type": "movingtile", "variant": 7, "pos": [317, 6]}, "318;6": {"type": "movingtile", "variant": 7, "pos": [318, 6]}, "319;6": {"type": "movingtile", "variant": 7, "pos": [319, 6]}, "321;10": {"type": "movingtile", "variant": 5, "pos": [321, 10]}, "322;10": {"type": "movingtile", "variant": 5, "pos": [322, 10]}, "323;10": {"type": "movingtile", "variant": 5, "pos": [323, 10]}, "325;14": {"type": "movingtile", "variant": 6, "pos": [325, 14]}, "327;14": {"type": "movingtile", "variant": 6, "pos": [327, 14]}, "326;14": {"type": "movingtile", "variant": 6, "pos": [326, 14]}, "328;14": {"type": "movingtile", "variant": 6, "pos": [328, 14]}, "308;3": {"type": "movingtile", "variant": 6, "pos": [308, 3]}, "313;3": {"type": "movingtile", "variant": 6, "pos": [313, 3]}, "315;3": {"type": "movingtile", "variant": 6, "pos": [315, 3]}, "320;1": {"type": "reward/food", "variant": 0, "pos": [320, 1]}, "321;2": {"type": "reward/food", "variant": 0, "pos": [321, 2]}, "322;3": {"type": "reward/food", "variant": 0, "pos": [322, 3]}, "323;4": {"type": "reward/food", "variant": 0, "pos": [323, 4]}, "328;8": {"type": "reward/food", "variant": 0, "pos": [328, 8]}, "329;9": {"type": "reward/food", "variant": 0, "pos": [329, 9]}, "330;10": {"type": "reward/food", "variant": 0, "pos": [330, 10]}, "331;11": {"type": "reward/food", "variant": 0, "pos": [331, 11]}, "335;16": {"type": "reward/food", "variant": 0, "pos": [335, 16]}, "336;16": {"type": "reward/food", "variant": 0, "pos": [336, 16]}, "337;16": {"type": "reward/food", "variant": 0, "pos": [337, 16]}, "338;16": {"type": "reward/food", "variant": 0, "pos": [338, 16]}, "231;25": {"type": "ice", "variant": 0, "pos": [231, 25]}, "232;25": {"type": "ice", "variant": 1, "pos": [232, 25]}, "233;25": {"type": "ice", "variant": 1, "pos": [233, 25]}, "234;25": {"type": "ice", "variant": 1, "pos": [234, 25]}, "235;25": {"type": "ice", "variant": 1, "pos": [235, 25]}, "236;25": {"type": "ice", "variant": 1, "pos": [236, 25]}, "237;25": {"type": "ice", "variant": 1, "pos": [237, 25]}, "238;25": {"type": "ice", "variant": 1, "pos": [238, 25]}, "239;25": {"type": "ice", "variant": 1, "pos": [239, 25]}, "255;25": {"type": "decor/fireswing", "variant": 0, "pos": [255, 25]}, "256;25": {"type": "ice", "variant": 1, "pos": [256, 25]}, "257;25": {"type": "ice", "variant": 1, "pos": [257, 25]}, "258;25": {"type": "ice", "variant": 1, "pos": [258, 25]}, "259;25": {"type": "ice", "variant": 1, "pos": [259, 25]}, "260;25": {"type": "ice", "variant": 1, "pos": [260, 25]}, "261;25": {"type": "ice", "variant": 1, "pos": [261, 25]}, "262;25": {"type": "decor/fireswing", "variant": 0, "pos": [262, 25]}, "240;26": {"type": "ice", "variant": 4, "pos": [240, 26]}, "239;26": {"type": "ice", "variant": 5, "pos": [239, 26]}, "238;26": {"type": "ice", "variant": 5, "pos": [238, 26]}, "237;26": {"type": "ice", "variant": 5, "pos": [237, 26]}, "236;26": {"type": "ice", "variant": 5, "pos": [236, 26]}, "235;26": {"type": "ice", "variant": 5, "pos": [235, 26]}, "234;26": {"type": "ice", "variant": 5, "pos": [234, 26]}, "233;26": {"type": "ice", "variant": 5, "pos": [233, 26]}, "232;26": {"type": "ice", "variant": 5, "pos": [232, 26]}, "231;26": {"type": "ice", "variant": 6, "pos": [231, 26]}, "254;26": {"type": "ice", "variant": 6, "pos": [254, 26]}, "263;26": {"type": "ice", "variant": 4, "pos": [263, 26]}, "262;26": {"type": "ice", "variant": 5, "pos": [262, 26]}, "261;26": {"type": "ice", "variant": 5, "pos": [261, 26]}, "260;26": {"type": "ice", "variant": 5, "pos": [260, 26]}, "259;26": {"type": "ice", "variant": 5, "pos": [259, 26]}, "258;26": {"type": "ice", "variant": 5, "pos": [258, 26]}, "257;26": {"type": "ice", "variant": 5, "pos": [257, 26]}, "256;26": {"type": "ice", "variant": 5, "pos": [256, 26]}, "255;26": {"type": "ice", "variant": 5, "pos": [255, 26]}, "254;25": {"type": "ice", "variant": 0, "pos": [254, 25]}, "263;25": {"type": "ice", "variant": 2, "pos": [263, 25]}, "240;25": {"type": "ice", "variant": 2, "pos": [240, 25]}, "279;25": {"type": "ice", "variant": 0, "pos": [279, 25]}, "280;25": {"type": "decor/fireswing", "variant": 0, "pos": [280, 25]}, "281;25": {"type": "ice", "variant": 1, "pos": [281, 25]}, "282;25": {"type": "ice", "variant": 1, "pos": [282, 25]}, "283;25": {"type": "ice", "variant": 1, "pos": [283, 25]}, "284;25": {"type": "ice", "variant": 1, "pos": [284, 25]}, "285;25": {"type": "ice", "variant": 1, "pos": [285, 25]}, "286;25": {"type": "ice", "variant": 1, "pos": [286, 25]}, "287;25": {"type": "decor/fireswing", "variant": 0, "pos": [287, 25]}, "288;25": {"type": "ice", "variant": 2, "pos": [288, 25]}, "288;26": {"type": "ice", "variant": 4, "pos": [288, 26]}, "287;26": {"type": "ice", "variant": 5, "pos": [287, 26]}, "286;26": {"type": "ice", "variant": 5, "pos": [286, 26]}, "285;26": {"type": "ice", "variant": 5, "pos": [285, 26]}, "284;26": {"type": "ice", "variant": 5, "pos": [284, 26]}, "283;26": {"type": "ice", "variant": 5, "pos": [283, 26]}, "282;26": {"type": "ice", "variant": 5, "pos": [282, 26]}, "281;26": {"type": "ice", "variant": 5, "pos": [281, 26]}, "280;26": {"type": "ice", "variant": 5, "pos": [280, 26]}, "279;26": {"type": "ice", "variant": 6, "pos": [279, 26]}, "303;25": {"type": "ice", "variant": 0, "pos": [303, 25]}, "303;26": {"type": "ice", "variant": 6, "pos": [303, 26]}, "304;26": {"type": "ice", "variant": 5, "pos": [304, 26]}, "305;26": {"type": "ice", "variant": 5, "pos": [305, 26]}, "306;26": {"type": "ice", "variant": 5, "pos": [306, 26]}, "307;26": {"type": "ice", "variant": 5, "pos": [307, 26]}, "308;26": {"type": "ice", "variant": 5, "pos": [308, 26]}, "309;26": {"type": "ice", "variant": 5, "pos": [309, 26]}, "310;26": {"type": "ice", "variant": 5, "pos": [310, 26]}, "311;26": {"type": "ice", "variant": 5, "pos": [311, 26]}, "312;26": {"type": "ice", "variant": 4, "pos": [312, 26]}, "312;25": {"type": "ice", "variant": 2, "pos": [312, 25]}, "311;25": {"type": "decor/fireswing", "variant": 0, "pos": [311, 25]}, "310;25": {"type": "ice", "variant": 1, "pos": [310, 25]}, "309;25": {"type": "ice", "variant": 1, "pos": [309, 25]}, "308;25": {"type": "ice", "variant": 1, "pos": [308, 25]}, "307;25": {"type": "ice", "variant": 1, "pos": [307, 25]}, "306;25": {"type": "ice", "variant": 1, "pos": [306, 25]}, "305;25": {"type": "ice", "variant": 1, "pos": [305, 25]}, "304;25": {"type": "decor/fireswing", "variant": 0, "pos": [304, 25]}, "247;21": {"type": "movingtile", "variant": 6, "pos": [247, 21]}, "248;21": {"type": "movingtile", "variant": 6, "pos": [248, 21]}, "246;21": {"type": "movingtile", "variant": 6, "pos": [246, 21]}, "270;29": {"type": "movingtile", "variant": 4, "pos": [270, 29]}, "271;29": {"type": "movingtile", "variant": 4, "pos": [271, 29]}, "272;29": {"type": "movingtile", "variant": 4, "pos": [272, 29]}, "295;21": {"type": "movingtile", "variant": 7, "pos": [295, 21]}, "296;21": {"type": "movingtile", "variant": 7, "pos": [296, 21]}, "297;21": {"type": "movingtile", "variant": 7, "pos": [297, 21]}, "319;21": {"type": "movingtile", "variant": 6, "pos": [319, 21]}, "320;21": {"type": "movingtile", "variant": 6, "pos": [320, 21]}, "321;21": {"type": "movingtile", "variant": 6, "pos": [321, 21]}, "232;23": {"type": "decor/tree", "variant": 6, "pos": [232, 23]}, "233;23": {"type": "decor/tree", "variant": 6, "pos": [233, 23]}, "238;23": {"type": "decor/tree", "variant": 6, "pos": [238, 23]}, "258;23": {"type": "decor/tree", "variant": 6, "pos": [258, 23]}, "280;23": {"type": "decor/tree", "variant": 6, "pos": [280, 23]}, "283;23": {"type": "decor/tree", "variant": 6, "pos": [283, 23]}}, "tile_size": 16, "offgrid": [{"type": "spawners", "variant": 0, "pos": [88.4, 137.6]}, {"type": "decor/tree", "variant": 6, "pos": [2028.4, -127.8]}, {"type": "decor/tree", "variant": 5, "pos": [2721.8, 80.4]}, {"type": "decor/tree", "variant": 5, "pos": [2731.2, 80.19999999999999]}, {"type": "decor/tree", "variant": 5, "pos": [2120.8, -111.6]}, {"type": "decor/tree", "variant": 5, "pos": [2136.8, -111.19999999999999]}, {"type": "decor/tree", "variant": 5, "pos": [2152.0, -111.6]}, {"type": "decor/tree", "variant": 5, "pos": [2051.4, -111.6]}, {"type": "spawners", "variant": 2, "pos": [1970.4, -113.6]}, {"type": "spawners", "variant": 2, "pos": [2238.2, -193.6]}, {"type": "decor/firehole", "variant": 0, "pos": [2665.6, 48.0]}, {"type": "decor/firehole", "variant": 0, "pos": [3017.0, 144.6]}, {"type": "decor/firehole", "variant": 0, "pos": [2888.4, 144.6]}, {"type": "decor/firehole", "variant": 0, "pos": [3143.5, 144.0]}, {"type": "decor/firehole", "variant": 0, "pos": [3272.0, 144.0]}, {"type": "decor/firehole", "variant": 0, "pos": [4016.5, 80.0]}, {"type": "decor/firehole", "variant": 0, "pos": [4224.0, 80.5]}, {"type": "decor/firehole", "variant": 0, "pos": [4272.5, 80.0]}, {"type": "decor/firehole", "variant": 0, "pos": [4480.5, 80.0]}, {"type": "decor/firehole", "variant": 0, "pos": [4528.0, 80.5]}, {"type": "spawners", "variant": 2, "pos": [3814.5, 76.0]}, {"type": "spawners", "variant": 2, "pos": [2187.5, -114.5]}, {"type": "spawners", "variant": 2, "pos": [1897.0, -114.0]}, {"type": "decor/firehole", "variant": 0, "pos": [1410.5, -32.0]}, {"type": "decor/firehole", "variant": 0, "pos": [1473.0, -31.0]}, {"type": "decor/firehole", "variant": 0, "pos": [1537.0, -31.0]}, {"type": "decor/firehole", "variant": 0, "pos": [1682.0, -31.0]}, {"type": "decor/firehole", "variant": 0, "pos": [1745.0, -31.0]}, {"type": "decor/firehole", "variant": 0, "pos": [1810.0, -31.0]}, {"type": "spawners", "variant": 2, "pos": [1606.0, -67.0]}, {"type": "decor/firehole", "variant": 0, "pos": [3968.0, 80.0]}, {"type": "decor/firehole", "variant": 0, "pos": [4898.5, 385.0]}, {"type": "decor/firehole", "variant": 0, "pos": [4944.5, 385.0]}, {"type": "decor/firehole", "variant": 0, "pos": [4507.0, 384.5]}, {"type": "decor/firehole", "variant": 0, "pos": [4566.0, 384.0]}, {"type": "decor/firehole", "variant": 0, "pos": [4105.5, 384.0]}, {"type": "decor/firehole", "variant": 0, "pos": [4163.0, 384.0]}, {"type": "spawners", "variant": 2, "pos": [3766.0, 380.5]}, {"type": "spawners", "variant": 2, "pos": [4595.5, 381.0]}, {"type": "spawners", "variant": 2, "pos": [4871.5, 381.0]}, {"type": "spawners", "variant": 3, "pos": [2356.5, -9.0]}, {"type": "checkpoint", "variant": 0, "pos": [1175.5, -166.0]}, {"type": "checkpoint", "variant": 0, "pos": [2165.5, -293.5]}, {"type": "checkpoint", "variant": 0, "pos": [3991.0, 4.0]}]}