{"tilemap": {"0;10": {"type": "tropic", "variant": 7, "pos": [0, 10]}, "1;10": {"type": "tropic", "variant": 8, "pos": [1, 10]}, "2;10": {"type": "tropic", "variant": 8, "pos": [2, 10]}, "3;10": {"type": "tropic", "variant": 1, "pos": [3, 10]}, "4;10": {"type": "tropic", "variant": 1, "pos": [4, 10]}, "5;10": {"type": "tropic", "variant": 1, "pos": [5, 10]}, "6;10": {"type": "tropic", "variant": 1, "pos": [6, 10]}, "7;10": {"type": "tropic", "variant": 1, "pos": [7, 10]}, "8;10": {"type": "tropic", "variant": 1, "pos": [8, 10]}, "9;10": {"type": "tropic", "variant": 1, "pos": [9, 10]}, "12;10": {"type": "tropic", "variant": 1, "pos": [12, 10]}, "13;10": {"type": "tropic", "variant": 1, "pos": [13, 10]}, "13;11": {"type": "tropic", "variant": 5, "pos": [13, 11]}, "12;11": {"type": "tropic", "variant": 5, "pos": [12, 11]}, "9;11": {"type": "tropic", "variant": 5, "pos": [9, 11]}, "8;11": {"type": "tropic", "variant": 5, "pos": [8, 11]}, "7;11": {"type": "tropic", "variant": 5, "pos": [7, 11]}, "6;11": {"type": "tropic", "variant": 5, "pos": [6, 11]}, "5;11": {"type": "tropic", "variant": 5, "pos": [5, 11]}, "4;11": {"type": "tropic", "variant": 5, "pos": [4, 11]}, "3;11": {"type": "tropic", "variant": 5, "pos": [3, 11]}, "2;11": {"type": "tropic", "variant": 5, "pos": [2, 11]}, "1;11": {"type": "tropic", "variant": 5, "pos": [1, 11]}, "0;11": {"type": "tropic", "variant": 6, "pos": [0, 11]}, "14;10": {"type": "tropic", "variant": 1, "pos": [14, 10]}, "14;11": {"type": "tropic", "variant": 5, "pos": [14, 11]}, "15;10": {"type": "tropic", "variant": 1, "pos": [15, 10]}, "15;11": {"type": "tropic", "variant": 5, "pos": [15, 11]}, "0;9": {"type": "tropic", "variant": 7, "pos": [0, 9]}, "0;8": {"type": "tropic", "variant": 7, "pos": [0, 8]}, "0;7": {"type": "tropic", "variant": 7, "pos": [0, 7]}, "0;6": {"type": "tropic", "variant": 0, "pos": [0, 6]}, "1;6": {"type": "tropic", "variant": 1, "pos": [1, 6]}, "1;7": {"type": "tropic", "variant": 8, "pos": [1, 7]}, "1;8": {"type": "tropic", "variant": 8, "pos": [1, 8]}, "1;9": {"type": "tropic", "variant": 8, "pos": [1, 9]}, "2;6": {"type": "tropic", "variant": 2, "pos": [2, 6]}, "2;7": {"type": "tropic", "variant": 3, "pos": [2, 7]}, "2;8": {"type": "tropic", "variant": 3, "pos": [2, 8]}, "2;9": {"type": "tropic", "variant": 3, "pos": [2, 9]}, "16;10": {"type": "tropic", "variant": 1, "pos": [16, 10]}, "17;10": {"type": "tropic", "variant": 1, "pos": [17, 10]}, "17;11": {"type": "tropic", "variant": 5, "pos": [17, 11]}, "16;11": {"type": "tropic", "variant": 5, "pos": [16, 11]}, "10;10": {"type": "tropic", "variant": 1, "pos": [10, 10]}, "11;10": {"type": "tropic", "variant": 1, "pos": [11, 10]}, "11;11": {"type": "tropic", "variant": 5, "pos": [11, 11]}, "10;11": {"type": "tropic", "variant": 5, "pos": [10, 11]}, "78;10": {"type": "tropic", "variant": 1, "pos": [78, 10]}, "77;11": {"type": "tropic", "variant": 5, "pos": [77, 11]}, "80;11": {"type": "tropic", "variant": 5, "pos": [80, 11]}, "80;10": {"type": "tropic", "variant": 1, "pos": [80, 10]}, "79;10": {"type": "tropic", "variant": 1, "pos": [79, 10]}, "77;10": {"type": "tropic", "variant": 1, "pos": [77, 10]}, "78;11": {"type": "tropic", "variant": 5, "pos": [78, 11]}, "79;11": {"type": "tropic", "variant": 5, "pos": [79, 11]}, "76;10": {"type": "tropic", "variant": 1, "pos": [76, 10]}, "76;11": {"type": "tropic", "variant": 5, "pos": [76, 11]}, "328;21": {"type": "tropic", "variant": 0, "pos": [328, 21]}, "329;21": {"type": "tropic", "variant": 1, "pos": [329, 21]}, "330;21": {"type": "tropic", "variant": 1, "pos": [330, 21]}, "331;21": {"type": "tropic", "variant": 1, "pos": [331, 21]}, "332;21": {"type": "tropic", "variant": 1, "pos": [332, 21]}, "333;21": {"type": "tropic", "variant": 1, "pos": [333, 21]}, "334;21": {"type": "tropic", "variant": 1, "pos": [334, 21]}, "335;21": {"type": "tropic", "variant": 1, "pos": [335, 21]}, "336;21": {"type": "tropic", "variant": 1, "pos": [336, 21]}, "337;21": {"type": "tropic", "variant": 1, "pos": [337, 21]}, "338;21": {"type": "tropic", "variant": 1, "pos": [338, 21]}, "339;21": {"type": "tropic", "variant": 1, "pos": [339, 21]}, "339;22": {"type": "tropic", "variant": 5, "pos": [339, 22]}, "338;22": {"type": "tropic", "variant": 5, "pos": [338, 22]}, "337;22": {"type": "tropic", "variant": 5, "pos": [337, 22]}, "336;22": {"type": "tropic", "variant": 5, "pos": [336, 22]}, "335;22": {"type": "tropic", "variant": 5, "pos": [335, 22]}, "334;22": {"type": "tropic", "variant": 5, "pos": [334, 22]}, "333;22": {"type": "tropic", "variant": 5, "pos": [333, 22]}, "332;22": {"type": "tropic", "variant": 5, "pos": [332, 22]}, "331;22": {"type": "tropic", "variant": 5, "pos": [331, 22]}, "330;22": {"type": "tropic", "variant": 5, "pos": [330, 22]}, "329;22": {"type": "tropic", "variant": 5, "pos": [329, 22]}, "328;22": {"type": "tropic", "variant": 6, "pos": [328, 22]}, "340;21": {"type": "tropic", "variant": 1, "pos": [340, 21]}, "341;21": {"type": "tropic", "variant": 1, "pos": [341, 21]}, "343;21": {"type": "tropic", "variant": 1, "pos": [343, 21]}, "344;21": {"type": "tropic", "variant": 1, "pos": [344, 21]}, "345;21": {"type": "tropic", "variant": 1, "pos": [345, 21]}, "346;21": {"type": "tropic", "variant": 1, "pos": [346, 21]}, "347;21": {"type": "tropic", "variant": 1, "pos": [347, 21]}, "348;21": {"type": "tropic", "variant": 1, "pos": [348, 21]}, "349;21": {"type": "tropic", "variant": 1, "pos": [349, 21]}, "348;22": {"type": "tropic", "variant": 5, "pos": [348, 22]}, "347;22": {"type": "tropic", "variant": 5, "pos": [347, 22]}, "346;22": {"type": "tropic", "variant": 5, "pos": [346, 22]}, "345;22": {"type": "tropic", "variant": 5, "pos": [345, 22]}, "344;22": {"type": "tropic", "variant": 5, "pos": [344, 22]}, "343;22": {"type": "tropic", "variant": 5, "pos": [343, 22]}, "342;22": {"type": "tropic", "variant": 5, "pos": [342, 22]}, "341;22": {"type": "tropic", "variant": 5, "pos": [341, 22]}, "340;22": {"type": "tropic", "variant": 5, "pos": [340, 22]}, "342;21": {"type": "tropic", "variant": 1, "pos": [342, 21]}, "350;21": {"type": "tropic", "variant": 2, "pos": [350, 21]}, "350;22": {"type": "tropic", "variant": 4, "pos": [350, 22]}, "349;22": {"type": "tropic", "variant": 5, "pos": [349, 22]}, "344;19": {"type": "finishline", "variant": 0, "pos": [344, 19]}, "345;19": {"type": "finishline", "variant": 1, "pos": [345, 19]}, "344;20": {"type": "finishline", "variant": 2, "pos": [344, 20]}, "345;20": {"type": "finishline", "variant": 3, "pos": [345, 20]}, "11;8": {"type": "decor/tree", "variant": 2, "pos": [11, 8]}, "15;8": {"type": "decor/tree", "variant": 2, "pos": [15, 8]}, "16;8": {"type": "decor/tree", "variant": 2, "pos": [16, 8]}, "9;8": {"type": "decor/tree", "variant": 2, "pos": [9, 8]}, "8;8": {"type": "decor/tree", "variant": 2, "pos": [8, 8]}, "21;10": {"type": "tropic", "variant": 1, "pos": [21, 10]}, "22;10": {"type": "tropic", "variant": 1, "pos": [22, 10]}, "23;10": {"type": "tropic", "variant": 1, "pos": [23, 10]}, "24;10": {"type": "tropic", "variant": 1, "pos": [24, 10]}, "25;10": {"type": "tropic", "variant": 1, "pos": [25, 10]}, "26;10": {"type": "tropic", "variant": 1, "pos": [26, 10]}, "27;10": {"type": "tropic", "variant": 2, "pos": [27, 10]}, "27;11": {"type": "decor/fireswing", "variant": 0, "pos": [27, 11]}, "26;11": {"type": "tropic", "variant": 5, "pos": [26, 11]}, "25;11": {"type": "tropic", "variant": 5, "pos": [25, 11]}, "24;11": {"type": "tropic", "variant": 5, "pos": [24, 11]}, "23;11": {"type": "tropic", "variant": 5, "pos": [23, 11]}, "22;11": {"type": "tropic", "variant": 5, "pos": [22, 11]}, "21;11": {"type": "tropic", "variant": 5, "pos": [21, 11]}, "26;19": {"type": "tropic", "variant": 6, "pos": [26, 19]}, "27;19": {"type": "tropic", "variant": 5, "pos": [27, 19]}, "28;19": {"type": "tropic", "variant": 5, "pos": [28, 19]}, "29;19": {"type": "tropic", "variant": 5, "pos": [29, 19]}, "30;19": {"type": "tropic", "variant": 5, "pos": [30, 19]}, "31;19": {"type": "tropic", "variant": 5, "pos": [31, 19]}, "31;18": {"type": "tropic", "variant": 1, "pos": [31, 18]}, "32;19": {"type": "tropic", "variant": 5, "pos": [32, 19]}, "33;19": {"type": "tropic", "variant": 5, "pos": [33, 19]}, "34;19": {"type": "tropic", "variant": 5, "pos": [34, 19]}, "35;19": {"type": "tropic", "variant": 5, "pos": [35, 19]}, "35;18": {"type": "tropic", "variant": 1, "pos": [35, 18]}, "36;18": {"type": "tropic", "variant": 1, "pos": [36, 18]}, "37;18": {"type": "tropic", "variant": 1, "pos": [37, 18]}, "38;18": {"type": "tropic", "variant": 1, "pos": [38, 18]}, "39;18": {"type": "tropic", "variant": 1, "pos": [39, 18]}, "40;18": {"type": "tropic", "variant": 1, "pos": [40, 18]}, "41;18": {"type": "tropic", "variant": 8, "pos": [41, 18]}, "42;18": {"type": "tropic", "variant": 8, "pos": [42, 18]}, "42;19": {"type": "tropic", "variant": 5, "pos": [42, 19]}, "41;19": {"type": "tropic", "variant": 5, "pos": [41, 19]}, "40;19": {"type": "tropic", "variant": 5, "pos": [40, 19]}, "39;19": {"type": "tropic", "variant": 5, "pos": [39, 19]}, "38;19": {"type": "tropic", "variant": 5, "pos": [38, 19]}, "37;19": {"type": "tropic", "variant": 5, "pos": [37, 19]}, "36;19": {"type": "tropic", "variant": 5, "pos": [36, 19]}, "26;18": {"type": "tropic", "variant": 0, "pos": [26, 18]}, "27;18": {"type": "tropic", "variant": 1, "pos": [27, 18]}, "28;18": {"type": "tropic", "variant": 1, "pos": [28, 18]}, "29;18": {"type": "tropic", "variant": 1, "pos": [29, 18]}, "30;18": {"type": "tropic", "variant": 1, "pos": [30, 18]}, "32;18": {"type": "tropic", "variant": 1, "pos": [32, 18]}, "33;18": {"type": "tropic", "variant": 1, "pos": [33, 18]}, "34;18": {"type": "tropic", "variant": 1, "pos": [34, 18]}, "42;17": {"type": "tropic", "variant": 3, "pos": [42, 17]}, "42;16": {"type": "tropic", "variant": 3, "pos": [42, 16]}, "42;15": {"type": "tropic", "variant": 2, "pos": [42, 15]}, "41;15": {"type": "tropic", "variant": 0, "pos": [41, 15]}, "41;16": {"type": "tropic", "variant": 7, "pos": [41, 16]}, "41;17": {"type": "tropic", "variant": 7, "pos": [41, 17]}, "46;19": {"type": "tropic", "variant": 5, "pos": [46, 19]}, "46;18": {"type": "tropic", "variant": 8, "pos": [46, 18]}, "47;17": {"type": "tropic", "variant": 3, "pos": [47, 17]}, "47;16": {"type": "tropic", "variant": 3, "pos": [47, 16]}, "46;16": {"type": "tropic", "variant": 7, "pos": [46, 16]}, "46;17": {"type": "tropic", "variant": 7, "pos": [46, 17]}, "46;15": {"type": "tropic", "variant": 7, "pos": [46, 15]}, "46;14": {"type": "tropic", "variant": 7, "pos": [46, 14]}, "46;13": {"type": "tropic", "variant": 7, "pos": [46, 13]}, "46;12": {"type": "decor/fireswing", "variant": 0, "pos": [46, 12]}, "46;11": {"type": "tropic", "variant": 7, "pos": [46, 11]}, "46;10": {"type": "tropic", "variant": 0, "pos": [46, 10]}, "47;10": {"type": "tropic", "variant": 1, "pos": [47, 10]}, "47;11": {"type": "tropic", "variant": 8, "pos": [47, 11]}, "47;12": {"type": "tropic", "variant": 3, "pos": [47, 12]}, "47;13": {"type": "tropic", "variant": 3, "pos": [47, 13]}, "47;14": {"type": "tropic", "variant": 3, "pos": [47, 14]}, "47;15": {"type": "tropic", "variant": 3, "pos": [47, 15]}, "47;18": {"type": "tropic", "variant": 3, "pos": [47, 18]}, "47;19": {"type": "tropic", "variant": 4, "pos": [47, 19]}, "42;11": {"type": "tropic", "variant": 4, "pos": [42, 11]}, "41;11": {"type": "tropic", "variant": 6, "pos": [41, 11]}, "41;10": {"type": "tropic", "variant": 7, "pos": [41, 10]}, "41;9": {"type": "tropic", "variant": 7, "pos": [41, 9]}, "41;8": {"type": "tropic", "variant": 7, "pos": [41, 8]}, "41;7": {"type": "tropic", "variant": 0, "pos": [41, 7]}, "42;7": {"type": "tropic", "variant": 2, "pos": [42, 7]}, "42;8": {"type": "tropic", "variant": 3, "pos": [42, 8]}, "42;9": {"type": "tropic", "variant": 3, "pos": [42, 9]}, "42;10": {"type": "tropic", "variant": 3, "pos": [42, 10]}, "48;10": {"type": "tropic", "variant": 1, "pos": [48, 10]}, "49;10": {"type": "tropic", "variant": 1, "pos": [49, 10]}, "50;10": {"type": "tropic", "variant": 1, "pos": [50, 10]}, "51;10": {"type": "tropic", "variant": 1, "pos": [51, 10]}, "52;10": {"type": "tropic", "variant": 1, "pos": [52, 10]}, "53;10": {"type": "tropic", "variant": 1, "pos": [53, 10]}, "54;10": {"type": "tropic", "variant": 1, "pos": [54, 10]}, "55;10": {"type": "tropic", "variant": 2, "pos": [55, 10]}, "55;11": {"type": "tropic", "variant": 3, "pos": [55, 11]}, "54;11": {"type": "tropic", "variant": 8, "pos": [54, 11]}, "53;11": {"type": "tropic", "variant": 5, "pos": [53, 11]}, "52;11": {"type": "tropic", "variant": 5, "pos": [52, 11]}, "51;11": {"type": "tropic", "variant": 5, "pos": [51, 11]}, "50;11": {"type": "tropic", "variant": 5, "pos": [50, 11]}, "49;11": {"type": "tropic", "variant": 5, "pos": [49, 11]}, "48;11": {"type": "tropic", "variant": 5, "pos": [48, 11]}, "62;10": {"type": "tropic", "variant": 1, "pos": [62, 10]}, "63;10": {"type": "tropic", "variant": 1, "pos": [63, 10]}, "64;10": {"type": "tropic", "variant": 1, "pos": [64, 10]}, "65;10": {"type": "tropic", "variant": 1, "pos": [65, 10]}, "66;10": {"type": "tropic", "variant": 1, "pos": [66, 10]}, "67;10": {"type": "tropic", "variant": 1, "pos": [67, 10]}, "68;10": {"type": "tropic", "variant": 2, "pos": [68, 10]}, "68;11": {"type": "tropic", "variant": 3, "pos": [68, 11]}, "67;11": {"type": "tropic", "variant": 8, "pos": [67, 11]}, "66;11": {"type": "tropic", "variant": 5, "pos": [66, 11]}, "65;11": {"type": "tropic", "variant": 5, "pos": [65, 11]}, "64;11": {"type": "tropic", "variant": 5, "pos": [64, 11]}, "63;11": {"type": "tropic", "variant": 5, "pos": [63, 11]}, "62;11": {"type": "tropic", "variant": 5, "pos": [62, 11]}, "55;12": {"type": "decor/fireswing", "variant": 0, "pos": [55, 12]}, "55;13": {"type": "tropic", "variant": 3, "pos": [55, 13]}, "55;14": {"type": "tropic", "variant": 3, "pos": [55, 14]}, "55;15": {"type": "tropic", "variant": 3, "pos": [55, 15]}, "55;16": {"type": "tropic", "variant": 3, "pos": [55, 16]}, "55;17": {"type": "tropic", "variant": 3, "pos": [55, 17]}, "55;18": {"type": "tropic", "variant": 8, "pos": [55, 18]}, "55;19": {"type": "tropic", "variant": 5, "pos": [55, 19]}, "59;19": {"type": "tropic", "variant": 5, "pos": [59, 19]}, "59;18": {"type": "tropic", "variant": 8, "pos": [59, 18]}, "59;17": {"type": "tropic", "variant": 7, "pos": [59, 17]}, "59;16": {"type": "tropic", "variant": 7, "pos": [59, 16]}, "59;15": {"type": "tropic", "variant": 7, "pos": [59, 15]}, "59;14": {"type": "tropic", "variant": 7, "pos": [59, 14]}, "59;13": {"type": "tropic", "variant": 7, "pos": [59, 13]}, "59;12": {"type": "decor/fireswing", "variant": 0, "pos": [59, 12]}, "59;11": {"type": "tropic", "variant": 7, "pos": [59, 11]}, "59;10": {"type": "tropic", "variant": 0, "pos": [59, 10]}, "60;10": {"type": "tropic", "variant": 1, "pos": [60, 10]}, "60;11": {"type": "tropic", "variant": 8, "pos": [60, 11]}, "60;12": {"type": "tropic", "variant": 3, "pos": [60, 12]}, "60;13": {"type": "tropic", "variant": 3, "pos": [60, 13]}, "60;14": {"type": "tropic", "variant": 3, "pos": [60, 14]}, "60;15": {"type": "tropic", "variant": 3, "pos": [60, 15]}, "60;16": {"type": "tropic", "variant": 3, "pos": [60, 16]}, "60;19": {"type": "tropic", "variant": 4, "pos": [60, 19]}, "60;18": {"type": "tropic", "variant": 3, "pos": [60, 18]}, "60;17": {"type": "tropic", "variant": 3, "pos": [60, 17]}, "61;11": {"type": "tropic", "variant": 5, "pos": [61, 11]}, "61;10": {"type": "tropic", "variant": 1, "pos": [61, 10]}, "54;12": {"type": "tropic", "variant": 7, "pos": [54, 12]}, "54;13": {"type": "tropic", "variant": 7, "pos": [54, 13]}, "54;14": {"type": "tropic", "variant": 7, "pos": [54, 14]}, "54;15": {"type": "tropic", "variant": 7, "pos": [54, 15]}, "54;16": {"type": "tropic", "variant": 7, "pos": [54, 16]}, "54;17": {"type": "tropic", "variant": 7, "pos": [54, 17]}, "54;18": {"type": "tropic", "variant": 7, "pos": [54, 18]}, "54;19": {"type": "tropic", "variant": 6, "pos": [54, 19]}, "67;12": {"type": "tropic", "variant": 7, "pos": [67, 12]}, "67;13": {"type": "tropic", "variant": 7, "pos": [67, 13]}, "67;14": {"type": "tropic", "variant": 7, "pos": [67, 14]}, "67;15": {"type": "tropic", "variant": 7, "pos": [67, 15]}, "67;16": {"type": "tropic", "variant": 7, "pos": [67, 16]}, "68;16": {"type": "tropic", "variant": 3, "pos": [68, 16]}, "68;17": {"type": "tropic", "variant": 3, "pos": [68, 17]}, "68;18": {"type": "tropic", "variant": 8, "pos": [68, 18]}, "68;19": {"type": "tropic", "variant": 5, "pos": [68, 19]}, "68;15": {"type": "tropic", "variant": 3, "pos": [68, 15]}, "68;14": {"type": "tropic", "variant": 3, "pos": [68, 14]}, "68;13": {"type": "tropic", "variant": 3, "pos": [68, 13]}, "68;12": {"type": "decor/fireswing", "variant": 0, "pos": [68, 12]}, "67;17": {"type": "tropic", "variant": 7, "pos": [67, 17]}, "67;18": {"type": "tropic", "variant": 7, "pos": [67, 18]}, "67;19": {"type": "tropic", "variant": 6, "pos": [67, 19]}, "72;19": {"type": "tropic", "variant": 5, "pos": [72, 19]}, "72;18": {"type": "tropic", "variant": 8, "pos": [72, 18]}, "72;17": {"type": "tropic", "variant": 7, "pos": [72, 17]}, "72;16": {"type": "tropic", "variant": 7, "pos": [72, 16]}, "72;15": {"type": "tropic", "variant": 7, "pos": [72, 15]}, "72;14": {"type": "tropic", "variant": 7, "pos": [72, 14]}, "72;13": {"type": "tropic", "variant": 7, "pos": [72, 13]}, "72;12": {"type": "decor/fireswing", "variant": 0, "pos": [72, 12]}, "72;11": {"type": "tropic", "variant": 7, "pos": [72, 11]}, "72;10": {"type": "tropic", "variant": 0, "pos": [72, 10]}, "73;10": {"type": "tropic", "variant": 1, "pos": [73, 10]}, "73;11": {"type": "tropic", "variant": 8, "pos": [73, 11]}, "73;12": {"type": "tropic", "variant": 3, "pos": [73, 12]}, "73;13": {"type": "tropic", "variant": 3, "pos": [73, 13]}, "73;14": {"type": "tropic", "variant": 3, "pos": [73, 14]}, "73;15": {"type": "tropic", "variant": 3, "pos": [73, 15]}, "73;16": {"type": "tropic", "variant": 3, "pos": [73, 16]}, "73;17": {"type": "tropic", "variant": 3, "pos": [73, 17]}, "73;18": {"type": "tropic", "variant": 3, "pos": [73, 18]}, "73;19": {"type": "tropic", "variant": 4, "pos": [73, 19]}, "74;11": {"type": "tropic", "variant": 5, "pos": [74, 11]}, "75;11": {"type": "tropic", "variant": 5, "pos": [75, 11]}, "75;10": {"type": "tropic", "variant": 1, "pos": [75, 10]}, "74;10": {"type": "tropic", "variant": 1, "pos": [74, 10]}, "29;17": {"type": "decor/tree", "variant": 0, "pos": [29, 17]}, "28;17": {"type": "decor/tree", "variant": 0, "pos": [28, 17]}, "15;9": {"type": "decor/tree", "variant": 0, "pos": [15, 9]}, "26;9": {"type": "decor/tree", "variant": 0, "pos": [26, 9]}, "25;9": {"type": "decor/tree", "variant": 0, "pos": [25, 9]}, "31;16": {"type": "decor/tree", "variant": 2, "pos": [31, 16]}, "32;16": {"type": "decor/tree", "variant": 2, "pos": [32, 16]}, "33;16": {"type": "decor/tree", "variant": 2, "pos": [33, 16]}, "35;16": {"type": "decor/tree", "variant": 2, "pos": [35, 16]}, "36;16": {"type": "decor/tree", "variant": 2, "pos": [36, 16]}, "37;16": {"type": "decor/tree", "variant": 2, "pos": [37, 16]}, "39;16": {"type": "decor/tree", "variant": 2, "pos": [39, 16]}, "38;16": {"type": "decor/tree", "variant": 2, "pos": [38, 16]}, "49;8": {"type": "decor/tree", "variant": 2, "pos": [49, 8]}, "50;8": {"type": "decor/tree", "variant": 2, "pos": [50, 8]}, "51;8": {"type": "decor/tree", "variant": 2, "pos": [51, 8]}, "47;8": {"type": "decor/tree", "variant": 2, "pos": [47, 8]}, "53;8": {"type": "decor/tree", "variant": 2, "pos": [53, 8]}, "52;8": {"type": "decor/tree", "variant": 2, "pos": [52, 8]}, "66;8": {"type": "decor/tree", "variant": 2, "pos": [66, 8]}, "65;8": {"type": "decor/tree", "variant": 2, "pos": [65, 8]}, "73;8": {"type": "decor/tree", "variant": 2, "pos": [73, 8]}, "62;8": {"type": "decor/tropic_tree", "variant": 4, "pos": [62, 8]}, "61;8": {"type": "decor/tropic_tree", "variant": 3, "pos": [61, 8]}, "62;7": {"type": "decor/tropic_tree", "variant": 1, "pos": [62, 7]}, "61;7": {"type": "decor/tropic_tree", "variant": 0, "pos": [61, 7]}, "63;7": {"type": "decor/tropic_tree", "variant": 2, "pos": [63, 7]}, "63;8": {"type": "decor/tropic_tree", "variant": 5, "pos": [63, 8]}, "62;9": {"type": "decor/tropic_tree", "variant": 11, "pos": [62, 9]}, "64;9": {"type": "decor/tree", "variant": 0, "pos": [64, 9]}, "63;9": {"type": "decor/tropic_tree", "variant": 12, "pos": [63, 9]}, "18;10": {"type": "tropic", "variant": 1, "pos": [18, 10]}, "19;10": {"type": "tropic", "variant": 1, "pos": [19, 10]}, "20;10": {"type": "tropic", "variant": 1, "pos": [20, 10]}, "20;11": {"type": "tropic", "variant": 5, "pos": [20, 11]}, "19;11": {"type": "tropic", "variant": 5, "pos": [19, 11]}, "18;11": {"type": "tropic", "variant": 5, "pos": [18, 11]}, "43;18": {"type": "tropic", "variant": 1, "pos": [43, 18]}, "44;18": {"type": "tropic", "variant": 1, "pos": [44, 18]}, "45;18": {"type": "tropic", "variant": 1, "pos": [45, 18]}, "45;19": {"type": "tropic", "variant": 5, "pos": [45, 19]}, "44;19": {"type": "tropic", "variant": 5, "pos": [44, 19]}, "43;19": {"type": "tropic", "variant": 5, "pos": [43, 19]}, "56;18": {"type": "tropic", "variant": 1, "pos": [56, 18]}, "57;18": {"type": "tropic", "variant": 1, "pos": [57, 18]}, "58;18": {"type": "tropic", "variant": 1, "pos": [58, 18]}, "58;19": {"type": "tropic", "variant": 5, "pos": [58, 19]}, "57;19": {"type": "tropic", "variant": 5, "pos": [57, 19]}, "56;19": {"type": "tropic", "variant": 5, "pos": [56, 19]}, "69;18": {"type": "tropic", "variant": 1, "pos": [69, 18]}, "70;18": {"type": "tropic", "variant": 1, "pos": [70, 18]}, "71;18": {"type": "tropic", "variant": 1, "pos": [71, 18]}, "71;19": {"type": "tropic", "variant": 5, "pos": [71, 19]}, "70;19": {"type": "tropic", "variant": 5, "pos": [70, 19]}, "69;19": {"type": "tropic", "variant": 5, "pos": [69, 19]}, "81;11": {"type": "tropic", "variant": 5, "pos": [81, 11]}, "81;10": {"type": "tropic", "variant": 1, "pos": [81, 10]}, "82;10": {"type": "tropic", "variant": 1, "pos": [82, 10]}, "82;11": {"type": "tropic", "variant": 5, "pos": [82, 11]}, "83;11": {"type": "tropic", "variant": 5, "pos": [83, 11]}, "83;10": {"type": "tropic", "variant": 1, "pos": [83, 10]}, "84;10": {"type": "tropic", "variant": 1, "pos": [84, 10]}, "84;11": {"type": "tropic", "variant": 5, "pos": [84, 11]}, "85;11": {"type": "tropic", "variant": 5, "pos": [85, 11]}, "85;10": {"type": "tropic", "variant": 1, "pos": [85, 10]}, "86;10": {"type": "tropic", "variant": 1, "pos": [86, 10]}, "86;11": {"type": "tropic", "variant": 5, "pos": [86, 11]}, "83;6": {"type": "tropic", "variant": 6, "pos": [83, 6]}, "83;5": {"type": "tropic", "variant": 7, "pos": [83, 5]}, "83;4": {"type": "tropic", "variant": 7, "pos": [83, 4]}, "83;3": {"type": "tropic", "variant": 7, "pos": [83, 3]}, "83;2": {"type": "tropic", "variant": 7, "pos": [83, 2]}, "83;1": {"type": "tropic", "variant": 7, "pos": [83, 1]}, "83;0": {"type": "tropic", "variant": 0, "pos": [83, 0]}, "84;0": {"type": "tropic", "variant": 1, "pos": [84, 0]}, "84;1": {"type": "tropic", "variant": 8, "pos": [84, 1]}, "84;2": {"type": "tropic", "variant": 3, "pos": [84, 2]}, "84;3": {"type": "tropic", "variant": 3, "pos": [84, 3]}, "84;4": {"type": "tropic", "variant": 3, "pos": [84, 4]}, "84;5": {"type": "tropic", "variant": 8, "pos": [84, 5]}, "84;6": {"type": "tropic", "variant": 5, "pos": [84, 6]}, "85;5": {"type": "tropic", "variant": 1, "pos": [85, 5]}, "86;5": {"type": "tropic", "variant": 1, "pos": [86, 5]}, "87;5": {"type": "tropic", "variant": 1, "pos": [87, 5]}, "88;5": {"type": "tropic", "variant": 1, "pos": [88, 5]}, "89;5": {"type": "tropic", "variant": 1, "pos": [89, 5]}, "90;5": {"type": "tropic", "variant": 1, "pos": [90, 5]}, "91;5": {"type": "tropic", "variant": 1, "pos": [91, 5]}, "92;5": {"type": "tropic", "variant": 1, "pos": [92, 5]}, "93;5": {"type": "tropic", "variant": 1, "pos": [93, 5]}, "94;5": {"type": "tropic", "variant": 1, "pos": [94, 5]}, "95;5": {"type": "tropic", "variant": 1, "pos": [95, 5]}, "96;5": {"type": "tropic", "variant": 1, "pos": [96, 5]}, "97;5": {"type": "tropic", "variant": 1, "pos": [97, 5]}, "98;5": {"type": "tropic", "variant": 1, "pos": [98, 5]}, "99;5": {"type": "tropic", "variant": 1, "pos": [99, 5]}, "100;5": {"type": "tropic", "variant": 1, "pos": [100, 5]}, "101;5": {"type": "tropic", "variant": 1, "pos": [101, 5]}, "102;5": {"type": "tropic", "variant": 1, "pos": [102, 5]}, "103;5": {"type": "tropic", "variant": 1, "pos": [103, 5]}, "104;5": {"type": "tropic", "variant": 1, "pos": [104, 5]}, "105;5": {"type": "tropic", "variant": 1, "pos": [105, 5]}, "106;5": {"type": "tropic", "variant": 1, "pos": [106, 5]}, "107;5": {"type": "tropic", "variant": 1, "pos": [107, 5]}, "108;5": {"type": "tropic", "variant": 1, "pos": [108, 5]}, "109;5": {"type": "tropic", "variant": 8, "pos": [109, 5]}, "110;5": {"type": "tropic", "variant": 3, "pos": [110, 5]}, "110;6": {"type": "tropic", "variant": 4, "pos": [110, 6]}, "109;6": {"type": "tropic", "variant": 5, "pos": [109, 6]}, "108;6": {"type": "tropic", "variant": 5, "pos": [108, 6]}, "107;6": {"type": "tropic", "variant": 5, "pos": [107, 6]}, "106;6": {"type": "tropic", "variant": 5, "pos": [106, 6]}, "105;6": {"type": "tropic", "variant": 5, "pos": [105, 6]}, "104;6": {"type": "tropic", "variant": 5, "pos": [104, 6]}, "103;6": {"type": "tropic", "variant": 5, "pos": [103, 6]}, "102;6": {"type": "tropic", "variant": 5, "pos": [102, 6]}, "101;6": {"type": "tropic", "variant": 5, "pos": [101, 6]}, "100;6": {"type": "tropic", "variant": 5, "pos": [100, 6]}, "99;6": {"type": "decor/fireswing", "variant": 0, "pos": [99, 6]}, "98;6": {"type": "tropic", "variant": 5, "pos": [98, 6]}, "97;6": {"type": "tropic", "variant": 5, "pos": [97, 6]}, "96;6": {"type": "tropic", "variant": 5, "pos": [96, 6]}, "95;6": {"type": "tropic", "variant": 5, "pos": [95, 6]}, "94;6": {"type": "tropic", "variant": 5, "pos": [94, 6]}, "93;6": {"type": "tropic", "variant": 5, "pos": [93, 6]}, "92;6": {"type": "tropic", "variant": 5, "pos": [92, 6]}, "91;6": {"type": "tropic", "variant": 5, "pos": [91, 6]}, "90;6": {"type": "tropic", "variant": 5, "pos": [90, 6]}, "89;6": {"type": "tropic", "variant": 5, "pos": [89, 6]}, "88;6": {"type": "tropic", "variant": 5, "pos": [88, 6]}, "87;6": {"type": "tropic", "variant": 5, "pos": [87, 6]}, "86;6": {"type": "tropic", "variant": 5, "pos": [86, 6]}, "85;6": {"type": "decor/fireswing", "variant": 0, "pos": [85, 6]}, "87;10": {"type": "tropic", "variant": 1, "pos": [87, 10]}, "88;10": {"type": "tropic", "variant": 1, "pos": [88, 10]}, "89;10": {"type": "tropic", "variant": 1, "pos": [89, 10]}, "90;10": {"type": "tropic", "variant": 1, "pos": [90, 10]}, "91;10": {"type": "tropic", "variant": 1, "pos": [91, 10]}, "92;10": {"type": "decor/fireswing", "variant": 0, "pos": [92, 10]}, "93;10": {"type": "tropic", "variant": 1, "pos": [93, 10]}, "94;10": {"type": "tropic", "variant": 1, "pos": [94, 10]}, "95;10": {"type": "tropic", "variant": 1, "pos": [95, 10]}, "96;10": {"type": "tropic", "variant": 1, "pos": [96, 10]}, "97;10": {"type": "tropic", "variant": 1, "pos": [97, 10]}, "98;10": {"type": "tropic", "variant": 1, "pos": [98, 10]}, "99;10": {"type": "tropic", "variant": 1, "pos": [99, 10]}, "100;10": {"type": "tropic", "variant": 1, "pos": [100, 10]}, "101;10": {"type": "tropic", "variant": 1, "pos": [101, 10]}, "102;10": {"type": "tropic", "variant": 1, "pos": [102, 10]}, "103;10": {"type": "tropic", "variant": 1, "pos": [103, 10]}, "104;10": {"type": "tropic", "variant": 1, "pos": [104, 10]}, "105;10": {"type": "tropic", "variant": 1, "pos": [105, 10]}, "106;10": {"type": "decor/fireswing", "variant": 0, "pos": [106, 10]}, "107;10": {"type": "tropic", "variant": 1, "pos": [107, 10]}, "108;10": {"type": "tropic", "variant": 1, "pos": [108, 10]}, "109;10": {"type": "tropic", "variant": 1, "pos": [109, 10]}, "110;10": {"type": "tropic", "variant": 1, "pos": [110, 10]}, "111;10": {"type": "tropic", "variant": 1, "pos": [111, 10]}, "110;11": {"type": "tropic", "variant": 5, "pos": [110, 11]}, "109;11": {"type": "tropic", "variant": 5, "pos": [109, 11]}, "108;11": {"type": "tropic", "variant": 5, "pos": [108, 11]}, "107;11": {"type": "tropic", "variant": 5, "pos": [107, 11]}, "106;11": {"type": "tropic", "variant": 5, "pos": [106, 11]}, "105;11": {"type": "tropic", "variant": 5, "pos": [105, 11]}, "103;11": {"type": "tropic", "variant": 5, "pos": [103, 11]}, "102;11": {"type": "tropic", "variant": 5, "pos": [102, 11]}, "101;11": {"type": "tropic", "variant": 5, "pos": [101, 11]}, "100;11": {"type": "tropic", "variant": 5, "pos": [100, 11]}, "99;11": {"type": "tropic", "variant": 5, "pos": [99, 11]}, "98;11": {"type": "tropic", "variant": 5, "pos": [98, 11]}, "97;11": {"type": "tropic", "variant": 5, "pos": [97, 11]}, "96;11": {"type": "tropic", "variant": 5, "pos": [96, 11]}, "95;11": {"type": "tropic", "variant": 5, "pos": [95, 11]}, "94;11": {"type": "tropic", "variant": 5, "pos": [94, 11]}, "93;11": {"type": "tropic", "variant": 5, "pos": [93, 11]}, "92;11": {"type": "tropic", "variant": 5, "pos": [92, 11]}, "91;11": {"type": "tropic", "variant": 5, "pos": [91, 11]}, "90;11": {"type": "tropic", "variant": 5, "pos": [90, 11]}, "89;11": {"type": "tropic", "variant": 5, "pos": [89, 11]}, "88;11": {"type": "tropic", "variant": 5, "pos": [88, 11]}, "87;11": {"type": "tropic", "variant": 5, "pos": [87, 11]}, "104;11": {"type": "tropic", "variant": 5, "pos": [104, 11]}, "111;11": {"type": "tropic", "variant": 5, "pos": [111, 11]}, "109;4": {"type": "tropic", "variant": 7, "pos": [109, 4]}, "109;3": {"type": "tropic", "variant": 7, "pos": [109, 3]}, "109;2": {"type": "tropic", "variant": 7, "pos": [109, 2]}, "109;1": {"type": "tropic", "variant": 8, "pos": [109, 1]}, "109;0": {"type": "tropic", "variant": 1, "pos": [109, 0]}, "110;0": {"type": "tropic", "variant": 2, "pos": [110, 0]}, "110;1": {"type": "tropic", "variant": 3, "pos": [110, 1]}, "110;2": {"type": "tropic", "variant": 3, "pos": [110, 2]}, "110;3": {"type": "tropic", "variant": 3, "pos": [110, 3]}, "110;4": {"type": "tropic", "variant": 3, "pos": [110, 4]}, "85;1": {"type": "tropic", "variant": 5, "pos": [85, 1]}, "86;1": {"type": "tropic", "variant": 5, "pos": [86, 1]}, "87;1": {"type": "tropic", "variant": 5, "pos": [87, 1]}, "87;0": {"type": "tropic", "variant": 8, "pos": [87, 0]}, "86;0": {"type": "tropic", "variant": 1, "pos": [86, 0]}, "85;0": {"type": "tropic", "variant": 1, "pos": [85, 0]}, "88;1": {"type": "tropic", "variant": 4, "pos": [88, 1]}, "88;0": {"type": "tropic", "variant": 3, "pos": [88, 0]}, "88;-1": {"type": "tropic", "variant": 3, "pos": [88, -1]}, "88;-2": {"type": "tropic", "variant": 2, "pos": [88, -2]}, "87;-2": {"type": "tropic", "variant": 0, "pos": [87, -2]}, "87;-1": {"type": "tropic", "variant": 7, "pos": [87, -1]}, "108;1": {"type": "tropic", "variant": 5, "pos": [108, 1]}, "107;1": {"type": "tropic", "variant": 5, "pos": [107, 1]}, "106;1": {"type": "tropic", "variant": 5, "pos": [106, 1]}, "106;0": {"type": "tropic", "variant": 8, "pos": [106, 0]}, "107;0": {"type": "tropic", "variant": 1, "pos": [107, 0]}, "108;0": {"type": "tropic", "variant": 1, "pos": [108, 0]}, "106;-1": {"type": "tropic", "variant": 3, "pos": [106, -1]}, "106;-2": {"type": "tropic", "variant": 2, "pos": [106, -2]}, "105;-2": {"type": "tropic", "variant": 0, "pos": [105, -2]}, "105;-1": {"type": "tropic", "variant": 7, "pos": [105, -1]}, "105;0": {"type": "tropic", "variant": 7, "pos": [105, 0]}, "105;1": {"type": "tropic", "variant": 6, "pos": [105, 1]}, "112;10": {"type": "tropic", "variant": 1, "pos": [112, 10]}, "112;11": {"type": "tropic", "variant": 5, "pos": [112, 11]}, "113;11": {"type": "tropic", "variant": 5, "pos": [113, 11]}, "114;11": {"type": "tropic", "variant": 5, "pos": [114, 11]}, "115;11": {"type": "tropic", "variant": 5, "pos": [115, 11]}, "116;11": {"type": "tropic", "variant": 5, "pos": [116, 11]}, "116;10": {"type": "tropic", "variant": 1, "pos": [116, 10]}, "115;10": {"type": "tropic", "variant": 1, "pos": [115, 10]}, "114;10": {"type": "tropic", "variant": 1, "pos": [114, 10]}, "113;10": {"type": "tropic", "variant": 1, "pos": [113, 10]}, "117;10": {"type": "tropic", "variant": 1, "pos": [117, 10]}, "118;10": {"type": "decor/fireswing", "variant": 0, "pos": [118, 10]}, "118;11": {"type": "tropic", "variant": 3, "pos": [118, 11]}, "117;11": {"type": "tropic", "variant": 8, "pos": [117, 11]}, "123;10": {"type": "movingtile", "variant": 0, "pos": [123, 10]}, "124;10": {"type": "movingtile", "variant": 0, "pos": [124, 10]}, "125;10": {"type": "movingtile", "variant": 0, "pos": [125, 10]}, "126;10": {"type": "movingtile", "variant": 0, "pos": [126, 10]}, "142;10": {"type": "movingtile", "variant": 0, "pos": [142, 10]}, "143;10": {"type": "movingtile", "variant": 0, "pos": [143, 10]}, "144;10": {"type": "movingtile", "variant": 0, "pos": [144, 10]}, "145;10": {"type": "movingtile", "variant": 0, "pos": [145, 10]}, "135;10": {"type": "movingtile", "variant": 1, "pos": [135, 10]}, "134;10": {"type": "movingtile", "variant": 1, "pos": [134, 10]}, "133;10": {"type": "movingtile", "variant": 1, "pos": [133, 10]}, "153;10": {"type": "movingtile", "variant": 1, "pos": [153, 10]}, "154;10": {"type": "movingtile", "variant": 1, "pos": [154, 10]}, "155;10": {"type": "movingtile", "variant": 1, "pos": [155, 10]}, "127;4": {"type": "tropic", "variant": 6, "pos": [127, 4]}, "128;4": {"type": "tropic", "variant": 5, "pos": [128, 4]}, "129;4": {"type": "decor/fireswing", "variant": 0, "pos": [129, 4]}, "130;4": {"type": "tropic", "variant": 5, "pos": [130, 4]}, "131;4": {"type": "tropic", "variant": 4, "pos": [131, 4]}, "131;3": {"type": "tropic", "variant": 2, "pos": [131, 3]}, "130;3": {"type": "tropic", "variant": 1, "pos": [130, 3]}, "129;3": {"type": "tropic", "variant": 1, "pos": [129, 3]}, "128;3": {"type": "tropic", "variant": 1, "pos": [128, 3]}, "127;3": {"type": "tropic", "variant": 0, "pos": [127, 3]}, "137;4": {"type": "tropic", "variant": 6, "pos": [137, 4]}, "138;4": {"type": "decor/fireswing", "variant": 0, "pos": [138, 4]}, "139;4": {"type": "tropic", "variant": 5, "pos": [139, 4]}, "137;3": {"type": "tropic", "variant": 0, "pos": [137, 3]}, "138;3": {"type": "tropic", "variant": 1, "pos": [138, 3]}, "139;3": {"type": "tropic", "variant": 1, "pos": [139, 3]}, "140;3": {"type": "tropic", "variant": 2, "pos": [140, 3]}, "140;4": {"type": "tropic", "variant": 4, "pos": [140, 4]}, "147;4": {"type": "tropic", "variant": 6, "pos": [147, 4]}, "148;4": {"type": "tropic", "variant": 5, "pos": [148, 4]}, "149;4": {"type": "decor/fireswing", "variant": 0, "pos": [149, 4]}, "150;4": {"type": "tropic", "variant": 5, "pos": [150, 4]}, "151;4": {"type": "tropic", "variant": 4, "pos": [151, 4]}, "151;3": {"type": "tropic", "variant": 2, "pos": [151, 3]}, "150;3": {"type": "tropic", "variant": 1, "pos": [150, 3]}, "149;3": {"type": "tropic", "variant": 1, "pos": [149, 3]}, "148;3": {"type": "tropic", "variant": 1, "pos": [148, 3]}, "147;3": {"type": "tropic", "variant": 0, "pos": [147, 3]}, "158;3": {"type": "tropic", "variant": 0, "pos": [158, 3]}, "158;4": {"type": "tropic", "variant": 6, "pos": [158, 4]}, "159;4": {"type": "decor/fireswing", "variant": 0, "pos": [159, 4]}, "160;4": {"type": "tropic", "variant": 4, "pos": [160, 4]}, "160;3": {"type": "tropic", "variant": 2, "pos": [160, 3]}, "159;3": {"type": "tropic", "variant": 1, "pos": [159, 3]}, "162;10": {"type": "tropic", "variant": 0, "pos": [162, 10]}, "162;11": {"type": "tropic", "variant": 7, "pos": [162, 11]}, "163;10": {"type": "tropic", "variant": 1, "pos": [163, 10]}, "164;10": {"type": "tropic", "variant": 1, "pos": [164, 10]}, "165;10": {"type": "tropic", "variant": 1, "pos": [165, 10]}, "166;10": {"type": "tropic", "variant": 1, "pos": [166, 10]}, "167;10": {"type": "tropic", "variant": 1, "pos": [167, 10]}, "168;10": {"type": "tropic", "variant": 1, "pos": [168, 10]}, "169;10": {"type": "tropic", "variant": 1, "pos": [169, 10]}, "170;10": {"type": "tropic", "variant": 1, "pos": [170, 10]}, "171;10": {"type": "tropic", "variant": 1, "pos": [171, 10]}, "171;11": {"type": "tropic", "variant": 5, "pos": [171, 11]}, "170;11": {"type": "tropic", "variant": 5, "pos": [170, 11]}, "169;11": {"type": "tropic", "variant": 5, "pos": [169, 11]}, "168;11": {"type": "tropic", "variant": 5, "pos": [168, 11]}, "167;11": {"type": "tropic", "variant": 5, "pos": [167, 11]}, "166;11": {"type": "tropic", "variant": 5, "pos": [166, 11]}, "165;11": {"type": "tropic", "variant": 5, "pos": [165, 11]}, "164;11": {"type": "tropic", "variant": 5, "pos": [164, 11]}, "163;11": {"type": "tropic", "variant": 8, "pos": [163, 11]}, "172;10": {"type": "tropic", "variant": 1, "pos": [172, 10]}, "172;11": {"type": "tropic", "variant": 5, "pos": [172, 11]}, "173;11": {"type": "tropic", "variant": 5, "pos": [173, 11]}, "174;11": {"type": "tropic", "variant": 5, "pos": [174, 11]}, "175;11": {"type": "tropic", "variant": 5, "pos": [175, 11]}, "176;11": {"type": "tropic", "variant": 5, "pos": [176, 11]}, "177;11": {"type": "tropic", "variant": 5, "pos": [177, 11]}, "178;11": {"type": "tropic", "variant": 5, "pos": [178, 11]}, "179;11": {"type": "tropic", "variant": 5, "pos": [179, 11]}, "180;11": {"type": "tropic", "variant": 5, "pos": [180, 11]}, "181;11": {"type": "tropic", "variant": 5, "pos": [181, 11]}, "183;10": {"type": "tropic", "variant": 1, "pos": [183, 10]}, "182;10": {"type": "tropic", "variant": 1, "pos": [182, 10]}, "181;10": {"type": "tropic", "variant": 1, "pos": [181, 10]}, "180;10": {"type": "tropic", "variant": 1, "pos": [180, 10]}, "179;10": {"type": "decor/fireswing", "variant": 0, "pos": [179, 10]}, "178;10": {"type": "tropic", "variant": 1, "pos": [178, 10]}, "177;10": {"type": "tropic", "variant": 1, "pos": [177, 10]}, "176;10": {"type": "tropic", "variant": 1, "pos": [176, 10]}, "175;10": {"type": "tropic", "variant": 1, "pos": [175, 10]}, "174;10": {"type": "tropic", "variant": 1, "pos": [174, 10]}, "173;10": {"type": "tropic", "variant": 1, "pos": [173, 10]}, "182;11": {"type": "tropic", "variant": 5, "pos": [182, 11]}, "183;11": {"type": "tropic", "variant": 5, "pos": [183, 11]}, "166;6": {"type": "tropic", "variant": 6, "pos": [166, 6]}, "167;6": {"type": "tropic", "variant": 5, "pos": [167, 6]}, "168;6": {"type": "decor/fireswing", "variant": 0, "pos": [168, 6]}, "169;6": {"type": "tropic", "variant": 5, "pos": [169, 6]}, "170;6": {"type": "tropic", "variant": 5, "pos": [170, 6]}, "171;6": {"type": "tropic", "variant": 5, "pos": [171, 6]}, "172;6": {"type": "tropic", "variant": 5, "pos": [172, 6]}, "173;6": {"type": "tropic", "variant": 5, "pos": [173, 6]}, "174;6": {"type": "tropic", "variant": 5, "pos": [174, 6]}, "175;6": {"type": "decor/fireswing", "variant": 0, "pos": [175, 6]}, "176;6": {"type": "tropic", "variant": 5, "pos": [176, 6]}, "177;6": {"type": "tropic", "variant": 5, "pos": [177, 6]}, "178;6": {"type": "tropic", "variant": 5, "pos": [178, 6]}, "179;6": {"type": "tropic", "variant": 5, "pos": [179, 6]}, "180;6": {"type": "tropic", "variant": 5, "pos": [180, 6]}, "181;6": {"type": "tropic", "variant": 5, "pos": [181, 6]}, "182;6": {"type": "decor/fireswing", "variant": 0, "pos": [182, 6]}, "183;6": {"type": "tropic", "variant": 5, "pos": [183, 6]}, "184;6": {"type": "tropic", "variant": 5, "pos": [184, 6]}, "185;6": {"type": "tropic", "variant": 5, "pos": [185, 6]}, "184;10": {"type": "tropic", "variant": 1, "pos": [184, 10]}, "185;10": {"type": "tropic", "variant": 1, "pos": [185, 10]}, "186;10": {"type": "tropic", "variant": 1, "pos": [186, 10]}, "187;10": {"type": "tropic", "variant": 1, "pos": [187, 10]}, "188;10": {"type": "tropic", "variant": 1, "pos": [188, 10]}, "189;10": {"type": "tropic", "variant": 1, "pos": [189, 10]}, "190;10": {"type": "tropic", "variant": 1, "pos": [190, 10]}, "191;10": {"type": "tropic", "variant": 1, "pos": [191, 10]}, "191;11": {"type": "tropic", "variant": 5, "pos": [191, 11]}, "190;11": {"type": "tropic", "variant": 5, "pos": [190, 11]}, "189;11": {"type": "tropic", "variant": 5, "pos": [189, 11]}, "188;11": {"type": "tropic", "variant": 5, "pos": [188, 11]}, "187;11": {"type": "tropic", "variant": 5, "pos": [187, 11]}, "186;11": {"type": "tropic", "variant": 5, "pos": [186, 11]}, "185;11": {"type": "tropic", "variant": 5, "pos": [185, 11]}, "184;11": {"type": "tropic", "variant": 5, "pos": [184, 11]}, "166;5": {"type": "tropic", "variant": 7, "pos": [166, 5]}, "166;4": {"type": "tropic", "variant": 7, "pos": [166, 4]}, "166;3": {"type": "tropic", "variant": 7, "pos": [166, 3]}, "166;2": {"type": "tropic", "variant": 7, "pos": [166, 2]}, "166;1": {"type": "tropic", "variant": 7, "pos": [166, 1]}, "167;1": {"type": "tropic", "variant": 8, "pos": [167, 1]}, "167;5": {"type": "tropic", "variant": 8, "pos": [167, 5]}, "167;4": {"type": "tropic", "variant": 8, "pos": [167, 4]}, "167;3": {"type": "tropic", "variant": 8, "pos": [167, 3]}, "167;2": {"type": "tropic", "variant": 8, "pos": [167, 2]}, "168;5": {"type": "tropic", "variant": 8, "pos": [168, 5]}, "169;5": {"type": "tropic", "variant": 8, "pos": [169, 5]}, "170;5": {"type": "tropic", "variant": 8, "pos": [170, 5]}, "171;5": {"type": "tropic", "variant": 8, "pos": [171, 5]}, "172;5": {"type": "tropic", "variant": 8, "pos": [172, 5]}, "173;5": {"type": "tropic", "variant": 8, "pos": [173, 5]}, "174;5": {"type": "tropic", "variant": 1, "pos": [174, 5]}, "175;5": {"type": "tropic", "variant": 1, "pos": [175, 5]}, "176;5": {"type": "tropic", "variant": 1, "pos": [176, 5]}, "177;5": {"type": "tropic", "variant": 1, "pos": [177, 5]}, "178;5": {"type": "tropic", "variant": 1, "pos": [178, 5]}, "179;5": {"type": "tropic", "variant": 1, "pos": [179, 5]}, "180;5": {"type": "tropic", "variant": 1, "pos": [180, 5]}, "181;5": {"type": "tropic", "variant": 1, "pos": [181, 5]}, "182;5": {"type": "tropic", "variant": 1, "pos": [182, 5]}, "183;5": {"type": "tropic", "variant": 8, "pos": [183, 5]}, "184;5": {"type": "tropic", "variant": 8, "pos": [184, 5]}, "185;5": {"type": "tropic", "variant": 8, "pos": [185, 5]}, "186;5": {"type": "tropic", "variant": 8, "pos": [186, 5]}, "187;5": {"type": "tropic", "variant": 8, "pos": [187, 5]}, "188;5": {"type": "tropic", "variant": 8, "pos": [188, 5]}, "188;6": {"type": "tropic", "variant": 5, "pos": [188, 6]}, "187;6": {"type": "tropic", "variant": 5, "pos": [187, 6]}, "186;6": {"type": "tropic", "variant": 5, "pos": [186, 6]}, "189;6": {"type": "decor/fireswing", "variant": 0, "pos": [189, 6]}, "189;5": {"type": "tropic", "variant": 8, "pos": [189, 5]}, "189;4": {"type": "tropic", "variant": 8, "pos": [189, 4]}, "189;3": {"type": "tropic", "variant": 8, "pos": [189, 3]}, "189;2": {"type": "tropic", "variant": 8, "pos": [189, 2]}, "189;1": {"type": "tropic", "variant": 8, "pos": [189, 1]}, "190;1": {"type": "tropic", "variant": 3, "pos": [190, 1]}, "190;2": {"type": "tropic", "variant": 3, "pos": [190, 2]}, "190;3": {"type": "tropic", "variant": 3, "pos": [190, 3]}, "190;4": {"type": "tropic", "variant": 3, "pos": [190, 4]}, "190;5": {"type": "tropic", "variant": 3, "pos": [190, 5]}, "190;6": {"type": "tropic", "variant": 4, "pos": [190, 6]}, "166;0": {"type": "tropic", "variant": 7, "pos": [166, 0]}, "166;-1": {"type": "tropic", "variant": 7, "pos": [166, -1]}, "166;-2": {"type": "tropic", "variant": 7, "pos": [166, -2]}, "166;-3": {"type": "tropic", "variant": 0, "pos": [166, -3]}, "167;-3": {"type": "tropic", "variant": 2, "pos": [167, -3]}, "167;-2": {"type": "tropic", "variant": 3, "pos": [167, -2]}, "167;-1": {"type": "tropic", "variant": 8, "pos": [167, -1]}, "167;0": {"type": "tropic", "variant": 8, "pos": [167, 0]}, "189;0": {"type": "tropic", "variant": 8, "pos": [189, 0]}, "189;-1": {"type": "tropic", "variant": 8, "pos": [189, -1]}, "189;-2": {"type": "tropic", "variant": 7, "pos": [189, -2]}, "189;-3": {"type": "tropic", "variant": 0, "pos": [189, -3]}, "190;-3": {"type": "tropic", "variant": 2, "pos": [190, -3]}, "190;-2": {"type": "tropic", "variant": 3, "pos": [190, -2]}, "190;-1": {"type": "tropic", "variant": 3, "pos": [190, -1]}, "190;0": {"type": "tropic", "variant": 3, "pos": [190, 0]}, "168;-1": {"type": "tropic", "variant": 1, "pos": [168, -1]}, "169;-1": {"type": "tropic", "variant": 2, "pos": [169, -1]}, "169;0": {"type": "tropic", "variant": 3, "pos": [169, 0]}, "169;1": {"type": "tropic", "variant": 8, "pos": [169, 1]}, "169;2": {"type": "tropic", "variant": 8, "pos": [169, 2]}, "169;3": {"type": "tropic", "variant": 8, "pos": [169, 3]}, "169;4": {"type": "tropic", "variant": 8, "pos": [169, 4]}, "168;4": {"type": "tropic", "variant": 8, "pos": [168, 4]}, "168;0": {"type": "tropic", "variant": 8, "pos": [168, 0]}, "168;1": {"type": "tropic", "variant": 8, "pos": [168, 1]}, "168;2": {"type": "tropic", "variant": 8, "pos": [168, 2]}, "168;3": {"type": "tropic", "variant": 8, "pos": [168, 3]}, "170;1": {"type": "tropic", "variant": 1, "pos": [170, 1]}, "171;1": {"type": "tropic", "variant": 2, "pos": [171, 1]}, "171;2": {"type": "tropic", "variant": 3, "pos": [171, 2]}, "171;3": {"type": "tropic", "variant": 8, "pos": [171, 3]}, "171;4": {"type": "tropic", "variant": 8, "pos": [171, 4]}, "170;4": {"type": "tropic", "variant": 8, "pos": [170, 4]}, "170;3": {"type": "tropic", "variant": 8, "pos": [170, 3]}, "170;2": {"type": "tropic", "variant": 8, "pos": [170, 2]}, "172;3": {"type": "tropic", "variant": 1, "pos": [172, 3]}, "173;3": {"type": "tropic", "variant": 2, "pos": [173, 3]}, "173;4": {"type": "tropic", "variant": 3, "pos": [173, 4]}, "172;4": {"type": "tropic", "variant": 8, "pos": [172, 4]}, "188;-1": {"type": "tropic", "variant": 1, "pos": [188, -1]}, "187;-1": {"type": "tropic", "variant": 0, "pos": [187, -1]}, "187;0": {"type": "tropic", "variant": 7, "pos": [187, 0]}, "187;1": {"type": "tropic", "variant": 8, "pos": [187, 1]}, "187;2": {"type": "tropic", "variant": 8, "pos": [187, 2]}, "187;3": {"type": "tropic", "variant": 8, "pos": [187, 3]}, "188;3": {"type": "tropic", "variant": 8, "pos": [188, 3]}, "188;4": {"type": "tropic", "variant": 8, "pos": [188, 4]}, "188;2": {"type": "tropic", "variant": 8, "pos": [188, 2]}, "188;1": {"type": "tropic", "variant": 8, "pos": [188, 1]}, "188;0": {"type": "tropic", "variant": 8, "pos": [188, 0]}, "187;4": {"type": "tropic", "variant": 8, "pos": [187, 4]}, "186;1": {"type": "tropic", "variant": 1, "pos": [186, 1]}, "185;1": {"type": "tropic", "variant": 0, "pos": [185, 1]}, "185;2": {"type": "tropic", "variant": 7, "pos": [185, 2]}, "185;3": {"type": "tropic", "variant": 8, "pos": [185, 3]}, "185;4": {"type": "tropic", "variant": 8, "pos": [185, 4]}, "186;4": {"type": "tropic", "variant": 8, "pos": [186, 4]}, "186;3": {"type": "tropic", "variant": 8, "pos": [186, 3]}, "186;2": {"type": "tropic", "variant": 8, "pos": [186, 2]}, "184;3": {"type": "tropic", "variant": 1, "pos": [184, 3]}, "183;3": {"type": "tropic", "variant": 0, "pos": [183, 3]}, "183;4": {"type": "tropic", "variant": 7, "pos": [183, 4]}, "184;4": {"type": "tropic", "variant": 8, "pos": [184, 4]}, "192;10": {"type": "tropic", "variant": 1, "pos": [192, 10]}, "193;10": {"type": "tropic", "variant": 1, "pos": [193, 10]}, "194;10": {"type": "tropic", "variant": 2, "pos": [194, 10]}, "194;11": {"type": "tropic", "variant": 3, "pos": [194, 11]}, "193;11": {"type": "tropic", "variant": 8, "pos": [193, 11]}, "192;11": {"type": "tropic", "variant": 5, "pos": [192, 11]}, "199;10": {"type": "tropic", "variant": 0, "pos": [199, 10]}, "199;11": {"type": "tropic", "variant": 6, "pos": [199, 11]}, "200;11": {"type": "tropic", "variant": 4, "pos": [200, 11]}, "200;10": {"type": "tropic", "variant": 2, "pos": [200, 10]}, "204;10": {"type": "tropic", "variant": 0, "pos": [204, 10]}, "204;11": {"type": "tropic", "variant": 6, "pos": [204, 11]}, "205;11": {"type": "tropic", "variant": 4, "pos": [205, 11]}, "205;10": {"type": "tropic", "variant": 2, "pos": [205, 10]}, "209;10": {"type": "tropic", "variant": 0, "pos": [209, 10]}, "209;11": {"type": "tropic", "variant": 6, "pos": [209, 11]}, "210;11": {"type": "tropic", "variant": 4, "pos": [210, 11]}, "210;10": {"type": "tropic", "variant": 2, "pos": [210, 10]}, "214;10": {"type": "tropic", "variant": 0, "pos": [214, 10]}, "214;11": {"type": "tropic", "variant": 6, "pos": [214, 11]}, "215;10": {"type": "tropic", "variant": 2, "pos": [215, 10]}, "215;11": {"type": "tropic", "variant": 4, "pos": [215, 11]}, "201;4": {"type": "tropic", "variant": 6, "pos": [201, 4]}, "202;4": {"type": "decor/fireswing", "variant": 0, "pos": [202, 4]}, "203;4": {"type": "tropic", "variant": 4, "pos": [203, 4]}, "203;3": {"type": "tropic", "variant": 2, "pos": [203, 3]}, "202;3": {"type": "tropic", "variant": 1, "pos": [202, 3]}, "201;3": {"type": "tropic", "variant": 0, "pos": [201, 3]}, "202;20": {"type": "tropic", "variant": 0, "pos": [202, 20]}, "207;20": {"type": "tropic", "variant": 0, "pos": [207, 20]}, "212;20": {"type": "tropic", "variant": 0, "pos": [212, 20]}, "206;4": {"type": "tropic", "variant": 6, "pos": [206, 4]}, "207;4": {"type": "decor/fireswing", "variant": 0, "pos": [207, 4]}, "208;4": {"type": "tropic", "variant": 4, "pos": [208, 4]}, "208;3": {"type": "tropic", "variant": 2, "pos": [208, 3]}, "207;3": {"type": "tropic", "variant": 1, "pos": [207, 3]}, "206;3": {"type": "tropic", "variant": 0, "pos": [206, 3]}, "211;4": {"type": "tropic", "variant": 6, "pos": [211, 4]}, "212;4": {"type": "decor/fireswing", "variant": 0, "pos": [212, 4]}, "213;4": {"type": "tropic", "variant": 4, "pos": [213, 4]}, "213;3": {"type": "tropic", "variant": 2, "pos": [213, 3]}, "212;3": {"type": "tropic", "variant": 1, "pos": [212, 3]}, "211;3": {"type": "tropic", "variant": 0, "pos": [211, 3]}, "220;10": {"type": "tropic", "variant": 0, "pos": [220, 10]}, "220;11": {"type": "tropic", "variant": 7, "pos": [220, 11]}, "221;11": {"type": "tropic", "variant": 8, "pos": [221, 11]}, "222;11": {"type": "tropic", "variant": 5, "pos": [222, 11]}, "223;11": {"type": "tropic", "variant": 5, "pos": [223, 11]}, "224;11": {"type": "tropic", "variant": 5, "pos": [224, 11]}, "225;11": {"type": "tropic", "variant": 5, "pos": [225, 11]}, "226;11": {"type": "tropic", "variant": 5, "pos": [226, 11]}, "227;11": {"type": "tropic", "variant": 8, "pos": [227, 11]}, "228;11": {"type": "tropic", "variant": 3, "pos": [228, 11]}, "228;10": {"type": "tropic", "variant": 2, "pos": [228, 10]}, "227;10": {"type": "tropic", "variant": 1, "pos": [227, 10]}, "226;10": {"type": "tropic", "variant": 1, "pos": [226, 10]}, "225;10": {"type": "tropic", "variant": 1, "pos": [225, 10]}, "224;10": {"type": "tropic", "variant": 1, "pos": [224, 10]}, "223;10": {"type": "tropic", "variant": 1, "pos": [223, 10]}, "222;10": {"type": "tropic", "variant": 1, "pos": [222, 10]}, "221;10": {"type": "tropic", "variant": 1, "pos": [221, 10]}, "227;12": {"type": "tropic", "variant": 7, "pos": [227, 12]}, "227;13": {"type": "tropic", "variant": 7, "pos": [227, 13]}, "227;14": {"type": "tropic", "variant": 7, "pos": [227, 14]}, "227;15": {"type": "tropic", "variant": 8, "pos": [227, 15]}, "227;16": {"type": "tropic", "variant": 8, "pos": [227, 16]}, "228;16": {"type": "tropic", "variant": 3, "pos": [228, 16]}, "228;15": {"type": "tropic", "variant": 3, "pos": [228, 15]}, "228;14": {"type": "tropic", "variant": 3, "pos": [228, 14]}, "228;13": {"type": "tropic", "variant": 3, "pos": [228, 13]}, "228;12": {"type": "decor/fireswing", "variant": 0, "pos": [228, 12]}, "227;17": {"type": "tropic", "variant": 7, "pos": [227, 17]}, "227;18": {"type": "tropic", "variant": 7, "pos": [227, 18]}, "227;19": {"type": "tropic", "variant": 7, "pos": [227, 19]}, "228;19": {"type": "tropic", "variant": 8, "pos": [228, 19]}, "228;18": {"type": "tropic", "variant": 3, "pos": [228, 18]}, "228;17": {"type": "tropic", "variant": 3, "pos": [228, 17]}, "227;20": {"type": "tropic", "variant": 6, "pos": [227, 20]}, "228;20": {"type": "tropic", "variant": 5, "pos": [228, 20]}, "229;20": {"type": "tropic", "variant": 5, "pos": [229, 20]}, "230;20": {"type": "tropic", "variant": 5, "pos": [230, 20]}, "231;20": {"type": "tropic", "variant": 5, "pos": [231, 20]}, "229;19": {"type": "tropic", "variant": 1, "pos": [229, 19]}, "230;19": {"type": "tropic", "variant": 1, "pos": [230, 19]}, "231;19": {"type": "tropic", "variant": 1, "pos": [231, 19]}, "232;19": {"type": "tropic", "variant": 1, "pos": [232, 19]}, "232;20": {"type": "tropic", "variant": 5, "pos": [232, 20]}, "233;1": {"type": "tropic", "variant": 0, "pos": [233, 1]}, "233;2": {"type": "tropic", "variant": 7, "pos": [233, 2]}, "233;3": {"type": "tropic", "variant": 7, "pos": [233, 3]}, "233;4": {"type": "tropic", "variant": 7, "pos": [233, 4]}, "233;5": {"type": "tropic", "variant": 7, "pos": [233, 5]}, "233;6": {"type": "tropic", "variant": 7, "pos": [233, 6]}, "233;7": {"type": "tropic", "variant": 7, "pos": [233, 7]}, "233;8": {"type": "tropic", "variant": 7, "pos": [233, 8]}, "233;9": {"type": "tropic", "variant": 7, "pos": [233, 9]}, "233;10": {"type": "tropic", "variant": 7, "pos": [233, 10]}, "233;11": {"type": "tropic", "variant": 7, "pos": [233, 11]}, "233;12": {"type": "tropic", "variant": 7, "pos": [233, 12]}, "234;12": {"type": "decor/fireswing", "variant": 0, "pos": [234, 12]}, "234;11": {"type": "tropic", "variant": 3, "pos": [234, 11]}, "234;10": {"type": "tropic", "variant": 3, "pos": [234, 10]}, "234;9": {"type": "tropic", "variant": 3, "pos": [234, 9]}, "234;1": {"type": "tropic", "variant": 2, "pos": [234, 1]}, "234;2": {"type": "tropic", "variant": 3, "pos": [234, 2]}, "234;3": {"type": "tropic", "variant": 3, "pos": [234, 3]}, "234;4": {"type": "tropic", "variant": 3, "pos": [234, 4]}, "234;5": {"type": "tropic", "variant": 3, "pos": [234, 5]}, "234;6": {"type": "tropic", "variant": 3, "pos": [234, 6]}, "234;7": {"type": "tropic", "variant": 3, "pos": [234, 7]}, "234;8": {"type": "tropic", "variant": 3, "pos": [234, 8]}, "233;13": {"type": "tropic", "variant": 6, "pos": [233, 13]}, "234;13": {"type": "tropic", "variant": 4, "pos": [234, 13]}, "233;19": {"type": "tropic", "variant": 1, "pos": [233, 19]}, "234;19": {"type": "tropic", "variant": 1, "pos": [234, 19]}, "235;19": {"type": "tropic", "variant": 1, "pos": [235, 19]}, "236;19": {"type": "tropic", "variant": 1, "pos": [236, 19]}, "237;19": {"type": "tropic", "variant": 1, "pos": [237, 19]}, "238;19": {"type": "tropic", "variant": 1, "pos": [238, 19]}, "239;19": {"type": "tropic", "variant": 8, "pos": [239, 19]}, "239;20": {"type": "tropic", "variant": 5, "pos": [239, 20]}, "238;20": {"type": "tropic", "variant": 5, "pos": [238, 20]}, "237;20": {"type": "tropic", "variant": 5, "pos": [237, 20]}, "236;20": {"type": "tropic", "variant": 5, "pos": [236, 20]}, "233;20": {"type": "tropic", "variant": 5, "pos": [233, 20]}, "234;20": {"type": "tropic", "variant": 5, "pos": [234, 20]}, "235;20": {"type": "tropic", "variant": 5, "pos": [235, 20]}, "239;18": {"type": "tropic", "variant": 7, "pos": [239, 18]}, "239;17": {"type": "tropic", "variant": 7, "pos": [239, 17]}, "239;16": {"type": "tropic", "variant": 7, "pos": [239, 16]}, "239;15": {"type": "tropic", "variant": 7, "pos": [239, 15]}, "239;14": {"type": "tropic", "variant": 7, "pos": [239, 14]}, "239;13": {"type": "tropic", "variant": 7, "pos": [239, 13]}, "239;10": {"type": "tropic", "variant": 0, "pos": [239, 10]}, "239;11": {"type": "tropic", "variant": 7, "pos": [239, 11]}, "239;12": {"type": "tropic", "variant": 7, "pos": [239, 12]}, "240;10": {"type": "tropic", "variant": 1, "pos": [240, 10]}, "241;10": {"type": "tropic", "variant": 1, "pos": [241, 10]}, "240;11": {"type": "tropic", "variant": 8, "pos": [240, 11]}, "240;12": {"type": "tropic", "variant": 3, "pos": [240, 12]}, "240;13": {"type": "tropic", "variant": 3, "pos": [240, 13]}, "240;14": {"type": "tropic", "variant": 3, "pos": [240, 14]}, "240;15": {"type": "tropic", "variant": 8, "pos": [240, 15]}, "240;16": {"type": "tropic", "variant": 8, "pos": [240, 16]}, "240;17": {"type": "tropic", "variant": 3, "pos": [240, 17]}, "240;18": {"type": "tropic", "variant": 3, "pos": [240, 18]}, "240;19": {"type": "tropic", "variant": 3, "pos": [240, 19]}, "240;20": {"type": "tropic", "variant": 4, "pos": [240, 20]}, "241;11": {"type": "tropic", "variant": 5, "pos": [241, 11]}, "242;11": {"type": "tropic", "variant": 5, "pos": [242, 11]}, "243;11": {"type": "tropic", "variant": 5, "pos": [243, 11]}, "244;11": {"type": "tropic", "variant": 5, "pos": [244, 11]}, "245;11": {"type": "tropic", "variant": 5, "pos": [245, 11]}, "246;11": {"type": "tropic", "variant": 8, "pos": [246, 11]}, "247;11": {"type": "tropic", "variant": 3, "pos": [247, 11]}, "247;10": {"type": "tropic", "variant": 2, "pos": [247, 10]}, "246;10": {"type": "tropic", "variant": 1, "pos": [246, 10]}, "245;10": {"type": "tropic", "variant": 1, "pos": [245, 10]}, "244;10": {"type": "tropic", "variant": 1, "pos": [244, 10]}, "243;10": {"type": "tropic", "variant": 1, "pos": [243, 10]}, "242;10": {"type": "tropic", "variant": 1, "pos": [242, 10]}, "246;12": {"type": "tropic", "variant": 7, "pos": [246, 12]}, "246;13": {"type": "tropic", "variant": 7, "pos": [246, 13]}, "246;14": {"type": "tropic", "variant": 7, "pos": [246, 14]}, "246;15": {"type": "tropic", "variant": 8, "pos": [246, 15]}, "246;16": {"type": "tropic", "variant": 8, "pos": [246, 16]}, "246;17": {"type": "tropic", "variant": 7, "pos": [246, 17]}, "246;18": {"type": "tropic", "variant": 7, "pos": [246, 18]}, "246;19": {"type": "tropic", "variant": 7, "pos": [246, 19]}, "246;20": {"type": "tropic", "variant": 6, "pos": [246, 20]}, "247;20": {"type": "tropic", "variant": 5, "pos": [247, 20]}, "247;19": {"type": "tropic", "variant": 8, "pos": [247, 19]}, "247;18": {"type": "tropic", "variant": 3, "pos": [247, 18]}, "247;17": {"type": "tropic", "variant": 3, "pos": [247, 17]}, "247;16": {"type": "tropic", "variant": 3, "pos": [247, 16]}, "247;15": {"type": "tropic", "variant": 3, "pos": [247, 15]}, "247;14": {"type": "tropic", "variant": 3, "pos": [247, 14]}, "247;12": {"type": "decor/fireswing", "variant": 0, "pos": [247, 12]}, "247;13": {"type": "tropic", "variant": 3, "pos": [247, 13]}, "252;13": {"type": "tropic", "variant": 6, "pos": [252, 13]}, "252;12": {"type": "tropic", "variant": 7, "pos": [252, 12]}, "252;11": {"type": "tropic", "variant": 7, "pos": [252, 11]}, "252;10": {"type": "tropic", "variant": 7, "pos": [252, 10]}, "253;10": {"type": "tropic", "variant": 3, "pos": [253, 10]}, "253;9": {"type": "tropic", "variant": 3, "pos": [253, 9]}, "253;8": {"type": "tropic", "variant": 3, "pos": [253, 8]}, "253;7": {"type": "tropic", "variant": 3, "pos": [253, 7]}, "253;6": {"type": "tropic", "variant": 3, "pos": [253, 6]}, "252;5": {"type": "tropic", "variant": 7, "pos": [252, 5]}, "252;4": {"type": "tropic", "variant": 7, "pos": [252, 4]}, "253;3": {"type": "tropic", "variant": 3, "pos": [253, 3]}, "253;2": {"type": "tropic", "variant": 3, "pos": [253, 2]}, "253;1": {"type": "tropic", "variant": 2, "pos": [253, 1]}, "252;1": {"type": "tropic", "variant": 0, "pos": [252, 1]}, "252;2": {"type": "tropic", "variant": 7, "pos": [252, 2]}, "252;3": {"type": "tropic", "variant": 7, "pos": [252, 3]}, "252;6": {"type": "tropic", "variant": 7, "pos": [252, 6]}, "252;7": {"type": "tropic", "variant": 7, "pos": [252, 7]}, "252;8": {"type": "tropic", "variant": 7, "pos": [252, 8]}, "252;9": {"type": "tropic", "variant": 7, "pos": [252, 9]}, "253;4": {"type": "tropic", "variant": 3, "pos": [253, 4]}, "253;5": {"type": "tropic", "variant": 3, "pos": [253, 5]}, "253;11": {"type": "tropic", "variant": 3, "pos": [253, 11]}, "253;12": {"type": "decor/fireswing", "variant": 0, "pos": [253, 12]}, "253;13": {"type": "tropic", "variant": 4, "pos": [253, 13]}, "241;5": {"type": "tropic", "variant": 6, "pos": [241, 5]}, "242;5": {"type": "tropic", "variant": 5, "pos": [242, 5]}, "243;5": {"type": "decor/fireswing", "variant": 0, "pos": [243, 5]}, "244;5": {"type": "tropic", "variant": 5, "pos": [244, 5]}, "245;5": {"type": "tropic", "variant": 4, "pos": [245, 5]}, "245;4": {"type": "tropic", "variant": 2, "pos": [245, 4]}, "244;4": {"type": "tropic", "variant": 1, "pos": [244, 4]}, "243;4": {"type": "tropic", "variant": 1, "pos": [243, 4]}, "242;4": {"type": "tropic", "variant": 1, "pos": [242, 4]}, "241;4": {"type": "tropic", "variant": 0, "pos": [241, 4]}, "248;19": {"type": "tropic", "variant": 1, "pos": [248, 19]}, "249;19": {"type": "tropic", "variant": 1, "pos": [249, 19]}, "250;19": {"type": "tropic", "variant": 1, "pos": [250, 19]}, "251;19": {"type": "tropic", "variant": 1, "pos": [251, 19]}, "252;19": {"type": "tropic", "variant": 1, "pos": [252, 19]}, "253;19": {"type": "tropic", "variant": 1, "pos": [253, 19]}, "254;19": {"type": "tropic", "variant": 1, "pos": [254, 19]}, "255;19": {"type": "tropic", "variant": 1, "pos": [255, 19]}, "256;19": {"type": "tropic", "variant": 1, "pos": [256, 19]}, "257;19": {"type": "tropic", "variant": 1, "pos": [257, 19]}, "258;19": {"type": "tropic", "variant": 8, "pos": [258, 19]}, "259;19": {"type": "tropic", "variant": 3, "pos": [259, 19]}, "259;20": {"type": "tropic", "variant": 4, "pos": [259, 20]}, "258;20": {"type": "tropic", "variant": 5, "pos": [258, 20]}, "257;20": {"type": "tropic", "variant": 5, "pos": [257, 20]}, "256;20": {"type": "tropic", "variant": 5, "pos": [256, 20]}, "255;20": {"type": "tropic", "variant": 5, "pos": [255, 20]}, "253;20": {"type": "tropic", "variant": 5, "pos": [253, 20]}, "252;20": {"type": "tropic", "variant": 5, "pos": [252, 20]}, "251;20": {"type": "tropic", "variant": 5, "pos": [251, 20]}, "250;20": {"type": "tropic", "variant": 5, "pos": [250, 20]}, "249;20": {"type": "tropic", "variant": 5, "pos": [249, 20]}, "248;20": {"type": "tropic", "variant": 5, "pos": [248, 20]}, "254;20": {"type": "tropic", "variant": 5, "pos": [254, 20]}, "258;18": {"type": "tropic", "variant": 7, "pos": [258, 18]}, "258;17": {"type": "decor/fireswing", "variant": 0, "pos": [258, 17]}, "258;16": {"type": "tropic", "variant": 7, "pos": [258, 16]}, "258;15": {"type": "tropic", "variant": 7, "pos": [258, 15]}, "258;14": {"type": "tropic", "variant": 7, "pos": [258, 14]}, "258;13": {"type": "tropic", "variant": 7, "pos": [258, 13]}, "258;12": {"type": "tropic", "variant": 7, "pos": [258, 12]}, "258;11": {"type": "tropic", "variant": 7, "pos": [258, 11]}, "258;10": {"type": "tropic", "variant": 0, "pos": [258, 10]}, "259;10": {"type": "tropic", "variant": 1, "pos": [259, 10]}, "259;11": {"type": "tropic", "variant": 8, "pos": [259, 11]}, "259;12": {"type": "tropic", "variant": 3, "pos": [259, 12]}, "259;13": {"type": "tropic", "variant": 3, "pos": [259, 13]}, "259;14": {"type": "tropic", "variant": 3, "pos": [259, 14]}, "259;15": {"type": "tropic", "variant": 3, "pos": [259, 15]}, "259;16": {"type": "tropic", "variant": 3, "pos": [259, 16]}, "259;17": {"type": "tropic", "variant": 3, "pos": [259, 17]}, "259;18": {"type": "tropic", "variant": 3, "pos": [259, 18]}, "241;15": {"type": "tropic", "variant": 1, "pos": [241, 15]}, "242;15": {"type": "tropic", "variant": 1, "pos": [242, 15]}, "243;15": {"type": "tropic", "variant": 1, "pos": [243, 15]}, "244;15": {"type": "tropic", "variant": 1, "pos": [244, 15]}, "245;15": {"type": "tropic", "variant": 1, "pos": [245, 15]}, "245;16": {"type": "tropic", "variant": 5, "pos": [245, 16]}, "244;16": {"type": "tropic", "variant": 5, "pos": [244, 16]}, "243;16": {"type": "tropic", "variant": 5, "pos": [243, 16]}, "242;16": {"type": "tropic", "variant": 5, "pos": [242, 16]}, "241;16": {"type": "tropic", "variant": 5, "pos": [241, 16]}, "226;15": {"type": "tropic", "variant": 1, "pos": [226, 15]}, "225;15": {"type": "tropic", "variant": 1, "pos": [225, 15]}, "224;15": {"type": "tropic", "variant": 1, "pos": [224, 15]}, "223;15": {"type": "tropic", "variant": 1, "pos": [223, 15]}, "222;15": {"type": "tropic", "variant": 1, "pos": [222, 15]}, "221;15": {"type": "tropic", "variant": 8, "pos": [221, 15]}, "220;15": {"type": "tropic", "variant": 7, "pos": [220, 15]}, "220;16": {"type": "tropic", "variant": 7, "pos": [220, 16]}, "221;16": {"type": "tropic", "variant": 8, "pos": [221, 16]}, "222;16": {"type": "tropic", "variant": 5, "pos": [222, 16]}, "223;16": {"type": "tropic", "variant": 5, "pos": [223, 16]}, "224;16": {"type": "tropic", "variant": 5, "pos": [224, 16]}, "225;16": {"type": "tropic", "variant": 5, "pos": [225, 16]}, "226;16": {"type": "tropic", "variant": 5, "pos": [226, 16]}, "220;12": {"type": "tropic", "variant": 7, "pos": [220, 12]}, "220;13": {"type": "tropic", "variant": 7, "pos": [220, 13]}, "220;14": {"type": "tropic", "variant": 7, "pos": [220, 14]}, "221;14": {"type": "tropic", "variant": 3, "pos": [221, 14]}, "221;13": {"type": "tropic", "variant": 3, "pos": [221, 13]}, "221;12": {"type": "tropic", "variant": 3, "pos": [221, 12]}, "220;17": {"type": "tropic", "variant": 7, "pos": [220, 17]}, "220;18": {"type": "tropic", "variant": 7, "pos": [220, 18]}, "220;19": {"type": "tropic", "variant": 7, "pos": [220, 19]}, "220;20": {"type": "tropic", "variant": 6, "pos": [220, 20]}, "221;20": {"type": "tropic", "variant": 4, "pos": [221, 20]}, "221;19": {"type": "tropic", "variant": 3, "pos": [221, 19]}, "221;18": {"type": "tropic", "variant": 3, "pos": [221, 18]}, "221;17": {"type": "tropic", "variant": 3, "pos": [221, 17]}, "193;12": {"type": "tropic", "variant": 7, "pos": [193, 12]}, "193;13": {"type": "tropic", "variant": 7, "pos": [193, 13]}, "193;14": {"type": "tropic", "variant": 7, "pos": [193, 14]}, "193;15": {"type": "tropic", "variant": 7, "pos": [193, 15]}, "193;16": {"type": "tropic", "variant": 7, "pos": [193, 16]}, "193;17": {"type": "tropic", "variant": 7, "pos": [193, 17]}, "193;18": {"type": "tropic", "variant": 7, "pos": [193, 18]}, "193;19": {"type": "tropic", "variant": 7, "pos": [193, 19]}, "193;20": {"type": "tropic", "variant": 6, "pos": [193, 20]}, "194;20": {"type": "tropic", "variant": 5, "pos": [194, 20]}, "194;19": {"type": "tropic", "variant": 8, "pos": [194, 19]}, "194;18": {"type": "tropic", "variant": 3, "pos": [194, 18]}, "194;17": {"type": "tropic", "variant": 3, "pos": [194, 17]}, "194;16": {"type": "tropic", "variant": 3, "pos": [194, 16]}, "194;15": {"type": "tropic", "variant": 3, "pos": [194, 15]}, "194;14": {"type": "tropic", "variant": 3, "pos": [194, 14]}, "194;13": {"type": "tropic", "variant": 3, "pos": [194, 13]}, "194;12": {"type": "tropic", "variant": 3, "pos": [194, 12]}, "163;12": {"type": "tropic", "variant": 3, "pos": [163, 12]}, "162;12": {"type": "tropic", "variant": 7, "pos": [162, 12]}, "162;13": {"type": "tropic", "variant": 7, "pos": [162, 13]}, "162;14": {"type": "tropic", "variant": 7, "pos": [162, 14]}, "162;15": {"type": "tropic", "variant": 7, "pos": [162, 15]}, "162;16": {"type": "tropic", "variant": 7, "pos": [162, 16]}, "162;17": {"type": "tropic", "variant": 7, "pos": [162, 17]}, "162;18": {"type": "tropic", "variant": 7, "pos": [162, 18]}, "162;19": {"type": "tropic", "variant": 8, "pos": [162, 19]}, "162;20": {"type": "tropic", "variant": 5, "pos": [162, 20]}, "163;20": {"type": "tropic", "variant": 4, "pos": [163, 20]}, "163;19": {"type": "tropic", "variant": 3, "pos": [163, 19]}, "163;18": {"type": "tropic", "variant": 3, "pos": [163, 18]}, "163;17": {"type": "tropic", "variant": 3, "pos": [163, 17]}, "163;16": {"type": "tropic", "variant": 3, "pos": [163, 16]}, "163;15": {"type": "tropic", "variant": 3, "pos": [163, 15]}, "163;14": {"type": "tropic", "variant": 3, "pos": [163, 14]}, "163;13": {"type": "tropic", "variant": 3, "pos": [163, 13]}, "161;19": {"type": "tropic", "variant": 1, "pos": [161, 19]}, "160;19": {"type": "tropic", "variant": 1, "pos": [160, 19]}, "159;19": {"type": "tropic", "variant": 1, "pos": [159, 19]}, "158;19": {"type": "tropic", "variant": 1, "pos": [158, 19]}, "157;19": {"type": "tropic", "variant": 0, "pos": [157, 19]}, "157;20": {"type": "tropic", "variant": 6, "pos": [157, 20]}, "158;20": {"type": "tropic", "variant": 5, "pos": [158, 20]}, "159;20": {"type": "tropic", "variant": 5, "pos": [159, 20]}, "160;20": {"type": "tropic", "variant": 5, "pos": [160, 20]}, "161;20": {"type": "tropic", "variant": 5, "pos": [161, 20]}, "195;19": {"type": "tropic", "variant": 1, "pos": [195, 19]}, "196;19": {"type": "tropic", "variant": 1, "pos": [196, 19]}, "197;19": {"type": "tropic", "variant": 1, "pos": [197, 19]}, "198;19": {"type": "tropic", "variant": 1, "pos": [198, 19]}, "199;19": {"type": "tropic", "variant": 2, "pos": [199, 19]}, "199;20": {"type": "tropic", "variant": 4, "pos": [199, 20]}, "198;20": {"type": "tropic", "variant": 5, "pos": [198, 20]}, "197;20": {"type": "tropic", "variant": 5, "pos": [197, 20]}, "196;20": {"type": "tropic", "variant": 5, "pos": [196, 20]}, "195;20": {"type": "tropic", "variant": 5, "pos": [195, 20]}, "118;12": {"type": "tropic", "variant": 3, "pos": [118, 12]}, "118;13": {"type": "tropic", "variant": 3, "pos": [118, 13]}, "118;14": {"type": "tropic", "variant": 3, "pos": [118, 14]}, "118;15": {"type": "tropic", "variant": 3, "pos": [118, 15]}, "118;16": {"type": "tropic", "variant": 3, "pos": [118, 16]}, "118;17": {"type": "tropic", "variant": 3, "pos": [118, 17]}, "118;18": {"type": "tropic", "variant": 3, "pos": [118, 18]}, "118;19": {"type": "tropic", "variant": 8, "pos": [118, 19]}, "117;19": {"type": "tropic", "variant": 7, "pos": [117, 19]}, "117;18": {"type": "tropic", "variant": 7, "pos": [117, 18]}, "117;17": {"type": "tropic", "variant": 7, "pos": [117, 17]}, "117;16": {"type": "tropic", "variant": 7, "pos": [117, 16]}, "117;15": {"type": "tropic", "variant": 7, "pos": [117, 15]}, "117;14": {"type": "tropic", "variant": 7, "pos": [117, 14]}, "117;13": {"type": "tropic", "variant": 7, "pos": [117, 13]}, "117;12": {"type": "tropic", "variant": 7, "pos": [117, 12]}, "119;19": {"type": "tropic", "variant": 1, "pos": [119, 19]}, "120;19": {"type": "tropic", "variant": 1, "pos": [120, 19]}, "121;19": {"type": "tropic", "variant": 1, "pos": [121, 19]}, "122;19": {"type": "tropic", "variant": 1, "pos": [122, 19]}, "122;20": {"type": "tropic", "variant": 5, "pos": [122, 20]}, "121;20": {"type": "tropic", "variant": 5, "pos": [121, 20]}, "120;20": {"type": "tropic", "variant": 5, "pos": [120, 20]}, "119;20": {"type": "tropic", "variant": 5, "pos": [119, 20]}, "118;20": {"type": "tropic", "variant": 5, "pos": [118, 20]}, "117;20": {"type": "tropic", "variant": 6, "pos": [117, 20]}, "123;19": {"type": "tropic", "variant": 2, "pos": [123, 19]}, "123;20": {"type": "tropic", "variant": 4, "pos": [123, 20]}, "322;21": {"type": "tropic", "variant": 2, "pos": [322, 21]}, "322;22": {"type": "tropic", "variant": 4, "pos": [322, 22]}, "321;22": {"type": "tropic", "variant": 5, "pos": [321, 22]}, "320;22": {"type": "tropic", "variant": 5, "pos": [320, 22]}, "319;22": {"type": "tropic", "variant": 5, "pos": [319, 22]}, "318;22": {"type": "tropic", "variant": 6, "pos": [318, 22]}, "318;21": {"type": "tropic", "variant": 0, "pos": [318, 21]}, "319;21": {"type": "tropic", "variant": 1, "pos": [319, 21]}, "320;21": {"type": "decor/fireswing", "variant": 0, "pos": [320, 21]}, "321;21": {"type": "tropic", "variant": 1, "pos": [321, 21]}, "312;21": {"type": "tropic", "variant": 2, "pos": [312, 21]}, "312;22": {"type": "tropic", "variant": 4, "pos": [312, 22]}, "311;22": {"type": "tropic", "variant": 5, "pos": [311, 22]}, "310;22": {"type": "tropic", "variant": 5, "pos": [310, 22]}, "309;22": {"type": "tropic", "variant": 5, "pos": [309, 22]}, "308;22": {"type": "tropic", "variant": 6, "pos": [308, 22]}, "308;21": {"type": "tropic", "variant": 0, "pos": [308, 21]}, "309;21": {"type": "tropic", "variant": 1, "pos": [309, 21]}, "310;21": {"type": "tropic", "variant": 1, "pos": [310, 21]}, "311;21": {"type": "tropic", "variant": 1, "pos": [311, 21]}, "260;10": {"type": "tropic", "variant": 1, "pos": [260, 10]}, "261;10": {"type": "tropic", "variant": 1, "pos": [261, 10]}, "262;10": {"type": "tropic", "variant": 2, "pos": [262, 10]}, "262;11": {"type": "tropic", "variant": 4, "pos": [262, 11]}, "261;11": {"type": "tropic", "variant": 5, "pos": [261, 11]}, "260;11": {"type": "tropic", "variant": 5, "pos": [260, 11]}, "268;10": {"type": "movingtile", "variant": 0, "pos": [268, 10]}, "269;10": {"type": "movingtile", "variant": 0, "pos": [269, 10]}, "270;10": {"type": "movingtile", "variant": 0, "pos": [270, 10]}, "279;10": {"type": "movingtile", "variant": 1, "pos": [279, 10]}, "280;10": {"type": "movingtile", "variant": 1, "pos": [280, 10]}, "282;10": {"type": "movingtile", "variant": 1, "pos": [282, 10]}, "281;10": {"type": "movingtile", "variant": 1, "pos": [281, 10]}, "271;10": {"type": "movingtile", "variant": 0, "pos": [271, 10]}, "286;14": {"type": "movingtile", "variant": 0, "pos": [286, 14]}, "287;14": {"type": "movingtile", "variant": 0, "pos": [287, 14]}, "288;14": {"type": "movingtile", "variant": 0, "pos": [288, 14]}, "289;14": {"type": "movingtile", "variant": 0, "pos": [289, 14]}, "303;21": {"type": "movingtile", "variant": 0, "pos": [303, 21]}, "302;21": {"type": "movingtile", "variant": 0, "pos": [302, 21]}, "301;21": {"type": "movingtile", "variant": 0, "pos": [301, 21]}, "300;21": {"type": "movingtile", "variant": 0, "pos": [300, 21]}, "293;18": {"type": "movingtile", "variant": 1, "pos": [293, 18]}, "294;18": {"type": "movingtile", "variant": 1, "pos": [294, 18]}, "295;18": {"type": "movingtile", "variant": 1, "pos": [295, 18]}, "296;18": {"type": "movingtile", "variant": 1, "pos": [296, 18]}, "277;4": {"type": "tropic", "variant": 4, "pos": [277, 4]}, "276;4": {"type": "tropic", "variant": 5, "pos": [276, 4]}, "275;4": {"type": "decor/fireswing", "variant": 0, "pos": [275, 4]}, "274;4": {"type": "tropic", "variant": 5, "pos": [274, 4]}, "273;4": {"type": "tropic", "variant": 6, "pos": [273, 4]}, "284;4": {"type": "tropic", "variant": 5, "pos": [284, 4]}, "287;4": {"type": "tropic", "variant": 4, "pos": [287, 4]}, "286;4": {"type": "tropic", "variant": 5, "pos": [286, 4]}, "285;4": {"type": "decor/fireswing", "variant": 0, "pos": [285, 4]}, "283;4": {"type": "tropic", "variant": 6, "pos": [283, 4]}, "273;3": {"type": "tropic", "variant": 0, "pos": [273, 3]}, "274;3": {"type": "tropic", "variant": 1, "pos": [274, 3]}, "275;3": {"type": "tropic", "variant": 1, "pos": [275, 3]}, "276;3": {"type": "tropic", "variant": 1, "pos": [276, 3]}, "277;3": {"type": "tropic", "variant": 2, "pos": [277, 3]}, "283;3": {"type": "tropic", "variant": 0, "pos": [283, 3]}, "284;3": {"type": "tropic", "variant": 1, "pos": [284, 3]}, "285;3": {"type": "tropic", "variant": 1, "pos": [285, 3]}, "286;3": {"type": "tropic", "variant": 1, "pos": [286, 3]}, "287;3": {"type": "tropic", "variant": 2, "pos": [287, 3]}, "267;4": {"type": "tropic", "variant": 4, "pos": [267, 4]}, "267;3": {"type": "tropic", "variant": 2, "pos": [267, 3]}, "266;3": {"type": "tropic", "variant": 1, "pos": [266, 3]}, "265;3": {"type": "tropic", "variant": 1, "pos": [265, 3]}, "264;3": {"type": "tropic", "variant": 1, "pos": [264, 3]}, "263;3": {"type": "tropic", "variant": 0, "pos": [263, 3]}, "263;4": {"type": "tropic", "variant": 6, "pos": [263, 4]}, "264;4": {"type": "tropic", "variant": 5, "pos": [264, 4]}, "265;4": {"type": "decor/fireswing", "variant": 0, "pos": [265, 4]}, "266;4": {"type": "tropic", "variant": 5, "pos": [266, 4]}, "293;8": {"type": "tropic", "variant": 6, "pos": [293, 8]}, "293;7": {"type": "tropic", "variant": 0, "pos": [293, 7]}, "294;7": {"type": "tropic", "variant": 1, "pos": [294, 7]}, "295;7": {"type": "tropic", "variant": 1, "pos": [295, 7]}, "296;7": {"type": "tropic", "variant": 1, "pos": [296, 7]}, "297;7": {"type": "tropic", "variant": 2, "pos": [297, 7]}, "297;8": {"type": "tropic", "variant": 4, "pos": [297, 8]}, "296;8": {"type": "tropic", "variant": 5, "pos": [296, 8]}, "295;8": {"type": "decor/fireswing", "variant": 0, "pos": [295, 8]}, "294;8": {"type": "tropic", "variant": 5, "pos": [294, 8]}, "303;10": {"type": "tropic", "variant": 0, "pos": [303, 10]}, "303;11": {"type": "tropic", "variant": 6, "pos": [303, 11]}, "304;11": {"type": "tropic", "variant": 5, "pos": [304, 11]}, "305;11": {"type": "decor/fireswing", "variant": 0, "pos": [305, 11]}, "306;11": {"type": "tropic", "variant": 5, "pos": [306, 11]}, "307;11": {"type": "tropic", "variant": 4, "pos": [307, 11]}, "307;10": {"type": "tropic", "variant": 2, "pos": [307, 10]}, "306;10": {"type": "tropic", "variant": 1, "pos": [306, 10]}, "305;10": {"type": "tropic", "variant": 1, "pos": [305, 10]}, "304;10": {"type": "tropic", "variant": 1, "pos": [304, 10]}, "251;18": {"type": "decor/tree", "variant": 0, "pos": [251, 18]}, "252;18": {"type": "decor/tree", "variant": 0, "pos": [252, 18]}, "241;9": {"type": "decor/tree", "variant": 0, "pos": [241, 9]}, "240;9": {"type": "decor/tree", "variant": 0, "pos": [240, 9]}, "233;0": {"type": "decor/tree", "variant": 0, "pos": [233, 0]}, "234;0": {"type": "decor/tree", "variant": 0, "pos": [234, 0]}, "175;4": {"type": "decor/tree", "variant": 0, "pos": [175, 4]}, "176;4": {"type": "decor/tree", "variant": 0, "pos": [176, 4]}, "173;2": {"type": "decor/tree", "variant": 0, "pos": [173, 2]}, "186;0": {"type": "decor/tree", "variant": 0, "pos": [186, 0]}, "173;9": {"type": "decor/tree", "variant": 0, "pos": [173, 9]}, "160;18": {"type": "decor/tree", "variant": 0, "pos": [160, 18]}, "159;18": {"type": "decor/tree", "variant": 0, "pos": [159, 18]}, "130;2": {"type": "decor/tree", "variant": 0, "pos": [130, 2]}, "128;2": {"type": "decor/tree", "variant": 0, "pos": [128, 2]}, "137;2": {"type": "decor/tree", "variant": 0, "pos": [137, 2]}, "147;2": {"type": "decor/tree", "variant": 0, "pos": [147, 2]}, "148;2": {"type": "decor/tree", "variant": 0, "pos": [148, 2]}, "106;4": {"type": "decor/tree", "variant": 0, "pos": [106, 4]}, "105;4": {"type": "decor/tree", "variant": 0, "pos": [105, 4]}, "108;-1": {"type": "decor/tree", "variant": 0, "pos": [108, -1]}, "115;9": {"type": "decor/tree", "variant": 0, "pos": [115, 9]}, "114;9": {"type": "decor/tree", "variant": 0, "pos": [114, 9]}, "113;9": {"type": "decor/tree", "variant": 0, "pos": [113, 9]}, "82;9": {"type": "decor/tree", "variant": 0, "pos": [82, 9]}, "81;9": {"type": "decor/tree", "variant": 0, "pos": [81, 9]}, "97;3": {"type": "decor/tree", "variant": 2, "pos": [97, 3]}, "96;3": {"type": "decor/tree", "variant": 2, "pos": [96, 3]}, "87;3": {"type": "decor/tree", "variant": 2, "pos": [87, 3]}, "89;3": {"type": "decor/tree", "variant": 2, "pos": [89, 3]}, "91;3": {"type": "decor/tree", "variant": 2, "pos": [91, 3]}, "99;3": {"type": "decor/tree", "variant": 2, "pos": [99, 3]}, "101;3": {"type": "decor/tree", "variant": 2, "pos": [101, 3]}, "103;3": {"type": "decor/tree", "variant": 2, "pos": [103, 3]}, "107;3": {"type": "decor/tree", "variant": 2, "pos": [107, 3]}, "90;3": {"type": "decor/tree", "variant": 2, "pos": [90, 3]}, "129;1": {"type": "decor/tree", "variant": 2, "pos": [129, 1]}, "138;1": {"type": "decor/tree", "variant": 2, "pos": [138, 1]}, "149;1": {"type": "decor/tree", "variant": 2, "pos": [149, 1]}, "150;1": {"type": "decor/tree", "variant": 2, "pos": [150, 1]}, "168;-3": {"type": "decor/tree", "variant": 2, "pos": [168, -3]}, "170;-1": {"type": "decor/tree", "variant": 2, "pos": [170, -1]}, "166;-5": {"type": "decor/tree", "variant": 2, "pos": [166, -5]}, "177;3": {"type": "decor/tree", "variant": 2, "pos": [177, 3]}, "178;3": {"type": "decor/tree", "variant": 2, "pos": [178, 3]}, "187;-3": {"type": "decor/tree", "variant": 2, "pos": [187, -3]}, "198;17": {"type": "decor/tree", "variant": 2, "pos": [198, 17]}, "202;1": {"type": "decor/tree", "variant": 2, "pos": [202, 1]}, "201;1": {"type": "decor/tree", "variant": 2, "pos": [201, 1]}, "212;1": {"type": "decor/tree", "variant": 2, "pos": [212, 1]}, "232;17": {"type": "decor/tree", "variant": 2, "pos": [232, 17]}, "244;13": {"type": "decor/tree", "variant": 2, "pos": [244, 13]}, "243;13": {"type": "decor/tree", "variant": 2, "pos": [243, 13]}, "241;13": {"type": "decor/tree", "variant": 2, "pos": [241, 13]}, "242;2": {"type": "decor/tree", "variant": 2, "pos": [242, 2]}, "263;1": {"type": "decor/tropic_tree", "variant": 4, "pos": [263, 1]}, "264;1": {"type": "decor/tropic_tree", "variant": 5, "pos": [264, 1]}, "263;2": {"type": "decor/tropic_tree", "variant": 11, "pos": [263, 2]}, "262;1": {"type": "decor/tropic_tree", "variant": 3, "pos": [262, 1]}, "264;0": {"type": "decor/tropic_tree", "variant": 2, "pos": [264, 0]}, "263;0": {"type": "decor/tropic_tree", "variant": 1, "pos": [263, 0]}, "262;0": {"type": "decor/tropic_tree", "variant": 0, "pos": [262, 0]}, "336;19": {"type": "decor/tree", "variant": 2, "pos": [336, 19]}, "335;19": {"type": "decor/tree", "variant": 2, "pos": [335, 19]}, "332;19": {"type": "decor/tree", "variant": 2, "pos": [332, 19]}, "331;19": {"type": "decor/tree", "variant": 2, "pos": [331, 19]}, "329;19": {"type": "decor/tree", "variant": 2, "pos": [329, 19]}, "337;19": {"type": "decor/tree", "variant": 2, "pos": [337, 19]}, "340;19": {"type": "decor/tree", "variant": 2, "pos": [340, 19]}, "341;19": {"type": "decor/tree", "variant": 2, "pos": [341, 19]}, "348;19": {"type": "decor/tree", "variant": 2, "pos": [348, 19]}, "334;20": {"type": "decor/fence", "variant": 0, "pos": [334, 20]}, "335;20": {"type": "decor/fence", "variant": 1, "pos": [335, 20]}, "336;20": {"type": "decor/fence", "variant": 1, "pos": [336, 20]}, "337;20": {"type": "decor/fence", "variant": 1, "pos": [337, 20]}, "338;20": {"type": "decor/fence", "variant": 1, "pos": [338, 20]}, "339;20": {"type": "decor/fence", "variant": 1, "pos": [339, 20]}, "340;20": {"type": "decor/fence", "variant": 1, "pos": [340, 20]}, "341;20": {"type": "decor/fence", "variant": 1, "pos": [341, 20]}, "342;20": {"type": "decor/fence", "variant": 2, "pos": [342, 20]}, "266;2": {"type": "decor/fence", "variant": 2, "pos": [266, 2]}, "265;2": {"type": "decor/fence", "variant": 0, "pos": [265, 2]}, "264;2": {"type": "decor/tropic_tree", "variant": 12, "pos": [264, 2]}, "35;17": {"type": "reward/food", "variant": 1, "pos": [35, 17]}, "41;14": {"type": "reward/food", "variant": 1, "pos": [41, 14]}, "42;14": {"type": "reward/food", "variant": 1, "pos": [42, 14]}, "61;9": {"type": "reward/food", "variant": 1, "pos": [61, 9]}, "67;9": {"type": "reward/food", "variant": 1, "pos": [67, 9]}, "79;9": {"type": "reward/food", "variant": 1, "pos": [79, 9]}, "96;9": {"type": "reward/food", "variant": 1, "pos": [96, 9]}, "102;9": {"type": "reward/food", "variant": 1, "pos": [102, 9]}, "112;9": {"type": "reward/food", "variant": 1, "pos": [112, 9]}, "116;9": {"type": "reward/food", "variant": 1, "pos": [116, 9]}, "137;7": {"type": "reward/food", "variant": 0, "pos": [137, 7]}, "138;7": {"type": "reward/food", "variant": 0, "pos": [138, 7]}, "139;7": {"type": "reward/food", "variant": 0, "pos": [139, 7]}, "140;7": {"type": "reward/food", "variant": 0, "pos": [140, 7]}, "148;7": {"type": "reward/food", "variant": 0, "pos": [148, 7]}, "149;7": {"type": "reward/food", "variant": 0, "pos": [149, 7]}, "150;7": {"type": "reward/food", "variant": 0, "pos": [150, 7]}, "151;7": {"type": "reward/food", "variant": 0, "pos": [151, 7]}, "128;7": {"type": "reward/food", "variant": 0, "pos": [128, 7]}, "129;7": {"type": "reward/food", "variant": 0, "pos": [129, 7]}, "130;7": {"type": "reward/food", "variant": 0, "pos": [130, 7]}, "131;7": {"type": "reward/food", "variant": 0, "pos": [131, 7]}, "127;7": {"type": "reward/food", "variant": 0, "pos": [127, 7]}, "147;7": {"type": "reward/food", "variant": 0, "pos": [147, 7]}, "162;9": {"type": "reward/food", "variant": 1, "pos": [162, 9]}, "194;9": {"type": "reward/food", "variant": 1, "pos": [194, 9]}, "205;9": {"type": "reward/food", "variant": 1, "pos": [205, 9]}, "210;9": {"type": "reward/food", "variant": 1, "pos": [210, 9]}, "215;9": {"type": "reward/food", "variant": 1, "pos": [215, 9]}, "200;9": {"type": "reward/food", "variant": 1, "pos": [200, 9]}, "238;14": {"type": "reward/food", "variant": 0, "pos": [238, 14]}, "238;13": {"type": "reward/food", "variant": 0, "pos": [238, 13]}, "238;11": {"type": "reward/food", "variant": 0, "pos": [238, 11]}, "238;10": {"type": "reward/food", "variant": 0, "pos": [238, 10]}, "238;12": {"type": "reward/food", "variant": 0, "pos": [238, 12]}, "235;10": {"type": "reward/food", "variant": 0, "pos": [235, 10]}, "235;9": {"type": "reward/food", "variant": 0, "pos": [235, 9]}, "235;8": {"type": "reward/food", "variant": 0, "pos": [235, 8]}, "235;6": {"type": "reward/food", "variant": 0, "pos": [235, 6]}, "235;7": {"type": "reward/food", "variant": 0, "pos": [235, 7]}, "232;10": {"type": "reward/food", "variant": 0, "pos": [232, 10]}, "232;9": {"type": "reward/food", "variant": 0, "pos": [232, 9]}, "232;8": {"type": "reward/food", "variant": 0, "pos": [232, 8]}, "232;7": {"type": "reward/food", "variant": 0, "pos": [232, 7]}, "232;6": {"type": "reward/food", "variant": 0, "pos": [232, 6]}, "229;11": {"type": "reward/food", "variant": 0, "pos": [229, 11]}, "229;10": {"type": "reward/food", "variant": 0, "pos": [229, 10]}, "229;12": {"type": "reward/food", "variant": 0, "pos": [229, 12]}, "229;13": {"type": "reward/food", "variant": 0, "pos": [229, 13]}, "229;14": {"type": "reward/food", "variant": 0, "pos": [229, 14]}, "248;10": {"type": "reward/food", "variant": 0, "pos": [248, 10]}, "248;12": {"type": "reward/food", "variant": 0, "pos": [248, 12]}, "248;11": {"type": "reward/food", "variant": 0, "pos": [248, 11]}, "248;13": {"type": "reward/food", "variant": 0, "pos": [248, 13]}, "248;14": {"type": "reward/food", "variant": 0, "pos": [248, 14]}, "251;10": {"type": "reward/food", "variant": 0, "pos": [251, 10]}, "251;9": {"type": "reward/food", "variant": 0, "pos": [251, 9]}, "251;8": {"type": "reward/food", "variant": 0, "pos": [251, 8]}, "251;7": {"type": "reward/food", "variant": 0, "pos": [251, 7]}, "251;6": {"type": "reward/food", "variant": 0, "pos": [251, 6]}, "254;7": {"type": "reward/food", "variant": 0, "pos": [254, 7]}, "254;6": {"type": "reward/food", "variant": 0, "pos": [254, 6]}, "254;8": {"type": "reward/food", "variant": 0, "pos": [254, 8]}, "254;10": {"type": "reward/food", "variant": 0, "pos": [254, 10]}, "254;9": {"type": "reward/food", "variant": 0, "pos": [254, 9]}, "257;10": {"type": "reward/food", "variant": 0, "pos": [257, 10]}, "257;11": {"type": "reward/food", "variant": 0, "pos": [257, 11]}, "257;12": {"type": "reward/food", "variant": 0, "pos": [257, 12]}, "257;14": {"type": "reward/food", "variant": 0, "pos": [257, 14]}, "257;13": {"type": "reward/food", "variant": 0, "pos": [257, 13]}, "268;6": {"type": "reward/food", "variant": 0, "pos": [268, 6]}, "269;6": {"type": "reward/food", "variant": 0, "pos": [269, 6]}, "270;6": {"type": "reward/food", "variant": 0, "pos": [270, 6]}, "271;6": {"type": "reward/food", "variant": 0, "pos": [271, 6]}, "272;6": {"type": "reward/food", "variant": 0, "pos": [272, 6]}, "278;6": {"type": "reward/food", "variant": 0, "pos": [278, 6]}, "280;6": {"type": "reward/food", "variant": 0, "pos": [280, 6]}, "279;6": {"type": "reward/food", "variant": 0, "pos": [279, 6]}, "282;6": {"type": "reward/food", "variant": 0, "pos": [282, 6]}, "281;6": {"type": "reward/food", "variant": 0, "pos": [281, 6]}, "291;9": {"type": "reward/food", "variant": 0, "pos": [291, 9]}, "292;10": {"type": "reward/food", "variant": 0, "pos": [292, 10]}, "293;11": {"type": "reward/food", "variant": 0, "pos": [293, 11]}, "301;12": {"type": "reward/food", "variant": 0, "pos": [301, 12]}, "302;13": {"type": "reward/food", "variant": 0, "pos": [302, 13]}, "303;14": {"type": "reward/food", "variant": 0, "pos": [303, 14]}, "328;20": {"type": "reward/food", "variant": 1, "pos": [328, 20]}, "322;20": {"type": "reward/food", "variant": 1, "pos": [322, 20]}, "318;20": {"type": "reward/food", "variant": 1, "pos": [318, 20]}, "314;16": {"type": "reward/food", "variant": 0, "pos": [314, 16]}, "315;16": {"type": "reward/food", "variant": 0, "pos": [315, 16]}, "316;16": {"type": "reward/food", "variant": 0, "pos": [316, 16]}, "324;16": {"type": "reward/food", "variant": 0, "pos": [324, 16]}, "325;16": {"type": "reward/food", "variant": 0, "pos": [325, 16]}, "326;16": {"type": "reward/food", "variant": 0, "pos": [326, 16]}}, "tile_size": 16, "offgrid": [{"type": "spawners", "variant": 0, "pos": [88.4, 137.6]}, {"type": "spawners", "variant": 1, "pos": [483.0, 269.5]}, {"type": "spawners", "variant": 1, "pos": [809.0, 141.5]}, {"type": "spawners", "variant": 1, "pos": [1219.5, 141.5]}, {"type": "spawners", "variant": 1, "pos": [1455.5, 141.5]}, {"type": "spawners", "variant": 1, "pos": [1944.5, 285.5]}, {"type": "spawners", "variant": 1, "pos": [2872.5, 61.0]}, {"type": "spawners", "variant": 1, "pos": [3554.0, 142.0]}, {"type": "spawners", "variant": 1, "pos": [3610.5, 221.5]}, {"type": "spawners", "variant": 1, "pos": [3773.0, 286.0]}, {"type": "spawners", "variant": 1, "pos": [3891.5, 45.5]}, {"type": "spawners", "variant": 1, "pos": [4166.0, 142.5]}, {"type": "spawners", "variant": 1, "pos": [4954.5, 318.0]}, {"type": "spawners", "variant": 3, "pos": [1500.0, 55.5]}, {"type": "spawners", "variant": 3, "pos": [2833.5, 134.5]}, {"type": "checkpoint", "variant": 0, "pos": [1748.0, -41.0]}, {"type": "checkpoint", "variant": 0, "pos": [2607.5, 124.0]}, {"type": "checkpoint", "variant": 0, "pos": [3824.0, 123.0]}]}