{"tilemap": {"0;10": {"type": "tropic", "variant": 7, "pos": [0, 10]}, "1;10": {"type": "tropic", "variant": 8, "pos": [1, 10]}, "2;10": {"type": "tropic", "variant": 8, "pos": [2, 10]}, "3;10": {"type": "tropic", "variant": 1, "pos": [3, 10]}, "4;10": {"type": "tropic", "variant": 1, "pos": [4, 10]}, "5;10": {"type": "tropic", "variant": 1, "pos": [5, 10]}, "6;10": {"type": "tropic", "variant": 1, "pos": [6, 10]}, "7;10": {"type": "tropic", "variant": 1, "pos": [7, 10]}, "8;10": {"type": "tropic", "variant": 1, "pos": [8, 10]}, "9;10": {"type": "tropic", "variant": 1, "pos": [9, 10]}, "12;10": {"type": "tropic", "variant": 1, "pos": [12, 10]}, "13;10": {"type": "tropic", "variant": 1, "pos": [13, 10]}, "13;11": {"type": "tropic", "variant": 5, "pos": [13, 11]}, "12;11": {"type": "tropic", "variant": 5, "pos": [12, 11]}, "9;11": {"type": "tropic", "variant": 5, "pos": [9, 11]}, "8;11": {"type": "tropic", "variant": 5, "pos": [8, 11]}, "7;11": {"type": "tropic", "variant": 5, "pos": [7, 11]}, "6;11": {"type": "tropic", "variant": 5, "pos": [6, 11]}, "5;11": {"type": "tropic", "variant": 5, "pos": [5, 11]}, "4;11": {"type": "tropic", "variant": 5, "pos": [4, 11]}, "3;11": {"type": "tropic", "variant": 5, "pos": [3, 11]}, "2;11": {"type": "tropic", "variant": 5, "pos": [2, 11]}, "1;11": {"type": "tropic", "variant": 5, "pos": [1, 11]}, "0;11": {"type": "tropic", "variant": 6, "pos": [0, 11]}, "14;10": {"type": "tropic", "variant": 1, "pos": [14, 10]}, "14;11": {"type": "tropic", "variant": 5, "pos": [14, 11]}, "15;10": {"type": "tropic", "variant": 1, "pos": [15, 10]}, "15;11": {"type": "tropic", "variant": 5, "pos": [15, 11]}, "0;9": {"type": "tropic", "variant": 7, "pos": [0, 9]}, "0;8": {"type": "tropic", "variant": 7, "pos": [0, 8]}, "0;7": {"type": "tropic", "variant": 7, "pos": [0, 7]}, "0;6": {"type": "tropic", "variant": 0, "pos": [0, 6]}, "1;6": {"type": "tropic", "variant": 1, "pos": [1, 6]}, "1;7": {"type": "tropic", "variant": 8, "pos": [1, 7]}, "1;8": {"type": "tropic", "variant": 8, "pos": [1, 8]}, "1;9": {"type": "tropic", "variant": 8, "pos": [1, 9]}, "2;6": {"type": "tropic", "variant": 2, "pos": [2, 6]}, "2;7": {"type": "tropic", "variant": 3, "pos": [2, 7]}, "2;8": {"type": "tropic", "variant": 3, "pos": [2, 8]}, "2;9": {"type": "tropic", "variant": 3, "pos": [2, 9]}, "16;10": {"type": "tropic", "variant": 1, "pos": [16, 10]}, "17;10": {"type": "tropic", "variant": 1, "pos": [17, 10]}, "17;11": {"type": "tropic", "variant": 5, "pos": [17, 11]}, "16;11": {"type": "tropic", "variant": 5, "pos": [16, 11]}, "10;10": {"type": "tropic", "variant": 1, "pos": [10, 10]}, "11;10": {"type": "tropic", "variant": 1, "pos": [11, 10]}, "11;11": {"type": "tropic", "variant": 5, "pos": [11, 11]}, "10;11": {"type": "tropic", "variant": 5, "pos": [10, 11]}, "78;10": {"type": "tropic", "variant": 1, "pos": [78, 10]}, "77;11": {"type": "tropic", "variant": 5, "pos": [77, 11]}, "80;11": {"type": "tropic", "variant": 5, "pos": [80, 11]}, "80;10": {"type": "tropic", "variant": 1, "pos": [80, 10]}, "79;10": {"type": "tropic", "variant": 1, "pos": [79, 10]}, "77;10": {"type": "tropic", "variant": 1, "pos": [77, 10]}, "78;11": {"type": "tropic", "variant": 5, "pos": [78, 11]}, "79;11": {"type": "tropic", "variant": 5, "pos": [79, 11]}, "76;10": {"type": "tropic", "variant": 1, "pos": [76, 10]}, "76;11": {"type": "tropic", "variant": 5, "pos": [76, 11]}, "328;21": {"type": "tropic", "variant": 0, "pos": [328, 21]}, "329;21": {"type": "tropic", "variant": 1, "pos": [329, 21]}, "330;21": {"type": "tropic", "variant": 1, "pos": [330, 21]}, "331;21": {"type": "tropic", "variant": 1, "pos": [331, 21]}, "332;21": {"type": "tropic", "variant": 1, "pos": [332, 21]}, "333;21": {"type": "tropic", "variant": 1, "pos": [333, 21]}, "334;21": {"type": "tropic", "variant": 1, "pos": [334, 21]}, "335;21": {"type": "tropic", "variant": 1, "pos": [335, 21]}, "336;21": {"type": "tropic", "variant": 1, "pos": [336, 21]}, "337;21": {"type": "tropic", "variant": 1, "pos": [337, 21]}, "338;21": {"type": "tropic", "variant": 1, "pos": [338, 21]}, "339;21": {"type": "tropic", "variant": 1, "pos": [339, 21]}, "339;22": {"type": "tropic", "variant": 5, "pos": [339, 22]}, "338;22": {"type": "tropic", "variant": 5, "pos": [338, 22]}, "337;22": {"type": "tropic", "variant": 5, "pos": [337, 22]}, "336;22": {"type": "tropic", "variant": 5, "pos": [336, 22]}, "335;22": {"type": "tropic", "variant": 5, "pos": [335, 22]}, "334;22": {"type": "tropic", "variant": 5, "pos": [334, 22]}, "333;22": {"type": "tropic", "variant": 5, "pos": [333, 22]}, "332;22": {"type": "tropic", "variant": 5, "pos": [332, 22]}, "331;22": {"type": "tropic", "variant": 5, "pos": [331, 22]}, "330;22": {"type": "tropic", "variant": 5, "pos": [330, 22]}, "329;22": {"type": "tropic", "variant": 5, "pos": [329, 22]}, "328;22": {"type": "tropic", "variant": 6, "pos": [328, 22]}, "340;21": {"type": "tropic", "variant": 1, "pos": [340, 21]}, "341;21": {"type": "tropic", "variant": 1, "pos": [341, 21]}, "343;21": {"type": "tropic", "variant": 1, "pos": [343, 21]}, "344;21": {"type": "tropic", "variant": 1, "pos": [344, 21]}, "345;21": {"type": "tropic", "variant": 1, "pos": [345, 21]}, "346;21": {"type": "tropic", "variant": 1, "pos": [346, 21]}, "347;21": {"type": "tropic", "variant": 1, "pos": [347, 21]}, "348;21": {"type": "tropic", "variant": 1, "pos": [348, 21]}, "349;21": {"type": "tropic", "variant": 1, "pos": [349, 21]}, "348;22": {"type": "tropic", "variant": 5, "pos": [348, 22]}, "347;22": {"type": "tropic", "variant": 5, "pos": [347, 22]}, "346;22": {"type": "tropic", "variant": 5, "pos": [346, 22]}, "345;22": {"type": "tropic", "variant": 5, "pos": [345, 22]}, "344;22": {"type": "tropic", "variant": 5, "pos": [344, 22]}, "343;22": {"type": "tropic", "variant": 5, "pos": [343, 22]}, "342;22": {"type": "tropic", "variant": 5, "pos": [342, 22]}, "341;22": {"type": "tropic", "variant": 5, "pos": [341, 22]}, "340;22": {"type": "tropic", "variant": 5, "pos": [340, 22]}, "342;21": {"type": "tropic", "variant": 1, "pos": [342, 21]}, "350;21": {"type": "tropic", "variant": 1, "pos": [350, 21]}, "350;22": {"type": "tropic", "variant": 5, "pos": [350, 22]}, "349;22": {"type": "tropic", "variant": 5, "pos": [349, 22]}, "344;19": {"type": "finishline", "variant": 0, "pos": [344, 19]}, "345;19": {"type": "finishline", "variant": 1, "pos": [345, 19]}, "344;20": {"type": "finishline", "variant": 2, "pos": [344, 20]}, "345;20": {"type": "finishline", "variant": 3, "pos": [345, 20]}, "21;10": {"type": "tropic", "variant": 1, "pos": [21, 10]}, "22;10": {"type": "tropic", "variant": 1, "pos": [22, 10]}, "23;10": {"type": "tropic", "variant": 1, "pos": [23, 10]}, "24;10": {"type": "tropic", "variant": 1, "pos": [24, 10]}, "25;10": {"type": "tropic", "variant": 1, "pos": [25, 10]}, "26;10": {"type": "tropic", "variant": 1, "pos": [26, 10]}, "27;10": {"type": "tropic", "variant": 2, "pos": [27, 10]}, "27;11": {"type": "tropic", "variant": 4, "pos": [27, 11]}, "26;11": {"type": "tropic", "variant": 5, "pos": [26, 11]}, "25;11": {"type": "tropic", "variant": 5, "pos": [25, 11]}, "24;11": {"type": "tropic", "variant": 5, "pos": [24, 11]}, "23;11": {"type": "tropic", "variant": 5, "pos": [23, 11]}, "22;11": {"type": "tropic", "variant": 5, "pos": [22, 11]}, "21;11": {"type": "tropic", "variant": 5, "pos": [21, 11]}, "47;10": {"type": "tropic", "variant": 0, "pos": [47, 10]}, "49;10": {"type": "decor/fireswing", "variant": 0, "pos": [49, 10]}, "50;10": {"type": "tropic", "variant": 1, "pos": [50, 10]}, "51;10": {"type": "tropic", "variant": 2, "pos": [51, 10]}, "51;11": {"type": "tropic", "variant": 4, "pos": [51, 11]}, "50;11": {"type": "tropic", "variant": 5, "pos": [50, 11]}, "49;11": {"type": "tropic", "variant": 5, "pos": [49, 11]}, "62;10": {"type": "tropic", "variant": 1, "pos": [62, 10]}, "63;10": {"type": "tropic", "variant": 1, "pos": [63, 10]}, "64;10": {"type": "tropic", "variant": 1, "pos": [64, 10]}, "65;10": {"type": "tropic", "variant": 1, "pos": [65, 10]}, "66;10": {"type": "tropic", "variant": 1, "pos": [66, 10]}, "67;10": {"type": "tropic", "variant": 1, "pos": [67, 10]}, "68;10": {"type": "tropic", "variant": 2, "pos": [68, 10]}, "68;11": {"type": "tropic", "variant": 4, "pos": [68, 11]}, "67;11": {"type": "tropic", "variant": 8, "pos": [67, 11]}, "66;11": {"type": "tropic", "variant": 5, "pos": [66, 11]}, "65;11": {"type": "tropic", "variant": 5, "pos": [65, 11]}, "64;11": {"type": "tropic", "variant": 5, "pos": [64, 11]}, "63;11": {"type": "tropic", "variant": 5, "pos": [63, 11]}, "62;11": {"type": "tropic", "variant": 5, "pos": [62, 11]}, "61;11": {"type": "tropic", "variant": 5, "pos": [61, 11]}, "61;10": {"type": "tropic", "variant": 1, "pos": [61, 10]}, "67;12": {"type": "tropic", "variant": 7, "pos": [67, 12]}, "67;13": {"type": "tropic", "variant": 7, "pos": [67, 13]}, "67;14": {"type": "tropic", "variant": 7, "pos": [67, 14]}, "67;15": {"type": "tropic", "variant": 7, "pos": [67, 15]}, "67;16": {"type": "tropic", "variant": 7, "pos": [67, 16]}, "68;16": {"type": "tropic", "variant": 3, "pos": [68, 16]}, "68;17": {"type": "tropic", "variant": 3, "pos": [68, 17]}, "68;18": {"type": "tropic", "variant": 8, "pos": [68, 18]}, "68;19": {"type": "tropic", "variant": 5, "pos": [68, 19]}, "68;15": {"type": "tropic", "variant": 3, "pos": [68, 15]}, "68;14": {"type": "tropic", "variant": 3, "pos": [68, 14]}, "68;13": {"type": "tropic", "variant": 2, "pos": [68, 13]}, "68;12": {"type": "decor/fireswing", "variant": 0, "pos": [68, 12]}, "67;17": {"type": "tropic", "variant": 7, "pos": [67, 17]}, "67;18": {"type": "tropic", "variant": 7, "pos": [67, 18]}, "67;19": {"type": "tropic", "variant": 6, "pos": [67, 19]}, "72;19": {"type": "tropic", "variant": 5, "pos": [72, 19]}, "72;18": {"type": "tropic", "variant": 8, "pos": [72, 18]}, "72;17": {"type": "tropic", "variant": 7, "pos": [72, 17]}, "72;16": {"type": "tropic", "variant": 7, "pos": [72, 16]}, "72;15": {"type": "tropic", "variant": 7, "pos": [72, 15]}, "72;14": {"type": "tropic", "variant": 7, "pos": [72, 14]}, "72;13": {"type": "tropic", "variant": 0, "pos": [72, 13]}, "72;12": {"type": "decor/fireswing", "variant": 0, "pos": [72, 12]}, "72;11": {"type": "tropic", "variant": 6, "pos": [72, 11]}, "72;10": {"type": "tropic", "variant": 0, "pos": [72, 10]}, "73;10": {"type": "tropic", "variant": 1, "pos": [73, 10]}, "73;11": {"type": "tropic", "variant": 8, "pos": [73, 11]}, "73;12": {"type": "tropic", "variant": 3, "pos": [73, 12]}, "73;13": {"type": "tropic", "variant": 3, "pos": [73, 13]}, "73;14": {"type": "tropic", "variant": 3, "pos": [73, 14]}, "73;15": {"type": "tropic", "variant": 3, "pos": [73, 15]}, "73;16": {"type": "tropic", "variant": 3, "pos": [73, 16]}, "73;17": {"type": "tropic", "variant": 3, "pos": [73, 17]}, "73;18": {"type": "tropic", "variant": 3, "pos": [73, 18]}, "73;19": {"type": "tropic", "variant": 4, "pos": [73, 19]}, "74;11": {"type": "tropic", "variant": 5, "pos": [74, 11]}, "75;11": {"type": "tropic", "variant": 5, "pos": [75, 11]}, "75;10": {"type": "tropic", "variant": 1, "pos": [75, 10]}, "74;10": {"type": "tropic", "variant": 1, "pos": [74, 10]}, "66;8": {"type": "decor/tree", "variant": 2, "pos": [66, 8]}, "65;8": {"type": "decor/tree", "variant": 2, "pos": [65, 8]}, "73;8": {"type": "decor/tree", "variant": 2, "pos": [73, 8]}, "62;8": {"type": "decor/tropic_tree", "variant": 4, "pos": [62, 8]}, "61;8": {"type": "decor/tropic_tree", "variant": 3, "pos": [61, 8]}, "62;7": {"type": "decor/tropic_tree", "variant": 1, "pos": [62, 7]}, "61;7": {"type": "decor/tropic_tree", "variant": 0, "pos": [61, 7]}, "63;7": {"type": "decor/tropic_tree", "variant": 2, "pos": [63, 7]}, "63;8": {"type": "decor/tropic_tree", "variant": 5, "pos": [63, 8]}, "62;9": {"type": "decor/tropic_tree", "variant": 11, "pos": [62, 9]}, "64;9": {"type": "decor/tree", "variant": 0, "pos": [64, 9]}, "63;9": {"type": "decor/tropic_tree", "variant": 12, "pos": [63, 9]}, "18;10": {"type": "tropic", "variant": 1, "pos": [18, 10]}, "19;10": {"type": "tropic", "variant": 1, "pos": [19, 10]}, "20;10": {"type": "tropic", "variant": 1, "pos": [20, 10]}, "20;11": {"type": "tropic", "variant": 5, "pos": [20, 11]}, "19;11": {"type": "tropic", "variant": 5, "pos": [19, 11]}, "18;11": {"type": "tropic", "variant": 5, "pos": [18, 11]}, "69;18": {"type": "tropic", "variant": 1, "pos": [69, 18]}, "70;18": {"type": "tropic", "variant": 1, "pos": [70, 18]}, "71;18": {"type": "tropic", "variant": 1, "pos": [71, 18]}, "71;19": {"type": "tropic", "variant": 5, "pos": [71, 19]}, "70;19": {"type": "tropic", "variant": 5, "pos": [70, 19]}, "69;19": {"type": "tropic", "variant": 5, "pos": [69, 19]}, "81;11": {"type": "tropic", "variant": 5, "pos": [81, 11]}, "81;10": {"type": "tropic", "variant": 1, "pos": [81, 10]}, "82;10": {"type": "tropic", "variant": 1, "pos": [82, 10]}, "82;11": {"type": "tropic", "variant": 5, "pos": [82, 11]}, "83;11": {"type": "tropic", "variant": 5, "pos": [83, 11]}, "83;10": {"type": "tropic", "variant": 1, "pos": [83, 10]}, "84;10": {"type": "tropic", "variant": 1, "pos": [84, 10]}, "84;11": {"type": "tropic", "variant": 5, "pos": [84, 11]}, "85;11": {"type": "tropic", "variant": 5, "pos": [85, 11]}, "85;10": {"type": "tropic", "variant": 1, "pos": [85, 10]}, "86;10": {"type": "tropic", "variant": 1, "pos": [86, 10]}, "86;11": {"type": "tropic", "variant": 5, "pos": [86, 11]}, "84;2": {"type": "tropic", "variant": 7, "pos": [84, 2]}, "84;3": {"type": "tropic", "variant": 7, "pos": [84, 3]}, "84;4": {"type": "tropic", "variant": 7, "pos": [84, 4]}, "84;5": {"type": "tropic", "variant": 7, "pos": [84, 5]}, "85;5": {"type": "tropic", "variant": 8, "pos": [85, 5]}, "86;5": {"type": "tropic", "variant": 1, "pos": [86, 5]}, "87;5": {"type": "tropic", "variant": 1, "pos": [87, 5]}, "88;5": {"type": "tropic", "variant": 1, "pos": [88, 5]}, "89;5": {"type": "tropic", "variant": 1, "pos": [89, 5]}, "90;5": {"type": "tropic", "variant": 1, "pos": [90, 5]}, "91;5": {"type": "tropic", "variant": 1, "pos": [91, 5]}, "92;5": {"type": "tropic", "variant": 1, "pos": [92, 5]}, "93;5": {"type": "tropic", "variant": 1, "pos": [93, 5]}, "94;5": {"type": "tropic", "variant": 1, "pos": [94, 5]}, "95;5": {"type": "tropic", "variant": 1, "pos": [95, 5]}, "96;5": {"type": "tropic", "variant": 1, "pos": [96, 5]}, "97;5": {"type": "tropic", "variant": 1, "pos": [97, 5]}, "98;5": {"type": "tropic", "variant": 1, "pos": [98, 5]}, "99;5": {"type": "tropic", "variant": 1, "pos": [99, 5]}, "100;5": {"type": "tropic", "variant": 1, "pos": [100, 5]}, "101;5": {"type": "tropic", "variant": 1, "pos": [101, 5]}, "102;5": {"type": "tropic", "variant": 1, "pos": [102, 5]}, "103;5": {"type": "tropic", "variant": 1, "pos": [103, 5]}, "104;5": {"type": "tropic", "variant": 1, "pos": [104, 5]}, "105;5": {"type": "tropic", "variant": 1, "pos": [105, 5]}, "106;5": {"type": "tropic", "variant": 1, "pos": [106, 5]}, "107;5": {"type": "tropic", "variant": 1, "pos": [107, 5]}, "108;5": {"type": "tropic", "variant": 1, "pos": [108, 5]}, "109;5": {"type": "tropic", "variant": 8, "pos": [109, 5]}, "110;5": {"type": "tropic", "variant": 3, "pos": [110, 5]}, "110;6": {"type": "tropic", "variant": 4, "pos": [110, 6]}, "109;6": {"type": "decor/fireswing", "variant": 0, "pos": [109, 6]}, "108;6": {"type": "tropic", "variant": 5, "pos": [108, 6]}, "107;6": {"type": "tropic", "variant": 5, "pos": [107, 6]}, "106;6": {"type": "tropic", "variant": 5, "pos": [106, 6]}, "105;6": {"type": "tropic", "variant": 5, "pos": [105, 6]}, "104;6": {"type": "tropic", "variant": 5, "pos": [104, 6]}, "103;6": {"type": "decor/fireswing", "variant": 0, "pos": [103, 6]}, "102;6": {"type": "tropic", "variant": 5, "pos": [102, 6]}, "101;6": {"type": "tropic", "variant": 5, "pos": [101, 6]}, "100;6": {"type": "tropic", "variant": 5, "pos": [100, 6]}, "99;6": {"type": "tropic", "variant": 5, "pos": [99, 6]}, "98;6": {"type": "tropic", "variant": 5, "pos": [98, 6]}, "97;6": {"type": "decor/fireswing", "variant": 0, "pos": [97, 6]}, "96;6": {"type": "tropic", "variant": 5, "pos": [96, 6]}, "95;6": {"type": "tropic", "variant": 5, "pos": [95, 6]}, "94;6": {"type": "tropic", "variant": 5, "pos": [94, 6]}, "93;6": {"type": "tropic", "variant": 5, "pos": [93, 6]}, "92;6": {"type": "tropic", "variant": 5, "pos": [92, 6]}, "91;6": {"type": "decor/fireswing", "variant": 0, "pos": [91, 6]}, "90;6": {"type": "tropic", "variant": 5, "pos": [90, 6]}, "89;6": {"type": "tropic", "variant": 5, "pos": [89, 6]}, "88;6": {"type": "tropic", "variant": 5, "pos": [88, 6]}, "87;6": {"type": "tropic", "variant": 5, "pos": [87, 6]}, "86;6": {"type": "tropic", "variant": 5, "pos": [86, 6]}, "85;6": {"type": "decor/fireswing", "variant": 0, "pos": [85, 6]}, "87;10": {"type": "tropic", "variant": 1, "pos": [87, 10]}, "88;10": {"type": "decor/fireswing", "variant": 0, "pos": [88, 10]}, "89;10": {"type": "tropic", "variant": 1, "pos": [89, 10]}, "90;10": {"type": "tropic", "variant": 1, "pos": [90, 10]}, "91;10": {"type": "tropic", "variant": 1, "pos": [91, 10]}, "93;10": {"type": "tropic", "variant": 1, "pos": [93, 10]}, "94;10": {"type": "tropic", "variant": 1, "pos": [94, 10]}, "95;10": {"type": "tropic", "variant": 1, "pos": [95, 10]}, "96;10": {"type": "tropic", "variant": 1, "pos": [96, 10]}, "97;10": {"type": "tropic", "variant": 1, "pos": [97, 10]}, "98;10": {"type": "tropic", "variant": 1, "pos": [98, 10]}, "99;10": {"type": "tropic", "variant": 1, "pos": [99, 10]}, "100;10": {"type": "tropic", "variant": 1, "pos": [100, 10]}, "101;10": {"type": "tropic", "variant": 1, "pos": [101, 10]}, "102;10": {"type": "tropic", "variant": 1, "pos": [102, 10]}, "103;10": {"type": "tropic", "variant": 1, "pos": [103, 10]}, "104;10": {"type": "tropic", "variant": 1, "pos": [104, 10]}, "105;10": {"type": "tropic", "variant": 1, "pos": [105, 10]}, "106;10": {"type": "tropic", "variant": 1, "pos": [106, 10]}, "107;10": {"type": "decor/fireswing", "variant": 0, "pos": [107, 10]}, "108;10": {"type": "tropic", "variant": 1, "pos": [108, 10]}, "109;10": {"type": "tropic", "variant": 1, "pos": [109, 10]}, "110;10": {"type": "tropic", "variant": 1, "pos": [110, 10]}, "111;10": {"type": "tropic", "variant": 1, "pos": [111, 10]}, "110;11": {"type": "tropic", "variant": 5, "pos": [110, 11]}, "109;11": {"type": "tropic", "variant": 5, "pos": [109, 11]}, "108;11": {"type": "tropic", "variant": 5, "pos": [108, 11]}, "107;11": {"type": "tropic", "variant": 5, "pos": [107, 11]}, "106;11": {"type": "tropic", "variant": 5, "pos": [106, 11]}, "105;11": {"type": "tropic", "variant": 5, "pos": [105, 11]}, "103;11": {"type": "tropic", "variant": 5, "pos": [103, 11]}, "102;11": {"type": "tropic", "variant": 5, "pos": [102, 11]}, "101;11": {"type": "tropic", "variant": 5, "pos": [101, 11]}, "100;11": {"type": "tropic", "variant": 5, "pos": [100, 11]}, "99;11": {"type": "tropic", "variant": 5, "pos": [99, 11]}, "98;11": {"type": "tropic", "variant": 5, "pos": [98, 11]}, "97;11": {"type": "tropic", "variant": 5, "pos": [97, 11]}, "96;11": {"type": "tropic", "variant": 5, "pos": [96, 11]}, "95;11": {"type": "tropic", "variant": 5, "pos": [95, 11]}, "94;11": {"type": "tropic", "variant": 5, "pos": [94, 11]}, "93;11": {"type": "tropic", "variant": 5, "pos": [93, 11]}, "92;11": {"type": "tropic", "variant": 5, "pos": [92, 11]}, "91;11": {"type": "tropic", "variant": 5, "pos": [91, 11]}, "90;11": {"type": "tropic", "variant": 5, "pos": [90, 11]}, "89;11": {"type": "tropic", "variant": 5, "pos": [89, 11]}, "88;11": {"type": "tropic", "variant": 5, "pos": [88, 11]}, "87;11": {"type": "tropic", "variant": 5, "pos": [87, 11]}, "104;11": {"type": "tropic", "variant": 5, "pos": [104, 11]}, "111;11": {"type": "tropic", "variant": 5, "pos": [111, 11]}, "109;4": {"type": "tropic", "variant": 7, "pos": [109, 4]}, "109;3": {"type": "tropic", "variant": 7, "pos": [109, 3]}, "109;2": {"type": "tropic", "variant": 7, "pos": [109, 2]}, "109;1": {"type": "tropic", "variant": 7, "pos": [109, 1]}, "109;0": {"type": "tropic", "variant": 0, "pos": [109, 0]}, "110;0": {"type": "tropic", "variant": 1, "pos": [110, 0]}, "110;1": {"type": "tropic", "variant": 8, "pos": [110, 1]}, "110;2": {"type": "tropic", "variant": 3, "pos": [110, 2]}, "110;3": {"type": "tropic", "variant": 3, "pos": [110, 3]}, "110;4": {"type": "tropic", "variant": 3, "pos": [110, 4]}, "112;10": {"type": "tropic", "variant": 1, "pos": [112, 10]}, "112;11": {"type": "tropic", "variant": 5, "pos": [112, 11]}, "113;11": {"type": "tropic", "variant": 5, "pos": [113, 11]}, "114;11": {"type": "tropic", "variant": 5, "pos": [114, 11]}, "115;11": {"type": "tropic", "variant": 5, "pos": [115, 11]}, "116;11": {"type": "tropic", "variant": 5, "pos": [116, 11]}, "116;10": {"type": "tropic", "variant": 1, "pos": [116, 10]}, "115;10": {"type": "tropic", "variant": 1, "pos": [115, 10]}, "114;10": {"type": "tropic", "variant": 1, "pos": [114, 10]}, "113;10": {"type": "tropic", "variant": 1, "pos": [113, 10]}, "117;10": {"type": "tropic", "variant": 1, "pos": [117, 10]}, "118;10": {"type": "tropic", "variant": 2, "pos": [118, 10]}, "118;11": {"type": "tropic", "variant": 3, "pos": [118, 11]}, "117;11": {"type": "tropic", "variant": 8, "pos": [117, 11]}, "123;10": {"type": "movingtile", "variant": 0, "pos": [123, 10]}, "124;10": {"type": "movingtile", "variant": 0, "pos": [124, 10]}, "125;10": {"type": "movingtile", "variant": 0, "pos": [125, 10]}, "143;10": {"type": "movingtile", "variant": 0, "pos": [143, 10]}, "144;10": {"type": "movingtile", "variant": 0, "pos": [144, 10]}, "145;10": {"type": "movingtile", "variant": 0, "pos": [145, 10]}, "135;10": {"type": "movingtile", "variant": 1, "pos": [135, 10]}, "134;10": {"type": "movingtile", "variant": 1, "pos": [134, 10]}, "133;10": {"type": "movingtile", "variant": 1, "pos": [133, 10]}, "153;10": {"type": "movingtile", "variant": 1, "pos": [153, 10]}, "154;10": {"type": "movingtile", "variant": 1, "pos": [154, 10]}, "155;10": {"type": "movingtile", "variant": 1, "pos": [155, 10]}, "128;4": {"type": "decor/fireswing", "variant": 0, "pos": [128, 4]}, "129;4": {"type": "tropic", "variant": 5, "pos": [129, 4]}, "130;4": {"type": "tropic", "variant": 5, "pos": [130, 4]}, "131;4": {"type": "decor/fireswing", "variant": 0, "pos": [131, 4]}, "131;3": {"type": "tropic", "variant": 2, "pos": [131, 3]}, "130;3": {"type": "tropic", "variant": 1, "pos": [130, 3]}, "129;3": {"type": "tropic", "variant": 1, "pos": [129, 3]}, "128;3": {"type": "tropic", "variant": 0, "pos": [128, 3]}, "137;4": {"type": "tropic", "variant": 6, "pos": [137, 4]}, "138;4": {"type": "decor/fireswing", "variant": 0, "pos": [138, 4]}, "139;4": {"type": "tropic", "variant": 5, "pos": [139, 4]}, "137;3": {"type": "tropic", "variant": 0, "pos": [137, 3]}, "138;3": {"type": "tropic", "variant": 1, "pos": [138, 3]}, "139;3": {"type": "tropic", "variant": 1, "pos": [139, 3]}, "148;4": {"type": "decor/fireswing", "variant": 0, "pos": [148, 4]}, "149;4": {"type": "tropic", "variant": 5, "pos": [149, 4]}, "150;4": {"type": "tropic", "variant": 5, "pos": [150, 4]}, "151;4": {"type": "decor/fireswing", "variant": 0, "pos": [151, 4]}, "151;3": {"type": "tropic", "variant": 2, "pos": [151, 3]}, "150;3": {"type": "tropic", "variant": 1, "pos": [150, 3]}, "149;3": {"type": "tropic", "variant": 1, "pos": [149, 3]}, "148;3": {"type": "tropic", "variant": 0, "pos": [148, 3]}, "158;3": {"type": "tropic", "variant": 0, "pos": [158, 3]}, "158;4": {"type": "tropic", "variant": 6, "pos": [158, 4]}, "159;4": {"type": "decor/fireswing", "variant": 0, "pos": [159, 4]}, "160;4": {"type": "tropic", "variant": 4, "pos": [160, 4]}, "160;3": {"type": "tropic", "variant": 2, "pos": [160, 3]}, "159;3": {"type": "tropic", "variant": 1, "pos": [159, 3]}, "162;10": {"type": "tropic", "variant": 0, "pos": [162, 10]}, "162;11": {"type": "tropic", "variant": 7, "pos": [162, 11]}, "163;10": {"type": "tropic", "variant": 1, "pos": [163, 10]}, "164;10": {"type": "tropic", "variant": 1, "pos": [164, 10]}, "165;10": {"type": "tropic", "variant": 1, "pos": [165, 10]}, "166;10": {"type": "tropic", "variant": 1, "pos": [166, 10]}, "167;10": {"type": "tropic", "variant": 1, "pos": [167, 10]}, "168;10": {"type": "tropic", "variant": 1, "pos": [168, 10]}, "169;10": {"type": "tropic", "variant": 1, "pos": [169, 10]}, "170;10": {"type": "tropic", "variant": 8, "pos": [170, 10]}, "171;10": {"type": "tropic", "variant": 8, "pos": [171, 10]}, "171;11": {"type": "tropic", "variant": 5, "pos": [171, 11]}, "170;11": {"type": "tropic", "variant": 5, "pos": [170, 11]}, "169;11": {"type": "tropic", "variant": 5, "pos": [169, 11]}, "168;11": {"type": "tropic", "variant": 5, "pos": [168, 11]}, "167;11": {"type": "tropic", "variant": 5, "pos": [167, 11]}, "166;11": {"type": "tropic", "variant": 5, "pos": [166, 11]}, "165;11": {"type": "tropic", "variant": 5, "pos": [165, 11]}, "164;11": {"type": "tropic", "variant": 5, "pos": [164, 11]}, "163;11": {"type": "tropic", "variant": 8, "pos": [163, 11]}, "172;10": {"type": "tropic", "variant": 8, "pos": [172, 10]}, "172;11": {"type": "tropic", "variant": 5, "pos": [172, 11]}, "173;11": {"type": "tropic", "variant": 5, "pos": [173, 11]}, "174;11": {"type": "tropic", "variant": 5, "pos": [174, 11]}, "175;11": {"type": "tropic", "variant": 5, "pos": [175, 11]}, "176;11": {"type": "tropic", "variant": 5, "pos": [176, 11]}, "177;11": {"type": "tropic", "variant": 5, "pos": [177, 11]}, "178;11": {"type": "tropic", "variant": 5, "pos": [178, 11]}, "179;11": {"type": "tropic", "variant": 5, "pos": [179, 11]}, "180;11": {"type": "tropic", "variant": 5, "pos": [180, 11]}, "181;11": {"type": "tropic", "variant": 5, "pos": [181, 11]}, "183;10": {"type": "tropic", "variant": 8, "pos": [183, 10]}, "182;10": {"type": "tropic", "variant": 8, "pos": [182, 10]}, "181;10": {"type": "tropic", "variant": 8, "pos": [181, 10]}, "180;10": {"type": "tropic", "variant": 8, "pos": [180, 10]}, "179;10": {"type": "tropic", "variant": 8, "pos": [179, 10]}, "178;10": {"type": "tropic", "variant": 8, "pos": [178, 10]}, "177;10": {"type": "tropic", "variant": 8, "pos": [177, 10]}, "176;10": {"type": "tropic", "variant": 8, "pos": [176, 10]}, "175;10": {"type": "tropic", "variant": 8, "pos": [175, 10]}, "174;10": {"type": "tropic", "variant": 8, "pos": [174, 10]}, "173;10": {"type": "tropic", "variant": 8, "pos": [173, 10]}, "182;11": {"type": "tropic", "variant": 5, "pos": [182, 11]}, "183;11": {"type": "tropic", "variant": 5, "pos": [183, 11]}, "184;10": {"type": "tropic", "variant": 8, "pos": [184, 10]}, "185;10": {"type": "tropic", "variant": 8, "pos": [185, 10]}, "186;10": {"type": "tropic", "variant": 8, "pos": [186, 10]}, "187;10": {"type": "tropic", "variant": 3, "pos": [187, 10]}, "187;11": {"type": "tropic", "variant": 4, "pos": [187, 11]}, "186;11": {"type": "tropic", "variant": 5, "pos": [186, 11]}, "185;11": {"type": "tropic", "variant": 5, "pos": [185, 11]}, "184;11": {"type": "tropic", "variant": 5, "pos": [184, 11]}, "258;11": {"type": "tropic", "variant": 6, "pos": [258, 11]}, "258;10": {"type": "tropic", "variant": 0, "pos": [258, 10]}, "259;10": {"type": "tropic", "variant": 1, "pos": [259, 10]}, "259;11": {"type": "tropic", "variant": 5, "pos": [259, 11]}, "163;12": {"type": "tropic", "variant": 3, "pos": [163, 12]}, "162;12": {"type": "tropic", "variant": 7, "pos": [162, 12]}, "162;13": {"type": "tropic", "variant": 7, "pos": [162, 13]}, "162;14": {"type": "tropic", "variant": 7, "pos": [162, 14]}, "162;15": {"type": "tropic", "variant": 7, "pos": [162, 15]}, "162;16": {"type": "tropic", "variant": 7, "pos": [162, 16]}, "162;17": {"type": "tropic", "variant": 7, "pos": [162, 17]}, "162;18": {"type": "tropic", "variant": 7, "pos": [162, 18]}, "162;19": {"type": "tropic", "variant": 8, "pos": [162, 19]}, "162;20": {"type": "tropic", "variant": 5, "pos": [162, 20]}, "163;20": {"type": "tropic", "variant": 4, "pos": [163, 20]}, "163;19": {"type": "tropic", "variant": 3, "pos": [163, 19]}, "163;18": {"type": "tropic", "variant": 3, "pos": [163, 18]}, "163;17": {"type": "tropic", "variant": 3, "pos": [163, 17]}, "163;16": {"type": "tropic", "variant": 3, "pos": [163, 16]}, "163;15": {"type": "tropic", "variant": 3, "pos": [163, 15]}, "163;14": {"type": "tropic", "variant": 3, "pos": [163, 14]}, "163;13": {"type": "tropic", "variant": 3, "pos": [163, 13]}, "161;19": {"type": "tropic", "variant": 1, "pos": [161, 19]}, "160;19": {"type": "tropic", "variant": 1, "pos": [160, 19]}, "159;19": {"type": "tropic", "variant": 1, "pos": [159, 19]}, "158;19": {"type": "tropic", "variant": 1, "pos": [158, 19]}, "157;19": {"type": "tropic", "variant": 0, "pos": [157, 19]}, "157;20": {"type": "tropic", "variant": 6, "pos": [157, 20]}, "158;20": {"type": "tropic", "variant": 5, "pos": [158, 20]}, "159;20": {"type": "tropic", "variant": 5, "pos": [159, 20]}, "160;20": {"type": "tropic", "variant": 5, "pos": [160, 20]}, "161;20": {"type": "tropic", "variant": 5, "pos": [161, 20]}, "118;12": {"type": "tropic", "variant": 3, "pos": [118, 12]}, "118;13": {"type": "tropic", "variant": 3, "pos": [118, 13]}, "118;14": {"type": "tropic", "variant": 3, "pos": [118, 14]}, "118;15": {"type": "tropic", "variant": 3, "pos": [118, 15]}, "118;16": {"type": "tropic", "variant": 3, "pos": [118, 16]}, "118;17": {"type": "tropic", "variant": 3, "pos": [118, 17]}, "118;18": {"type": "tropic", "variant": 3, "pos": [118, 18]}, "118;19": {"type": "tropic", "variant": 8, "pos": [118, 19]}, "117;19": {"type": "tropic", "variant": 7, "pos": [117, 19]}, "117;18": {"type": "tropic", "variant": 7, "pos": [117, 18]}, "117;17": {"type": "tropic", "variant": 7, "pos": [117, 17]}, "117;16": {"type": "tropic", "variant": 7, "pos": [117, 16]}, "117;15": {"type": "tropic", "variant": 7, "pos": [117, 15]}, "117;14": {"type": "tropic", "variant": 7, "pos": [117, 14]}, "117;13": {"type": "tropic", "variant": 7, "pos": [117, 13]}, "117;12": {"type": "tropic", "variant": 7, "pos": [117, 12]}, "119;19": {"type": "tropic", "variant": 1, "pos": [119, 19]}, "120;19": {"type": "tropic", "variant": 1, "pos": [120, 19]}, "121;19": {"type": "tropic", "variant": 1, "pos": [121, 19]}, "122;19": {"type": "tropic", "variant": 1, "pos": [122, 19]}, "122;20": {"type": "tropic", "variant": 5, "pos": [122, 20]}, "121;20": {"type": "tropic", "variant": 5, "pos": [121, 20]}, "120;20": {"type": "tropic", "variant": 5, "pos": [120, 20]}, "119;20": {"type": "tropic", "variant": 5, "pos": [119, 20]}, "118;20": {"type": "tropic", "variant": 5, "pos": [118, 20]}, "117;20": {"type": "tropic", "variant": 6, "pos": [117, 20]}, "123;19": {"type": "tropic", "variant": 2, "pos": [123, 19]}, "123;20": {"type": "tropic", "variant": 4, "pos": [123, 20]}, "322;21": {"type": "tropic", "variant": 2, "pos": [322, 21]}, "322;22": {"type": "tropic", "variant": 4, "pos": [322, 22]}, "321;22": {"type": "tropic", "variant": 5, "pos": [321, 22]}, "320;22": {"type": "tropic", "variant": 5, "pos": [320, 22]}, "319;22": {"type": "tropic", "variant": 5, "pos": [319, 22]}, "318;22": {"type": "tropic", "variant": 6, "pos": [318, 22]}, "318;21": {"type": "tropic", "variant": 0, "pos": [318, 21]}, "319;21": {"type": "tropic", "variant": 2, "pos": [319, 21]}, "320;21": {"type": "decor/fireswing", "variant": 0, "pos": [320, 21]}, "321;21": {"type": "tropic", "variant": 0, "pos": [321, 21]}, "312;21": {"type": "tropic", "variant": 2, "pos": [312, 21]}, "312;22": {"type": "tropic", "variant": 4, "pos": [312, 22]}, "311;22": {"type": "tropic", "variant": 5, "pos": [311, 22]}, "310;22": {"type": "tropic", "variant": 5, "pos": [310, 22]}, "309;22": {"type": "tropic", "variant": 5, "pos": [309, 22]}, "308;22": {"type": "tropic", "variant": 6, "pos": [308, 22]}, "308;21": {"type": "tropic", "variant": 0, "pos": [308, 21]}, "309;21": {"type": "tropic", "variant": 1, "pos": [309, 21]}, "310;21": {"type": "decor/fireswing", "variant": 0, "pos": [310, 21]}, "311;21": {"type": "tropic", "variant": 1, "pos": [311, 21]}, "260;10": {"type": "tropic", "variant": 1, "pos": [260, 10]}, "261;10": {"type": "tropic", "variant": 1, "pos": [261, 10]}, "262;10": {"type": "tropic", "variant": 2, "pos": [262, 10]}, "262;11": {"type": "tropic", "variant": 4, "pos": [262, 11]}, "261;11": {"type": "tropic", "variant": 5, "pos": [261, 11]}, "260;11": {"type": "tropic", "variant": 5, "pos": [260, 11]}, "277;4": {"type": "tropic", "variant": 4, "pos": [277, 4]}, "276;4": {"type": "tropic", "variant": 5, "pos": [276, 4]}, "275;4": {"type": "decor/fireswing", "variant": 0, "pos": [275, 4]}, "274;4": {"type": "tropic", "variant": 5, "pos": [274, 4]}, "273;4": {"type": "tropic", "variant": 6, "pos": [273, 4]}, "284;4": {"type": "tropic", "variant": 5, "pos": [284, 4]}, "287;4": {"type": "tropic", "variant": 4, "pos": [287, 4]}, "286;4": {"type": "tropic", "variant": 5, "pos": [286, 4]}, "285;4": {"type": "decor/fireswing", "variant": 0, "pos": [285, 4]}, "283;4": {"type": "tropic", "variant": 6, "pos": [283, 4]}, "273;3": {"type": "tropic", "variant": 0, "pos": [273, 3]}, "274;3": {"type": "tropic", "variant": 1, "pos": [274, 3]}, "275;3": {"type": "tropic", "variant": 1, "pos": [275, 3]}, "276;3": {"type": "tropic", "variant": 1, "pos": [276, 3]}, "277;3": {"type": "tropic", "variant": 2, "pos": [277, 3]}, "283;3": {"type": "tropic", "variant": 0, "pos": [283, 3]}, "284;3": {"type": "tropic", "variant": 1, "pos": [284, 3]}, "285;3": {"type": "tropic", "variant": 1, "pos": [285, 3]}, "286;3": {"type": "tropic", "variant": 1, "pos": [286, 3]}, "287;3": {"type": "tropic", "variant": 2, "pos": [287, 3]}, "267;4": {"type": "tropic", "variant": 4, "pos": [267, 4]}, "267;3": {"type": "tropic", "variant": 2, "pos": [267, 3]}, "266;3": {"type": "tropic", "variant": 1, "pos": [266, 3]}, "265;3": {"type": "tropic", "variant": 1, "pos": [265, 3]}, "264;3": {"type": "tropic", "variant": 1, "pos": [264, 3]}, "263;3": {"type": "tropic", "variant": 0, "pos": [263, 3]}, "263;4": {"type": "tropic", "variant": 6, "pos": [263, 4]}, "264;4": {"type": "tropic", "variant": 5, "pos": [264, 4]}, "265;4": {"type": "decor/fireswing", "variant": 0, "pos": [265, 4]}, "266;4": {"type": "tropic", "variant": 5, "pos": [266, 4]}, "293;8": {"type": "tropic", "variant": 6, "pos": [293, 8]}, "293;7": {"type": "tropic", "variant": 0, "pos": [293, 7]}, "294;7": {"type": "tropic", "variant": 1, "pos": [294, 7]}, "295;7": {"type": "tropic", "variant": 1, "pos": [295, 7]}, "296;7": {"type": "tropic", "variant": 1, "pos": [296, 7]}, "297;7": {"type": "tropic", "variant": 2, "pos": [297, 7]}, "297;8": {"type": "tropic", "variant": 4, "pos": [297, 8]}, "296;8": {"type": "tropic", "variant": 5, "pos": [296, 8]}, "295;8": {"type": "decor/fireswing", "variant": 0, "pos": [295, 8]}, "294;8": {"type": "tropic", "variant": 5, "pos": [294, 8]}, "303;10": {"type": "tropic", "variant": 0, "pos": [303, 10]}, "303;11": {"type": "tropic", "variant": 6, "pos": [303, 11]}, "304;11": {"type": "tropic", "variant": 5, "pos": [304, 11]}, "305;11": {"type": "decor/fireswing", "variant": 0, "pos": [305, 11]}, "306;11": {"type": "tropic", "variant": 5, "pos": [306, 11]}, "307;11": {"type": "tropic", "variant": 4, "pos": [307, 11]}, "307;10": {"type": "tropic", "variant": 2, "pos": [307, 10]}, "306;10": {"type": "tropic", "variant": 1, "pos": [306, 10]}, "305;10": {"type": "tropic", "variant": 1, "pos": [305, 10]}, "304;10": {"type": "tropic", "variant": 1, "pos": [304, 10]}, "160;18": {"type": "decor/tree", "variant": 0, "pos": [160, 18]}, "159;18": {"type": "decor/tree", "variant": 0, "pos": [159, 18]}, "130;2": {"type": "decor/tree", "variant": 0, "pos": [130, 2]}, "128;2": {"type": "decor/tree", "variant": 0, "pos": [128, 2]}, "137;2": {"type": "decor/tree", "variant": 0, "pos": [137, 2]}, "148;2": {"type": "decor/tree", "variant": 0, "pos": [148, 2]}, "82;9": {"type": "decor/tree", "variant": 0, "pos": [82, 9]}, "81;9": {"type": "decor/tree", "variant": 0, "pos": [81, 9]}, "129;1": {"type": "decor/tree", "variant": 2, "pos": [129, 1]}, "138;1": {"type": "decor/tree", "variant": 2, "pos": [138, 1]}, "149;1": {"type": "decor/tree", "variant": 2, "pos": [149, 1]}, "150;1": {"type": "decor/tree", "variant": 2, "pos": [150, 1]}, "263;1": {"type": "decor/tropic_tree", "variant": 4, "pos": [263, 1]}, "264;1": {"type": "decor/tropic_tree", "variant": 5, "pos": [264, 1]}, "263;2": {"type": "decor/tropic_tree", "variant": 11, "pos": [263, 2]}, "262;1": {"type": "decor/tropic_tree", "variant": 3, "pos": [262, 1]}, "264;0": {"type": "decor/tropic_tree", "variant": 2, "pos": [264, 0]}, "263;0": {"type": "decor/tropic_tree", "variant": 1, "pos": [263, 0]}, "262;0": {"type": "decor/tropic_tree", "variant": 0, "pos": [262, 0]}, "329;19": {"type": "decor/tree", "variant": 2, "pos": [329, 19]}, "266;2": {"type": "decor/fence", "variant": 2, "pos": [266, 2]}, "265;2": {"type": "decor/fence", "variant": 0, "pos": [265, 2]}, "264;2": {"type": "decor/tropic_tree", "variant": 12, "pos": [264, 2]}, "61;9": {"type": "reward/food", "variant": 1, "pos": [61, 9]}, "67;9": {"type": "reward/food", "variant": 1, "pos": [67, 9]}, "79;9": {"type": "reward/food", "variant": 1, "pos": [79, 9]}, "96;9": {"type": "reward/food", "variant": 1, "pos": [96, 9]}, "102;9": {"type": "reward/food", "variant": 1, "pos": [102, 9]}, "112;9": {"type": "reward/food", "variant": 1, "pos": [112, 9]}, "137;7": {"type": "reward/food", "variant": 0, "pos": [137, 7]}, "138;7": {"type": "reward/food", "variant": 0, "pos": [138, 7]}, "139;7": {"type": "reward/food", "variant": 0, "pos": [139, 7]}, "140;7": {"type": "reward/food", "variant": 0, "pos": [140, 7]}, "148;7": {"type": "reward/food", "variant": 0, "pos": [148, 7]}, "149;7": {"type": "reward/food", "variant": 0, "pos": [149, 7]}, "150;7": {"type": "reward/food", "variant": 0, "pos": [150, 7]}, "151;7": {"type": "reward/food", "variant": 0, "pos": [151, 7]}, "128;7": {"type": "reward/food", "variant": 0, "pos": [128, 7]}, "129;7": {"type": "reward/food", "variant": 0, "pos": [129, 7]}, "130;7": {"type": "reward/food", "variant": 0, "pos": [130, 7]}, "131;7": {"type": "reward/food", "variant": 0, "pos": [131, 7]}, "127;7": {"type": "reward/food", "variant": 0, "pos": [127, 7]}, "147;7": {"type": "reward/food", "variant": 0, "pos": [147, 7]}, "162;9": {"type": "reward/food", "variant": 1, "pos": [162, 9]}, "314;16": {"type": "reward/food", "variant": 0, "pos": [314, 16]}, "315;16": {"type": "reward/food", "variant": 0, "pos": [315, 16]}, "316;16": {"type": "reward/food", "variant": 0, "pos": [316, 16]}, "324;16": {"type": "reward/food", "variant": 0, "pos": [324, 16]}, "325;16": {"type": "reward/food", "variant": 0, "pos": [325, 16]}, "326;16": {"type": "reward/food", "variant": 0, "pos": [326, 16]}, "35;11": {"type": "tropic", "variant": 6, "pos": [35, 11]}, "36;11": {"type": "tropic", "variant": 5, "pos": [36, 11]}, "37;11": {"type": "tropic", "variant": 5, "pos": [37, 11]}, "38;11": {"type": "tropic", "variant": 5, "pos": [38, 11]}, "39;11": {"type": "tropic", "variant": 4, "pos": [39, 11]}, "39;10": {"type": "tropic", "variant": 2, "pos": [39, 10]}, "38;10": {"type": "tropic", "variant": 1, "pos": [38, 10]}, "37;10": {"type": "decor/fireswing", "variant": 0, "pos": [37, 10]}, "36;10": {"type": "tropic", "variant": 1, "pos": [36, 10]}, "35;10": {"type": "tropic", "variant": 0, "pos": [35, 10]}, "47;11": {"type": "tropic", "variant": 6, "pos": [47, 11]}, "48;11": {"type": "tropic", "variant": 5, "pos": [48, 11]}, "48;10": {"type": "tropic", "variant": 1, "pos": [48, 10]}, "59;10": {"type": "tropic", "variant": 0, "pos": [59, 10]}, "59;11": {"type": "tropic", "variant": 6, "pos": [59, 11]}, "60;11": {"type": "tropic", "variant": 5, "pos": [60, 11]}, "60;10": {"type": "tropic", "variant": 1, "pos": [60, 10]}, "30;3": {"type": "tropic", "variant": 0, "pos": [30, 3]}, "30;4": {"type": "tropic", "variant": 6, "pos": [30, 4]}, "31;4": {"type": "decor/fireswing", "variant": 0, "pos": [31, 4]}, "32;4": {"type": "tropic", "variant": 4, "pos": [32, 4]}, "32;3": {"type": "tropic", "variant": 2, "pos": [32, 3]}, "31;3": {"type": "tropic", "variant": 1, "pos": [31, 3]}, "42;4": {"type": "tropic", "variant": 6, "pos": [42, 4]}, "43;4": {"type": "decor/fireswing", "variant": 0, "pos": [43, 4]}, "44;4": {"type": "tropic", "variant": 4, "pos": [44, 4]}, "43;3": {"type": "tropic", "variant": 1, "pos": [43, 3]}, "42;3": {"type": "tropic", "variant": 0, "pos": [42, 3]}, "44;3": {"type": "tropic", "variant": 2, "pos": [44, 3]}, "54;3": {"type": "tropic", "variant": 0, "pos": [54, 3]}, "54;4": {"type": "tropic", "variant": 6, "pos": [54, 4]}, "55;4": {"type": "decor/fireswing", "variant": 0, "pos": [55, 4]}, "55;3": {"type": "tropic", "variant": 1, "pos": [55, 3]}, "56;3": {"type": "tropic", "variant": 2, "pos": [56, 3]}, "56;4": {"type": "tropic", "variant": 4, "pos": [56, 4]}, "92;10": {"type": "tropic", "variant": 1, "pos": [92, 10]}, "83;1": {"type": "tropic", "variant": 5, "pos": [83, 1]}, "82;1": {"type": "tropic", "variant": 6, "pos": [82, 1]}, "82;0": {"type": "tropic", "variant": 0, "pos": [82, 0]}, "83;0": {"type": "tropic", "variant": 1, "pos": [83, 0]}, "84;1": {"type": "tropic", "variant": 8, "pos": [84, 1]}, "84;0": {"type": "tropic", "variant": 1, "pos": [84, 0]}, "111;0": {"type": "tropic", "variant": 1, "pos": [111, 0]}, "112;0": {"type": "tropic", "variant": 2, "pos": [112, 0]}, "112;1": {"type": "tropic", "variant": 4, "pos": [112, 1]}, "111;1": {"type": "tropic", "variant": 5, "pos": [111, 1]}, "140;3": {"type": "tropic", "variant": 1, "pos": [140, 3]}, "140;4": {"type": "tropic", "variant": 5, "pos": [140, 4]}, "142;3": {"type": "tropic", "variant": 2, "pos": [142, 3]}, "142;4": {"type": "tropic", "variant": 4, "pos": [142, 4]}, "141;4": {"type": "decor/fireswing", "variant": 0, "pos": [141, 4]}, "141;3": {"type": "tropic", "variant": 1, "pos": [141, 3]}, "122;3": {"type": "tropic", "variant": 2, "pos": [122, 3]}, "122;4": {"type": "tropic", "variant": 4, "pos": [122, 4]}, "121;4": {"type": "decor/fireswing", "variant": 0, "pos": [121, 4]}, "120;4": {"type": "tropic", "variant": 6, "pos": [120, 4]}, "120;3": {"type": "tropic", "variant": 0, "pos": [120, 3]}, "121;3": {"type": "tropic", "variant": 1, "pos": [121, 3]}, "351;21": {"type": "tropic", "variant": 1, "pos": [351, 21]}, "352;21": {"type": "tropic", "variant": 1, "pos": [352, 21]}, "353;21": {"type": "tropic", "variant": 2, "pos": [353, 21]}, "351;22": {"type": "tropic", "variant": 5, "pos": [351, 22]}, "352;22": {"type": "tropic", "variant": 5, "pos": [352, 22]}, "353;22": {"type": "tropic", "variant": 4, "pos": [353, 22]}, "170;9": {"type": "tropic", "variant": 7, "pos": [170, 9]}, "170;8": {"type": "tropic", "variant": 7, "pos": [170, 8]}, "170;7": {"type": "tropic", "variant": 0, "pos": [170, 7]}, "171;7": {"type": "tropic", "variant": 1, "pos": [171, 7]}, "171;8": {"type": "tropic", "variant": 8, "pos": [171, 8]}, "171;9": {"type": "tropic", "variant": 8, "pos": [171, 9]}, "172;9": {"type": "tropic", "variant": 8, "pos": [172, 9]}, "172;8": {"type": "tropic", "variant": 8, "pos": [172, 8]}, "172;7": {"type": "tropic", "variant": 1, "pos": [172, 7]}, "173;7": {"type": "tropic", "variant": 1, "pos": [173, 7]}, "173;8": {"type": "tropic", "variant": 8, "pos": [173, 8]}, "173;9": {"type": "tropic", "variant": 8, "pos": [173, 9]}, "174;9": {"type": "tropic", "variant": 8, "pos": [174, 9]}, "174;8": {"type": "tropic", "variant": 8, "pos": [174, 8]}, "174;7": {"type": "tropic", "variant": 8, "pos": [174, 7]}, "174;6": {"type": "tropic", "variant": 7, "pos": [174, 6]}, "174;5": {"type": "tropic", "variant": 7, "pos": [174, 5]}, "174;4": {"type": "tropic", "variant": 0, "pos": [174, 4]}, "175;4": {"type": "tropic", "variant": 1, "pos": [175, 4]}, "176;4": {"type": "tropic", "variant": 1, "pos": [176, 4]}, "177;4": {"type": "tropic", "variant": 1, "pos": [177, 4]}, "177;5": {"type": "tropic", "variant": 8, "pos": [177, 5]}, "177;6": {"type": "tropic", "variant": 8, "pos": [177, 6]}, "177;7": {"type": "tropic", "variant": 8, "pos": [177, 7]}, "177;8": {"type": "tropic", "variant": 8, "pos": [177, 8]}, "175;8": {"type": "tropic", "variant": 8, "pos": [175, 8]}, "175;7": {"type": "tropic", "variant": 8, "pos": [175, 7]}, "175;6": {"type": "tropic", "variant": 8, "pos": [175, 6]}, "175;5": {"type": "tropic", "variant": 8, "pos": [175, 5]}, "175;9": {"type": "tropic", "variant": 8, "pos": [175, 9]}, "176;5": {"type": "tropic", "variant": 8, "pos": [176, 5]}, "176;6": {"type": "tropic", "variant": 8, "pos": [176, 6]}, "176;7": {"type": "tropic", "variant": 8, "pos": [176, 7]}, "176;8": {"type": "tropic", "variant": 8, "pos": [176, 8]}, "176;9": {"type": "tropic", "variant": 8, "pos": [176, 9]}, "177;9": {"type": "tropic", "variant": 19, "pos": [177, 9]}, "178;4": {"type": "tropic", "variant": 8, "pos": [178, 4]}, "178;3": {"type": "tropic", "variant": 7, "pos": [178, 3]}, "178;2": {"type": "tropic", "variant": 7, "pos": [178, 2]}, "178;1": {"type": "tropic", "variant": 0, "pos": [178, 1]}, "179;1": {"type": "tropic", "variant": 1, "pos": [179, 1]}, "180;1": {"type": "tropic", "variant": 1, "pos": [180, 1]}, "181;1": {"type": "tropic", "variant": 1, "pos": [181, 1]}, "181;2": {"type": "tropic", "variant": 8, "pos": [181, 2]}, "181;3": {"type": "tropic", "variant": 8, "pos": [181, 3]}, "181;4": {"type": "tropic", "variant": 19, "pos": [181, 4]}, "181;5": {"type": "tropic", "variant": 8, "pos": [181, 5]}, "181;6": {"type": "tropic", "variant": 8, "pos": [181, 6]}, "181;7": {"type": "tropic", "variant": 8, "pos": [181, 7]}, "182;7": {"type": "tropic", "variant": 8, "pos": [182, 7]}, "182;8": {"type": "tropic", "variant": 8, "pos": [182, 8]}, "182;9": {"type": "tropic", "variant": 8, "pos": [182, 9]}, "181;9": {"type": "tropic", "variant": 8, "pos": [181, 9]}, "180;9": {"type": "tropic", "variant": 8, "pos": [180, 9]}, "179;9": {"type": "tropic", "variant": 8, "pos": [179, 9]}, "178;9": {"type": "tropic", "variant": 8, "pos": [178, 9]}, "178;5": {"type": "tropic", "variant": 8, "pos": [178, 5]}, "179;4": {"type": "tropic", "variant": 8, "pos": [179, 4]}, "179;3": {"type": "tropic", "variant": 8, "pos": [179, 3]}, "179;2": {"type": "tropic", "variant": 8, "pos": [179, 2]}, "179;5": {"type": "tropic", "variant": 8, "pos": [179, 5]}, "179;6": {"type": "tropic", "variant": 8, "pos": [179, 6]}, "179;7": {"type": "tropic", "variant": 8, "pos": [179, 7]}, "179;8": {"type": "tropic", "variant": 8, "pos": [179, 8]}, "178;8": {"type": "tropic", "variant": 8, "pos": [178, 8]}, "178;7": {"type": "tropic", "variant": 19, "pos": [178, 7]}, "178;6": {"type": "tropic", "variant": 8, "pos": [178, 6]}, "180;3": {"type": "tropic", "variant": 8, "pos": [180, 3]}, "180;2": {"type": "tropic", "variant": 8, "pos": [180, 2]}, "180;4": {"type": "tropic", "variant": 8, "pos": [180, 4]}, "180;5": {"type": "tropic", "variant": 8, "pos": [180, 5]}, "180;6": {"type": "tropic", "variant": 8, "pos": [180, 6]}, "181;8": {"type": "tropic", "variant": 8, "pos": [181, 8]}, "180;8": {"type": "tropic", "variant": 8, "pos": [180, 8]}, "180;7": {"type": "tropic", "variant": 8, "pos": [180, 7]}, "182;6": {"type": "tropic", "variant": 19, "pos": [182, 6]}, "182;5": {"type": "tropic", "variant": 8, "pos": [182, 5]}, "182;4": {"type": "tropic", "variant": 8, "pos": [182, 4]}, "182;3": {"type": "tropic", "variant": 8, "pos": [182, 3]}, "182;2": {"type": "tropic", "variant": 8, "pos": [182, 2]}, "182;1": {"type": "tropic", "variant": 8, "pos": [182, 1]}, "183;1": {"type": "tropic", "variant": 8, "pos": [183, 1]}, "183;0": {"type": "tropic", "variant": 8, "pos": [183, 0]}, "183;-1": {"type": "tropic", "variant": 8, "pos": [183, -1]}, "182;-1": {"type": "tropic", "variant": 7, "pos": [182, -1]}, "182;0": {"type": "tropic", "variant": 7, "pos": [182, 0]}, "182;-2": {"type": "decor/fireswing", "variant": 0, "pos": [182, -2]}, "182;-3": {"type": "tropic", "variant": 7, "pos": [182, -3]}, "182;-4": {"type": "tropic", "variant": 7, "pos": [182, -4]}, "182;-5": {"type": "tropic", "variant": 7, "pos": [182, -5]}, "182;-6": {"type": "tropic", "variant": 7, "pos": [182, -6]}, "182;-7": {"type": "tropic", "variant": 7, "pos": [182, -7]}, "182;-8": {"type": "tropic", "variant": 0, "pos": [182, -8]}, "183;-8": {"type": "tropic", "variant": 1, "pos": [183, -8]}, "183;-7": {"type": "tropic", "variant": 8, "pos": [183, -7]}, "183;-6": {"type": "tropic", "variant": 8, "pos": [183, -6]}, "183;-5": {"type": "tropic", "variant": 8, "pos": [183, -5]}, "183;-4": {"type": "tropic", "variant": 8, "pos": [183, -4]}, "183;-3": {"type": "tropic", "variant": 8, "pos": [183, -3]}, "183;-2": {"type": "tropic", "variant": 8, "pos": [183, -2]}, "183;2": {"type": "tropic", "variant": 8, "pos": [183, 2]}, "183;3": {"type": "tropic", "variant": 8, "pos": [183, 3]}, "183;4": {"type": "tropic", "variant": 8, "pos": [183, 4]}, "183;5": {"type": "tropic", "variant": 8, "pos": [183, 5]}, "183;9": {"type": "tropic", "variant": 8, "pos": [183, 9]}, "183;8": {"type": "tropic", "variant": 8, "pos": [183, 8]}, "183;7": {"type": "tropic", "variant": 8, "pos": [183, 7]}, "183;6": {"type": "tropic", "variant": 8, "pos": [183, 6]}, "184;-8": {"type": "tropic", "variant": 8, "pos": [184, -8]}, "185;-8": {"type": "tropic", "variant": 8, "pos": [185, -8]}, "185;-7": {"type": "tropic", "variant": 8, "pos": [185, -7]}, "185;-6": {"type": "tropic", "variant": 8, "pos": [185, -6]}, "185;-5": {"type": "tropic", "variant": 8, "pos": [185, -5]}, "185;-4": {"type": "tropic", "variant": 8, "pos": [185, -4]}, "185;-3": {"type": "tropic", "variant": 8, "pos": [185, -3]}, "185;-2": {"type": "tropic", "variant": 8, "pos": [185, -2]}, "185;-1": {"type": "tropic", "variant": 8, "pos": [185, -1]}, "185;0": {"type": "tropic", "variant": 8, "pos": [185, 0]}, "185;1": {"type": "tropic", "variant": 8, "pos": [185, 1]}, "185;2": {"type": "tropic", "variant": 8, "pos": [185, 2]}, "185;3": {"type": "tropic", "variant": 8, "pos": [185, 3]}, "184;3": {"type": "tropic", "variant": 8, "pos": [184, 3]}, "184;4": {"type": "tropic", "variant": 8, "pos": [184, 4]}, "184;5": {"type": "tropic", "variant": 8, "pos": [184, 5]}, "184;6": {"type": "tropic", "variant": 8, "pos": [184, 6]}, "184;7": {"type": "tropic", "variant": 8, "pos": [184, 7]}, "184;8": {"type": "tropic", "variant": 8, "pos": [184, 8]}, "184;9": {"type": "tropic", "variant": 8, "pos": [184, 9]}, "185;9": {"type": "tropic", "variant": 8, "pos": [185, 9]}, "185;8": {"type": "tropic", "variant": 8, "pos": [185, 8]}, "185;7": {"type": "tropic", "variant": 8, "pos": [185, 7]}, "185;6": {"type": "tropic", "variant": 8, "pos": [185, 6]}, "185;5": {"type": "tropic", "variant": 8, "pos": [185, 5]}, "185;4": {"type": "tropic", "variant": 8, "pos": [185, 4]}, "184;-7": {"type": "tropic", "variant": 8, "pos": [184, -7]}, "184;-6": {"type": "tropic", "variant": 8, "pos": [184, -6]}, "184;-5": {"type": "tropic", "variant": 8, "pos": [184, -5]}, "184;-4": {"type": "tropic", "variant": 8, "pos": [184, -4]}, "184;-3": {"type": "tropic", "variant": 8, "pos": [184, -3]}, "184;-2": {"type": "tropic", "variant": 8, "pos": [184, -2]}, "184;-1": {"type": "tropic", "variant": 8, "pos": [184, -1]}, "184;0": {"type": "tropic", "variant": 8, "pos": [184, 0]}, "184;1": {"type": "tropic", "variant": 8, "pos": [184, 1]}, "184;2": {"type": "tropic", "variant": 8, "pos": [184, 2]}, "177;-5": {"type": "tropic", "variant": 4, "pos": [177, -5]}, "177;-6": {"type": "decor/fireswing", "variant": 0, "pos": [177, -6]}, "177;-7": {"type": "tropic", "variant": 3, "pos": [177, -7]}, "177;-8": {"type": "tropic", "variant": 3, "pos": [177, -8]}, "176;-8": {"type": "tropic", "variant": 8, "pos": [176, -8]}, "176;-7": {"type": "tropic", "variant": 8, "pos": [176, -7]}, "176;-6": {"type": "tropic", "variant": 8, "pos": [176, -6]}, "176;-5": {"type": "tropic", "variant": 5, "pos": [176, -5]}, "175;-5": {"type": "tropic", "variant": 5, "pos": [175, -5]}, "175;-6": {"type": "tropic", "variant": 8, "pos": [175, -6]}, "175;-7": {"type": "tropic", "variant": 8, "pos": [175, -7]}, "175;-8": {"type": "tropic", "variant": 8, "pos": [175, -8]}, "177;-9": {"type": "tropic", "variant": 3, "pos": [177, -9]}, "177;-10": {"type": "tropic", "variant": 3, "pos": [177, -10]}, "177;-11": {"type": "tropic", "variant": 3, "pos": [177, -11]}, "177;-12": {"type": "tropic", "variant": 3, "pos": [177, -12]}, "177;-13": {"type": "tropic", "variant": 8, "pos": [177, -13]}, "176;-13": {"type": "tropic", "variant": 8, "pos": [176, -13]}, "175;-13": {"type": "tropic", "variant": 1, "pos": [175, -13]}, "175;-12": {"type": "tropic", "variant": 8, "pos": [175, -12]}, "175;-11": {"type": "tropic", "variant": 8, "pos": [175, -11]}, "175;-10": {"type": "tropic", "variant": 8, "pos": [175, -10]}, "175;-9": {"type": "tropic", "variant": 8, "pos": [175, -9]}, "176;-9": {"type": "tropic", "variant": 8, "pos": [176, -9]}, "176;-10": {"type": "tropic", "variant": 8, "pos": [176, -10]}, "176;-11": {"type": "tropic", "variant": 8, "pos": [176, -11]}, "176;-12": {"type": "tropic", "variant": 8, "pos": [176, -12]}, "174;-5": {"type": "tropic", "variant": 6, "pos": [174, -5]}, "174;-6": {"type": "tropic", "variant": 7, "pos": [174, -6]}, "174;-8": {"type": "tropic", "variant": 7, "pos": [174, -8]}, "174;-9": {"type": "tropic", "variant": 7, "pos": [174, -9]}, "174;-10": {"type": "tropic", "variant": 7, "pos": [174, -10]}, "174;-11": {"type": "tropic", "variant": 7, "pos": [174, -11]}, "174;-12": {"type": "tropic", "variant": 7, "pos": [174, -12]}, "174;-13": {"type": "tropic", "variant": 0, "pos": [174, -13]}, "174;-7": {"type": "tropic", "variant": 7, "pos": [174, -7]}, "184;-9": {"type": "tropic", "variant": 7, "pos": [184, -9]}, "184;-10": {"type": "tropic", "variant": 7, "pos": [184, -10]}, "184;-11": {"type": "tropic", "variant": 7, "pos": [184, -11]}, "184;-12": {"type": "tropic", "variant": 7, "pos": [184, -12]}, "184;-13": {"type": "tropic", "variant": 7, "pos": [184, -13]}, "184;-14": {"type": "tropic", "variant": 7, "pos": [184, -14]}, "184;-15": {"type": "tropic", "variant": 7, "pos": [184, -15]}, "184;-16": {"type": "tropic", "variant": 7, "pos": [184, -16]}, "185;-17": {"type": "tropic", "variant": 8, "pos": [185, -17]}, "185;-16": {"type": "tropic", "variant": 8, "pos": [185, -16]}, "185;-15": {"type": "tropic", "variant": 8, "pos": [185, -15]}, "185;-14": {"type": "tropic", "variant": 8, "pos": [185, -14]}, "185;-13": {"type": "tropic", "variant": 8, "pos": [185, -13]}, "185;-12": {"type": "tropic", "variant": 8, "pos": [185, -12]}, "185;-11": {"type": "tropic", "variant": 8, "pos": [185, -11]}, "185;-10": {"type": "tropic", "variant": 8, "pos": [185, -10]}, "185;-9": {"type": "tropic", "variant": 8, "pos": [185, -9]}, "177;-14": {"type": "tropic", "variant": 8, "pos": [177, -14]}, "178;-14": {"type": "tropic", "variant": 8, "pos": [178, -14]}, "178;-13": {"type": "tropic", "variant": 5, "pos": [178, -13]}, "179;-13": {"type": "tropic", "variant": 4, "pos": [179, -13]}, "179;-14": {"type": "decor/fireswing", "variant": 0, "pos": [179, -14]}, "179;-15": {"type": "tropic", "variant": 3, "pos": [179, -15]}, "179;-16": {"type": "tropic", "variant": 3, "pos": [179, -16]}, "179;-17": {"type": "tropic", "variant": 3, "pos": [179, -17]}, "179;-18": {"type": "tropic", "variant": 2, "pos": [179, -18]}, "178;-18": {"type": "tropic", "variant": 1, "pos": [178, -18]}, "177;-18": {"type": "tropic", "variant": 1, "pos": [177, -18]}, "177;-17": {"type": "tropic", "variant": 8, "pos": [177, -17]}, "177;-16": {"type": "tropic", "variant": 8, "pos": [177, -16]}, "176;-16": {"type": "tropic", "variant": 7, "pos": [176, -16]}, "176;-15": {"type": "tropic", "variant": 7, "pos": [176, -15]}, "176;-14": {"type": "tropic", "variant": 7, "pos": [176, -14]}, "177;-15": {"type": "tropic", "variant": 8, "pos": [177, -15]}, "176;-17": {"type": "tropic", "variant": 7, "pos": [176, -17]}, "176;-18": {"type": "tropic", "variant": 0, "pos": [176, -18]}, "178;-16": {"type": "tropic", "variant": 8, "pos": [178, -16]}, "178;-15": {"type": "tropic", "variant": 8, "pos": [178, -15]}, "178;-17": {"type": "tropic", "variant": 8, "pos": [178, -17]}, "185;-18": {"type": "tropic", "variant": 1, "pos": [185, -18]}, "186;-18": {"type": "tropic", "variant": 1, "pos": [186, -18]}, "186;-17": {"type": "tropic", "variant": 8, "pos": [186, -17]}, "186;-16": {"type": "tropic", "variant": 8, "pos": [186, -16]}, "187;-18": {"type": "tropic", "variant": 2, "pos": [187, -18]}, "187;-17": {"type": "tropic", "variant": 3, "pos": [187, -17]}, "187;-16": {"type": "tropic", "variant": 3, "pos": [187, -16]}, "187;-15": {"type": "tropic", "variant": 3, "pos": [187, -15]}, "187;-14": {"type": "tropic", "variant": 3, "pos": [187, -14]}, "187;-13": {"type": "tropic", "variant": 3, "pos": [187, -13]}, "187;-12": {"type": "tropic", "variant": 3, "pos": [187, -12]}, "187;-11": {"type": "tropic", "variant": 3, "pos": [187, -11]}, "187;-10": {"type": "tropic", "variant": 3, "pos": [187, -10]}, "187;-9": {"type": "tropic", "variant": 3, "pos": [187, -9]}, "187;-8": {"type": "tropic", "variant": 3, "pos": [187, -8]}, "187;-7": {"type": "tropic", "variant": 3, "pos": [187, -7]}, "187;-6": {"type": "tropic", "variant": 3, "pos": [187, -6]}, "187;-5": {"type": "tropic", "variant": 3, "pos": [187, -5]}, "187;-4": {"type": "tropic", "variant": 3, "pos": [187, -4]}, "187;-3": {"type": "tropic", "variant": 3, "pos": [187, -3]}, "187;-2": {"type": "tropic", "variant": 3, "pos": [187, -2]}, "187;-1": {"type": "tropic", "variant": 3, "pos": [187, -1]}, "187;0": {"type": "tropic", "variant": 3, "pos": [187, 0]}, "187;1": {"type": "tropic", "variant": 3, "pos": [187, 1]}, "187;2": {"type": "tropic", "variant": 3, "pos": [187, 2]}, "187;3": {"type": "tropic", "variant": 3, "pos": [187, 3]}, "187;4": {"type": "tropic", "variant": 3, "pos": [187, 4]}, "187;5": {"type": "tropic", "variant": 3, "pos": [187, 5]}, "187;6": {"type": "tropic", "variant": 3, "pos": [187, 6]}, "187;7": {"type": "tropic", "variant": 3, "pos": [187, 7]}, "187;8": {"type": "tropic", "variant": 3, "pos": [187, 8]}, "187;9": {"type": "tropic", "variant": 3, "pos": [187, 9]}, "186;9": {"type": "tropic", "variant": 8, "pos": [186, 9]}, "186;8": {"type": "tropic", "variant": 8, "pos": [186, 8]}, "186;7": {"type": "tropic", "variant": 8, "pos": [186, 7]}, "186;6": {"type": "tropic", "variant": 8, "pos": [186, 6]}, "186;5": {"type": "tropic", "variant": 8, "pos": [186, 5]}, "186;4": {"type": "tropic", "variant": 8, "pos": [186, 4]}, "186;3": {"type": "tropic", "variant": 8, "pos": [186, 3]}, "186;2": {"type": "tropic", "variant": 8, "pos": [186, 2]}, "186;1": {"type": "tropic", "variant": 8, "pos": [186, 1]}, "186;0": {"type": "tropic", "variant": 8, "pos": [186, 0]}, "186;-7": {"type": "tropic", "variant": 8, "pos": [186, -7]}, "186;-6": {"type": "tropic", "variant": 8, "pos": [186, -6]}, "186;-5": {"type": "tropic", "variant": 8, "pos": [186, -5]}, "186;-4": {"type": "tropic", "variant": 8, "pos": [186, -4]}, "186;-3": {"type": "tropic", "variant": 8, "pos": [186, -3]}, "186;-2": {"type": "tropic", "variant": 8, "pos": [186, -2]}, "186;-1": {"type": "tropic", "variant": 8, "pos": [186, -1]}, "186;-14": {"type": "tropic", "variant": 8, "pos": [186, -14]}, "186;-13": {"type": "tropic", "variant": 8, "pos": [186, -13]}, "186;-12": {"type": "tropic", "variant": 8, "pos": [186, -12]}, "186;-11": {"type": "tropic", "variant": 8, "pos": [186, -11]}, "186;-10": {"type": "tropic", "variant": 8, "pos": [186, -10]}, "186;-9": {"type": "tropic", "variant": 8, "pos": [186, -9]}, "186;-8": {"type": "tropic", "variant": 8, "pos": [186, -8]}, "186;-15": {"type": "tropic", "variant": 8, "pos": [186, -15]}, "184;-18": {"type": "tropic", "variant": 0, "pos": [184, -18]}, "184;-17": {"type": "decor/fireswing", "variant": 0, "pos": [184, -17]}, "192;-18": {"type": "tropic", "variant": 0, "pos": [192, -18]}, "192;-17": {"type": "tropic", "variant": 6, "pos": [192, -17]}, "193;-17": {"type": "tropic", "variant": 5, "pos": [193, -17]}, "194;-17": {"type": "decor/fireswing", "variant": 0, "pos": [194, -17]}, "195;-17": {"type": "tropic", "variant": 5, "pos": [195, -17]}, "195;-18": {"type": "tropic", "variant": 1, "pos": [195, -18]}, "194;-18": {"type": "tropic", "variant": 1, "pos": [194, -18]}, "193;-18": {"type": "tropic", "variant": 1, "pos": [193, -18]}, "196;-18": {"type": "tropic", "variant": 2, "pos": [196, -18]}, "196;-17": {"type": "tropic", "variant": 4, "pos": [196, -17]}, "200;-18": {"type": "tropic", "variant": 0, "pos": [200, -18]}, "200;-17": {"type": "tropic", "variant": 6, "pos": [200, -17]}, "201;-17": {"type": "tropic", "variant": 5, "pos": [201, -17]}, "202;-17": {"type": "decor/fireswing", "variant": 0, "pos": [202, -17]}, "203;-17": {"type": "tropic", "variant": 5, "pos": [203, -17]}, "204;-17": {"type": "tropic", "variant": 4, "pos": [204, -17]}, "204;-18": {"type": "tropic", "variant": 2, "pos": [204, -18]}, "203;-18": {"type": "tropic", "variant": 1, "pos": [203, -18]}, "202;-18": {"type": "tropic", "variant": 1, "pos": [202, -18]}, "201;-18": {"type": "tropic", "variant": 1, "pos": [201, -18]}, "208;-18": {"type": "tropic", "variant": 0, "pos": [208, -18]}, "208;-17": {"type": "tropic", "variant": 6, "pos": [208, -17]}, "209;-17": {"type": "tropic", "variant": 5, "pos": [209, -17]}, "210;-17": {"type": "decor/fireswing", "variant": 0, "pos": [210, -17]}, "211;-17": {"type": "tropic", "variant": 5, "pos": [211, -17]}, "212;-17": {"type": "tropic", "variant": 4, "pos": [212, -17]}, "212;-18": {"type": "tropic", "variant": 2, "pos": [212, -18]}, "211;-18": {"type": "tropic", "variant": 1, "pos": [211, -18]}, "210;-18": {"type": "tropic", "variant": 1, "pos": [210, -18]}, "209;-18": {"type": "tropic", "variant": 1, "pos": [209, -18]}, "213;-13": {"type": "movingtile", "variant": 1, "pos": [213, -13]}, "214;-13": {"type": "movingtile", "variant": 1, "pos": [214, -13]}, "215;-13": {"type": "movingtile", "variant": 1, "pos": [215, -13]}, "216;-13": {"type": "movingtile", "variant": 1, "pos": [216, -13]}, "217;-13": {"type": "movingtile", "variant": 1, "pos": [217, -13]}, "218;-9": {"type": "movingtile", "variant": 5, "pos": [218, -9]}, "219;-9": {"type": "movingtile", "variant": 5, "pos": [219, -9]}, "220;-9": {"type": "movingtile", "variant": 5, "pos": [220, -9]}, "221;-9": {"type": "movingtile", "variant": 5, "pos": [221, -9]}, "222;-9": {"type": "movingtile", "variant": 5, "pos": [222, -9]}, "223;-5": {"type": "movingtile", "variant": 2, "pos": [223, -5]}, "225;-5": {"type": "movingtile", "variant": 2, "pos": [225, -5]}, "224;-5": {"type": "movingtile", "variant": 2, "pos": [224, -5]}, "226;-5": {"type": "movingtile", "variant": 2, "pos": [226, -5]}, "227;-5": {"type": "movingtile", "variant": 2, "pos": [227, -5]}, "228;-1": {"type": "movingtile", "variant": 0, "pos": [228, -1]}, "229;-1": {"type": "movingtile", "variant": 0, "pos": [229, -1]}, "230;-1": {"type": "movingtile", "variant": 0, "pos": [230, -1]}, "231;-1": {"type": "movingtile", "variant": 0, "pos": [231, -1]}, "232;-1": {"type": "movingtile", "variant": 0, "pos": [232, -1]}, "236;-4": {"type": "movingtile", "variant": 4, "pos": [236, -4]}, "237;-4": {"type": "movingtile", "variant": 4, "pos": [237, -4]}, "238;-4": {"type": "movingtile", "variant": 4, "pos": [238, -4]}, "239;-4": {"type": "movingtile", "variant": 4, "pos": [239, -4]}, "240;-4": {"type": "movingtile", "variant": 4, "pos": [240, -4]}, "244;-7": {"type": "movingtile", "variant": 2, "pos": [244, -7]}, "245;-7": {"type": "movingtile", "variant": 2, "pos": [245, -7]}, "246;-7": {"type": "movingtile", "variant": 2, "pos": [246, -7]}, "247;-7": {"type": "movingtile", "variant": 2, "pos": [247, -7]}, "248;-7": {"type": "movingtile", "variant": 2, "pos": [248, -7]}, "253;-4": {"type": "movingtile", "variant": 0, "pos": [253, -4]}, "254;-4": {"type": "movingtile", "variant": 0, "pos": [254, -4]}, "254;6": {"type": "movingtile", "variant": 2, "pos": [254, 6]}, "255;6": {"type": "movingtile", "variant": 2, "pos": [255, 6]}, "256;6": {"type": "movingtile", "variant": 2, "pos": [256, 6]}, "267;-3": {"type": "tropic", "variant": 0, "pos": [267, -3]}, "267;-2": {"type": "tropic", "variant": 6, "pos": [267, -2]}, "268;-2": {"type": "tropic", "variant": 5, "pos": [268, -2]}, "269;-2": {"type": "tropic", "variant": 5, "pos": [269, -2]}, "270;-2": {"type": "decor/fireswing", "variant": 0, "pos": [270, -2]}, "271;-2": {"type": "tropic", "variant": 5, "pos": [271, -2]}, "272;-2": {"type": "tropic", "variant": 5, "pos": [272, -2]}, "273;-2": {"type": "tropic", "variant": 5, "pos": [273, -2]}, "274;-2": {"type": "tropic", "variant": 5, "pos": [274, -2]}, "275;-2": {"type": "tropic", "variant": 5, "pos": [275, -2]}, "276;-2": {"type": "tropic", "variant": 5, "pos": [276, -2]}, "277;-2": {"type": "tropic", "variant": 5, "pos": [277, -2]}, "278;-2": {"type": "tropic", "variant": 5, "pos": [278, -2]}, "279;-2": {"type": "tropic", "variant": 5, "pos": [279, -2]}, "280;-2": {"type": "decor/fireswing", "variant": 0, "pos": [280, -2]}, "281;-2": {"type": "tropic", "variant": 5, "pos": [281, -2]}, "282;-2": {"type": "tropic", "variant": 5, "pos": [282, -2]}, "283;-2": {"type": "tropic", "variant": 4, "pos": [283, -2]}, "283;-3": {"type": "tropic", "variant": 2, "pos": [283, -3]}, "282;-3": {"type": "tropic", "variant": 1, "pos": [282, -3]}, "281;-3": {"type": "tropic", "variant": 1, "pos": [281, -3]}, "280;-3": {"type": "tropic", "variant": 1, "pos": [280, -3]}, "279;-3": {"type": "tropic", "variant": 1, "pos": [279, -3]}, "278;-3": {"type": "tropic", "variant": 1, "pos": [278, -3]}, "277;-3": {"type": "tropic", "variant": 1, "pos": [277, -3]}, "276;-3": {"type": "tropic", "variant": 1, "pos": [276, -3]}, "268;-3": {"type": "tropic", "variant": 1, "pos": [268, -3]}, "269;-3": {"type": "tropic", "variant": 1, "pos": [269, -3]}, "270;-3": {"type": "tropic", "variant": 1, "pos": [270, -3]}, "271;-3": {"type": "tropic", "variant": 1, "pos": [271, -3]}, "272;-3": {"type": "tropic", "variant": 1, "pos": [272, -3]}, "273;-3": {"type": "tropic", "variant": 1, "pos": [273, -3]}, "274;-3": {"type": "tropic", "variant": 1, "pos": [274, -3]}, "275;-3": {"type": "tropic", "variant": 1, "pos": [275, -3]}, "313;13": {"type": "tropic", "variant": 0, "pos": [313, 13]}, "314;13": {"type": "tropic", "variant": 1, "pos": [314, 13]}, "315;13": {"type": "tropic", "variant": 1, "pos": [315, 13]}, "316;13": {"type": "tropic", "variant": 1, "pos": [316, 13]}, "316;14": {"type": "tropic", "variant": 5, "pos": [316, 14]}, "315;14": {"type": "decor/fireswing", "variant": 0, "pos": [315, 14]}, "314;14": {"type": "tropic", "variant": 5, "pos": [314, 14]}, "313;14": {"type": "tropic", "variant": 6, "pos": [313, 14]}, "317;13": {"type": "tropic", "variant": 2, "pos": [317, 13]}, "317;14": {"type": "tropic", "variant": 4, "pos": [317, 14]}, "194;-22": {"type": "decor/fireswing", "variant": 0, "pos": [194, -22]}, "202;-22": {"type": "decor/fireswing", "variant": 0, "pos": [202, -22]}, "210;-22": {"type": "decor/fireswing", "variant": 0, "pos": [210, -22]}, "85;0": {"type": "tropic", "variant": 2, "pos": [85, 0]}, "85;1": {"type": "tropic", "variant": 3, "pos": [85, 1]}, "85;2": {"type": "tropic", "variant": 3, "pos": [85, 2]}, "85;3": {"type": "tropic", "variant": 3, "pos": [85, 3]}, "85;4": {"type": "tropic", "variant": 3, "pos": [85, 4]}, "84;6": {"type": "tropic", "variant": 6, "pos": [84, 6]}, "70;17": {"type": "decor/firehole", "variant": 0, "pos": [70, 17]}, "120;18": {"type": "decor/firehole", "variant": 0, "pos": [120, 18]}, "217;-18": {"type": "decor/fireswing", "variant": 0, "pos": [217, -18]}, "222;-13": {"type": "decor/fireswing", "variant": 0, "pos": [222, -13]}, "227;-9": {"type": "decor/fireswing", "variant": 0, "pos": [227, -9]}, "232;-9": {"type": "decor/fireswing", "variant": 0, "pos": [232, -9]}, "237;-13": {"type": "decor/fireswing", "variant": 0, "pos": [237, -13]}, "242;-13": {"type": "decor/fireswing", "variant": 0, "pos": [242, -13]}, "247;-13": {"type": "decor/fireswing", "variant": 0, "pos": [247, -13]}, "252;-13": {"type": "decor/fireswing", "variant": 0, "pos": [252, -13]}, "256;-9": {"type": "decor/fireswing", "variant": 0, "pos": [256, -9]}, "261;-9": {"type": "decor/fireswing", "variant": 0, "pos": [261, -9]}, "258;-4": {"type": "movingtile", "variant": 0, "pos": [258, -4]}, "257;-4": {"type": "movingtile", "variant": 0, "pos": [257, -4]}, "259;-4": {"type": "movingtile", "variant": 0, "pos": [259, -4]}, "262;-4": {"type": "movingtile", "variant": 0, "pos": [262, -4]}, "263;-4": {"type": "movingtile", "variant": 0, "pos": [263, -4]}, "261;-4": {"type": "movingtile", "variant": 0, "pos": [261, -4]}, "255;-4": {"type": "movingtile", "variant": 0, "pos": [255, -4]}, "309;6": {"type": "reward/food", "variant": 0, "pos": [309, 6]}, "310;7": {"type": "reward/food", "variant": 0, "pos": [310, 7]}, "311;8": {"type": "reward/food", "variant": 0, "pos": [311, 8]}, "312;9": {"type": "reward/food", "variant": 0, "pos": [312, 9]}, "299;3": {"type": "reward/food", "variant": 0, "pos": [299, 3]}, "300;4": {"type": "reward/food", "variant": 0, "pos": [300, 4]}, "301;5": {"type": "reward/food", "variant": 0, "pos": [301, 5]}, "302;6": {"type": "reward/food", "variant": 0, "pos": [302, 6]}, "289;-1": {"type": "reward/food", "variant": 0, "pos": [289, -1]}, "290;0": {"type": "reward/food", "variant": 0, "pos": [290, 0]}, "291;1": {"type": "reward/food", "variant": 0, "pos": [291, 1]}, "292;2": {"type": "reward/food", "variant": 0, "pos": [292, 2]}, "240;-8": {"type": "reward/food", "variant": 0, "pos": [240, -8]}, "241;-9": {"type": "reward/food", "variant": 0, "pos": [241, -9]}, "242;-10": {"type": "reward/food", "variant": 0, "pos": [242, -10]}, "250;-10": {"type": "reward/food", "variant": 0, "pos": [250, -10]}, "251;-9": {"type": "reward/food", "variant": 0, "pos": [251, -9]}, "252;-8": {"type": "reward/food", "variant": 0, "pos": [252, -8]}, "222;-14": {"type": "reward/food", "variant": 1, "pos": [222, -14]}, "227;-10": {"type": "reward/food", "variant": 1, "pos": [227, -10]}, "232;-10": {"type": "reward/food", "variant": 1, "pos": [232, -10]}, "268;-4": {"type": "reward/food", "variant": 1, "pos": [268, -4]}, "269;-4": {"type": "reward/food", "variant": 1, "pos": [269, -4]}, "274;2": {"type": "reward/food", "variant": 1, "pos": [274, 2]}, "9;8": {"type": "decor/tree", "variant": 2, "pos": [9, 8]}, "11;8": {"type": "decor/tree", "variant": 2, "pos": [11, 8]}, "10;8": {"type": "decor/tree", "variant": 2, "pos": [10, 8]}, "12;8": {"type": "decor/tree", "variant": 2, "pos": [12, 8]}, "19;8": {"type": "decor/tree", "variant": 2, "pos": [19, 8]}, "20;8": {"type": "decor/tree", "variant": 2, "pos": [20, 8]}, "21;8": {"type": "decor/tree", "variant": 2, "pos": [21, 8]}, "30;1": {"type": "decor/tree", "variant": 2, "pos": [30, 1]}, "31;1": {"type": "decor/tree", "variant": 2, "pos": [31, 1]}, "42;1": {"type": "decor/tree", "variant": 2, "pos": [42, 1]}, "43;1": {"type": "decor/tree", "variant": 2, "pos": [43, 1]}, "54;1": {"type": "decor/tree", "variant": 2, "pos": [54, 1]}, "55;1": {"type": "decor/tree", "variant": 2, "pos": [55, 1]}, "74;8": {"type": "decor/tree", "variant": 2, "pos": [74, 8]}, "186;-19": {"type": "reward/food", "variant": 1, "pos": [186, -19]}, "185;-19": {"type": "reward/food", "variant": 1, "pos": [185, -19]}, "193;-19": {"type": "reward/food", "variant": 1, "pos": [193, -19]}, "195;-19": {"type": "reward/food", "variant": 1, "pos": [195, -19]}, "203;-19": {"type": "reward/food", "variant": 1, "pos": [203, -19]}, "209;-19": {"type": "reward/food", "variant": 1, "pos": [209, -19]}, "211;-19": {"type": "reward/food", "variant": 1, "pos": [211, -19]}, "217;-19": {"type": "reward/food", "variant": 1, "pos": [217, -19]}, "282;-4": {"type": "reward/food", "variant": 1, "pos": [282, -4]}, "281;-4": {"type": "reward/food", "variant": 1, "pos": [281, -4]}, "304;9": {"type": "reward/food", "variant": 1, "pos": [304, 9]}, "306;9": {"type": "reward/food", "variant": 1, "pos": [306, 9]}, "314;12": {"type": "reward/food", "variant": 1, "pos": [314, 12]}, "316;12": {"type": "reward/food", "variant": 1, "pos": [316, 12]}, "319;20": {"type": "reward/food", "variant": 1, "pos": [319, 20]}, "321;20": {"type": "reward/food", "variant": 1, "pos": [321, 20]}}, "tile_size": 16, "offgrid": [{"type": "spawners", "variant": 0, "pos": [88.4, 137.6]}, {"type": "spawners", "variant": 1, "pos": [1219.5, 141.5]}, {"type": "spawners", "variant": 1, "pos": [4166.0, 142.5]}, {"type": "spawners", "variant": 1, "pos": [4954.5, 318.0]}, {"type": "largedecor", "variant": 0, "pos": [236.5, 143.5]}, {"type": "largedecor", "variant": 0, "pos": [5339.5, 319.0]}, {"type": "largedecor", "variant": 0, "pos": [5398.5, 319.0]}, {"type": "spawners", "variant": 1, "pos": [2739.0, 93.5]}, {"type": "spawners", "variant": 1, "pos": [3207.5, -306.5]}, {"type": "spawners", "variant": 1, "pos": [4720.0, 93.5]}, {"type": "checkpoint", "variant": 0, "pos": [4394.5, -81.5]}, {"type": "spawners", "variant": 1, "pos": [4413.5, 28.0]}, {"type": "spawners", "variant": 3, "pos": [2662.0, 133.5]}, {"type": "checkpoint", "variant": 0, "pos": [2795.5, 33.0]}, {"type": "spawners", "variant": 3, "pos": [1561.5, 134.0]}, {"type": "checkpoint", "variant": 0, "pos": [1775.5, -31.0]}, {"type": "building", "variant": 0, "pos": [1419.0, 1.0]}, {"type": "building", "variant": 2, "pos": [1499.5, 1.0]}, {"type": "building", "variant": 1, "pos": [1650.0, 1.5]}, {"type": "largedecor", "variant": 0, "pos": [1583.5, 62.0]}, {"type": "largedecor", "variant": 0, "pos": [2824.0, -305.0]}]}